rel,rel_ma4,rel_chg4,eff_per_video_s,log_lag,gini_s,n_channels_s,n_new_videos_s,growth_s,accel_s,eff_per_video_s_d4,log_lag_d4,n_channels_s_d4,n_new_videos_s_d4,gini_s_d4,bass_r2,log_qp,label,product
0.0,0.0,0.0,36.5,4.472072032835127,0.0,1.0,0.5,0.0,0.0,0.0,0.0,0.0,0.0,0.0,0.8788190409359685,5.891051431205939,0,달고나커피
0.0,0.0,0.0,35.0,5.146257439388239,0.0,1.0,0.3333333333333333,0.0,0.0,0.0,0.0,0.0,0.0,0.0,0.8788190409359685,5.891051431205939,0,달고나커피
0.0,0.0,0.0,28.666666666666668,5.811270032111428,0.0,1.0,0.3333333333333333,-0.2146118721461186,0.0,0.0,0.0,0.0,0.0,0.0,0.8788190409359685,5.891051431205939,0,달고나커피
0.0,0.0,0.0,23.33333333333333,6.3630787887182745,0.0871459694989106,1.6666666666666667,0.6666666666666666,-0.0095238095238096,0.0,0.0,0.0,0.0,0.0,0.0,0.8788190409359685,5.891051431205939,0,달고나커피
4.0,1.0,0.0,17.666666666666668,6.308637323474039,0.1710965867828612,2.333333333333333,0.6666666666666666,0.3604651162790697,0.5750769884251884,-0.5159817351598173,0.4106743534438548,1.3333333333333337,0.3333333333333332,0.0,0.8788190409359685,5.891051431205939,0,달고나커피
31.428571428571427,8.857142857142858,0.0,46.833333333333336,6.192290533542169,0.3988231612836293,3.333333333333333,0.6666666666666666,4.096153846153846,4.105677655677655,0.3380952380952382,0.2032609340815017,2.333333333333333,1.0,0.0,0.8788190409359685,5.891051431205939,0,달고나커피
100.0,33.85714285714286,0.0,66.125,5.302638111264763,0.5797628901709179,7.666666666666667,4.666666666666667,13.333333333333334,12.972868217054264,1.306686046511628,-0.0875250879818196,6.666666666666667,13.000000000000002,0.0,0.8788190409359685,5.891051431205939,1,달고나커피
100.0,58.85714285714286,0.0,80.09626436781609,4.828362254643834,0.7614040301740311,25.0,22.33333333333333,8.30754716981132,4.211393323657474,2.432697044334976,-0.2411908739516929,14.0,32.5,7.737111246247007,0.8788190409359685,5.891051431205939,1,달고나커피
100.0,82.85714285714286,24.0,58.48087975243149,3.4654624279088773,0.8068014437752247,49.0,35.0,3.713178294573643,-9.620155038759693,2.3102384765527253,-0.4506797188968033,20.0,51.5,3.715473633609867,0.8788190409359685,5.891051431205939,1,달고나커피
100.0,100.0,2.181818181818182,54.709213085764816,3.0643920648845477,0.8130145123750171,68.0,40.66666666666666,1.325765254409082,-6.981781915402238,0.1681682509415973,-0.5051278604765939,19.4,60.0,1.0385338448205848,0.8788190409359685,5.891051431205939,1,달고나커피
66.0,91.5,-0.3399999999999999,48.37650293481619,3.38747401593055,0.7977408370758988,76.33333333333333,31.666666666666668,0.4320597165991904,-3.2811185779744525,-0.2684082731974867,-0.3611719402962267,8.956521739130434,5.785714285714286,0.3759777498706749,0.8788190409359685,5.891051431205939,1,달고나커피
66.0,83.0,-0.3399999999999999,44.593848334514526,3.248531709775712,0.7838859462705398,77.33333333333333,26.33333333333333,-0.0708620238821581,-1.39662727829124,-0.4432468394564351,-0.3271980148856208,2.0933333333333333,0.1791044776119403,0.0295269202756518,0.8788190409359685,5.891051431205939,1,달고나커피
66.0,74.5,-0.3399999999999999,34.892895953562146,3.717457912617046,0.7676895247003263,76.33333333333333,21.666666666666668,-0.2662779397473275,-0.6983376563465179,-0.4033452283673726,0.0727162651306616,0.5578231292517006,-0.3809523809523809,-0.0484777504758593,0.8788190409359685,5.891051431205939,1,달고나커피
66.0,66.0,-0.3399999999999999,30.505423987776933,4.093283814643073,0.7787833431589087,74.33333333333333,17.0,-0.3373358348968106,-0.2664738110146525,-0.4424079187548329,0.3357572164308842,0.0931372549019606,-0.5819672131147541,-0.0421040076100371,0.8788190409359685,5.891051431205939,1,달고나커피
42.57142857142857,60.14285714285714,-0.354978354978355,25.55624098124098,5.257706576574383,0.7544394057079117,71.33333333333333,11.333333333333334,-0.3287176399759182,-0.0624397002285906,-0.4717220255528567,0.5521024078261672,-0.0655021834061135,-0.6421052631578947,-0.0542800736222901,0.8788190409359685,5.891051431205939,1,달고나커피
25.0,49.89285714285714,-0.6212121212121212,18.49838739204411,6.077902679191426,0.712525779616858,69.66666666666667,8.0,-0.4262457531143827,-0.0889099182175721,-0.5851807349461962,0.8709691707491638,-0.0991379310344826,-0.6962025316455696,-0.0910338640374774,0.8788190409359685,5.891051431205939,1,달고나커피
25.0,39.64285714285714,-0.6212121212121212,14.313971807628525,6.568728838713824,0.6769639095285571,64.33333333333333,4.666666666666667,-0.4835874439461883,-0.1548698039702701,-0.5897740380540917,0.7669948101953137,-0.1572052401746725,-0.7846153846153846,-0.1181800874607278,0.8788190409359685,5.891051431205939,1,달고나커피
25.0,29.392857142857142,-0.6212121212121212,16.231616565062016,6.370833687627444,0.7196607926201869,63.66666666666666,5.666666666666667,-0.1931902294596594,0.2330555236547232,-0.4679104748202882,0.5564114232286554,-0.1434977578475336,-0.6666666666666666,-0.0759165576126839,0.8788190409359685,5.891051431205939,1,달고나커피
21.0,24.0,-0.5067114093959731,14.655037919826652,6.598343067220313,0.7206275796596016,63.333333333333336,4.666666666666667,0.0197985411601251,0.5033859851063135,-0.4265573747491318,0.2549850340867465,-0.1121495327102802,-0.5882352941176471,-0.0448171526997367,0.8788190409359685,5.891051431205939,1,달고나커피
11.0,20.5,-0.56,12.79670458649332,6.813136656293354,0.710812076319729,62.0,4.666666666666667,-0.2125382262996941,-0.0193479968400346,-0.3082259380081423,0.1209683695033663,-0.1100478468899521,-0.4166666666666666,-0.0024051105884906,0.8788190409359685,5.891051431205939,1,달고나커피
11.0,17.0,-0.56,7.006043956043956,7.27822855417308,0.6366449627548545,57.66666666666666,2.333333333333333,-0.5728882833787465,-0.5926868245388717,-0.5105450779000321,0.1080117223408141,-0.1036269430051812,-0.5,-0.0595584878398924,0.8788190409359685,5.891051431205939,1,달고나커피
11.0,13.5,-0.56,6.037114845938376,7.407495912857239,0.6133892385257913,53.0,2.6666666666666665,-0.6170873786407767,-0.4045491523410826,-0.6280644739395179,0.1627200263041015,-0.1675392670157067,-0.5294117647058825,-0.1476689506836621,0.8788190409359685,5.891051431205939,1,달고나커피
11.0,11.0,-0.4761904761904761,5.589651077822434,7.510660364347476,0.5585344097241721,50.333333333333336,3.0,-0.3157894736842105,0.257098809694536,-0.6185850143546711,0.1382646048914058,-0.2052631578947368,-0.3571428571428572,-0.2249333421460172,0.8788190409359685,5.891051431205939,1,달고나커피
8.428571428571429,10.357142857142858,-0.2337662337662337,5.347767960939316,7.58558131289392,0.5407697160420473,46.66666666666666,2.6666666666666665,-0.233265720081136,0.3838216585596407,-0.5820980374444383,0.1133757761760219,-0.2473118279569892,-0.4285714285714286,-0.239222666500105,0.8788190409359685,5.891051431205939,1,달고나커피
8.0,9.607142857142858,-0.2727272727272727,4.752236725189202,7.669121525545939,0.5119021558178704,44.333333333333336,1.3333333333333333,-0.261072261072261,0.0547172126119495,-0.3216947031727435,0.0537071580623467,-0.2312138728323698,-0.4285714285714286,-0.1959377898746014,0.8788190409359685,5.891051431205939,1,달고나커피
8.0,8.857142857142858,-0.2727272727272727,4.195912614517266,7.754525341378324,0.5116239251063762,43.66666666666666,0.3333333333333333,-0.2724867724867724,-0.0392210524056364,-0.3049804879328783,0.0468484130944635,-0.1761006289308176,-0.875,-0.1659065843150362,0.8788190409359685,5.891051431205939,1,달고나커피
8.0,8.107142857142858,-0.2727272727272727,3.952905621510274,7.844127557130405,0.5026718310665629,42.0,0.3333333333333333,-0.2176656151419558,0.0434066459303051,-0.2928171067432332,0.0443991841737207,-0.1655629139072848,-0.8888888888888888,-0.1000163601114505,0.8788190409359685,5.891051431205939,1,달고나커피
6.857142857142856,7.7142857142857135,-0.1864406779661018,4.938811188811189,7.894763769178895,0.5496261411421953,38.66666666666666,0.6666666666666666,0.009090909090909,0.2815776815776815,-0.0764724227220013,0.0407592303782213,-0.1714285714285714,-0.75,0.0163774428142338,0.8788190409359685,5.891051431205939,0,달고나커피
6.0,7.2142857142857135,-0.25,5.143789543789544,7.951243162243291,0.5669743518866326,35.666666666666664,0.6666666666666666,0.096774193548387,0.3144398086903428,0.0823933741610385,0.0367866952893627,-0.1954887218045113,-0.5,0.1075834423490029,0.8788190409359685,5.891051431205939,1,달고나커피
6.0,6.7142857142857135,-0.25,5.072494984690107,8.001830407572632,0.5726162796509394,36.0,0.3333333333333333,-0.0198198198198197,-0.0289107289107287,0.2089133999454586,0.031891709074014,-0.1755725190839694,0.0,0.1192132571436759,0.8788190409359685,5.891051431205939,1,달고나커피
6.0,6.2142857142857135,-0.25,3.987801899997022,8.07569325206159,0.5275116267765024,38.0,0.0,-0.1580882352941177,-0.2548624288425047,0.0088280069973984,0.0295208986907269,-0.0952380952380952,-1.0,0.0494155315153324,0.8788190409359685,5.891051431205939,1,달고나커피
5.857142857142857,5.964285714285714,-0.1458333333333332,9.375026057952889,7.703851799818143,0.6428784732088174,40.0,0.6666666666666666,1.1066176470588234,1.126437466878643,0.8982353646545314,-0.0241821003062905,0.0344827586206897,0.0,0.1696650233426515,0.8788190409359685,5.891051431205939,0,달고나커피
5.0,5.714285714285714,-0.1666666666666666,9.695893266624973,7.78010300521034,0.6693808793432305,41.333333333333336,0.6666666666666666,1.6331877729257642,1.791276008219882,0.8849708340675604,-0.0215236980609038,0.1588785046728973,0.0,0.180619329808898,0.8788190409359685,5.891051431205939,1,달고나커피
5.0,5.464285714285714,-0.1666666666666666,10.230081300813008,7.840958153904297,0.6958482634728718,40.333333333333336,0.6666666666666666,0.093368237347295,-1.0132494097115283,1.0167750449610335,-0.0201044317955165,0.1203703703703704,1.0,0.2152086627663698,0.8788190409359685,5.891051431205939,1,달고나커피
5.0,5.214285714285714,-0.1666666666666666,4.973873873873874,8.261766641368304,0.596531301511494,38.66666666666666,0.3333333333333333,-0.5124378109452736,-2.1456255838710376,0.2472720557853158,0.0230411660645,0.0175438596491226,0.0,0.1308401013959717,0.8788190409359685,5.891051431205939,1,달고나커피
5.0,5.0,-0.146341463414634,4.666271534692588,8.30814470894169,0.5804119838570886,36.66666666666666,0.3333333333333333,-0.587390263367917,-0.680758500715212,-0.5022657530925833,0.0784403600725824,-0.0833333333333333,-0.5,-0.0971668704972156,0.8788190409359685,5.891051431205939,1,달고나커피
3.571428571428572,4.642857142857142,-0.2857142857142856,4.26883563725669,8.3488900711405,0.5533709643429507,37.333333333333336,0.3333333333333333,-0.173469387755102,0.3389684231901716,-0.5597274516262676,0.0731079094388909,-0.0967741935483871,-0.5,-0.1733092751530399,0.8788190409359685,5.891051431205939,1,달고나커피
3.0,4.142857142857142,-0.4,3.916329284750338,8.389829743145164,0.5487043106797048,38.333333333333336,0.0,-0.1218568665377175,0.4655333968301994,-0.617175155349049,0.0700005762647213,-0.049586776859504,-1.0,-0.2114598261103564,0.8788190409359685,5.891051431205939,1,달고나커피
3.0,3.642857142857143,-0.4,3.703296703296704,8.434952055079412,0.5401697242135395,37.0,0.0,-0.1378600823045268,0.0356093054505751,-0.2554502190437708,0.0209622737156403,-0.0431034482758619,-1.0,-0.0944821791499378,0.8788190409359685,5.891051431205939,1,달고나커피
3.0,3.1428571428571432,-0.4,3.780809229085091,8.470721868599357,0.5423182357148838,34.0,0.0,-0.1497797356828195,-0.027922869145102,-0.1897579896549741,0.0195684073103219,-0.0727272727272726,-1.0,-0.0656322564001097,0.8788190409359685,5.891051431205939,1,달고나커피
2.571428571428572,2.8928571428571432,-0.2799999999999999,3.323957836749828,8.506340073636519,0.4747599629636497,31.33333333333333,0.3333333333333333,-0.2482100238663483,-0.1103499415618215,-0.2213432141215151,0.0188587945408784,-0.1607142857142858,0.0,-0.1420584136947633,0.8788190409359685,5.891051431205939,1,달고나커피
2.0,2.6428571428571432,-0.3333333333333333,2.977926090718082,8.531748743525426,0.4390694032309847,30.0,0.3333333333333333,-0.3108808290155439,-0.1611010933327243,-0.239612945133667,0.0169155995681815,-0.2173913043478261,0.0,-0.199806900209897,0.8788190409359685,5.891051431205939,0,달고나커피
2.0,2.3928571428571432,-0.3333333333333333,3.492293906810036,8.546131943501647,0.4768386166503706,29.666666666666668,0.6666666666666666,-0.0317460317460317,0.2164639921203166,-0.0569770162619787,0.0131808560020545,-0.1981981981981981,0.0,-0.1172429788718274,0.8788190409359685,5.891051431205939,0,달고나커피
2.0,2.1428571428571432,-0.3333333333333333,3.5792929292929294,8.577589525739157,0.5103943581968354,30.33333333333333,0.3333333333333333,0.1954887218045111,0.5063695508200551,-0.0532997799100608,0.0126161216006812,-0.107843137254902,0.0,-0.0588655800518422,0.8788190409359685,5.891051431205939,0,달고나커피
2.0,2.0,-0.2222222222222224,3.61946386946387,8.608006101930696,0.5058548600646599,29.0,0.3333333333333333,0.0196721311475409,0.0514181628935727,0.088901859538323,0.0119517944749549,-0.0744680851063829,0.0,0.0654960391076426,0.8788190409359685,5.891051431205939,0,달고나커피
4.0,2.5,1.0,2.7583527583527587,8.654751709644701,0.4365879557438163,29.666666666666668,0.3333333333333333,-0.2295597484276729,-0.425048470232184,-0.0737336406869575,0.014417087260407,-0.011111111111111,0.0,-0.0056516064861455,0.8788190409359685,5.891051431205939,0,달고나커피
4.0,3.0,1.0,2.849261849261849,8.683536162899488,0.4322482625152342,29.33333333333333,0.3333333333333333,-0.1832797427652732,-0.2029518739128142,-0.1841288490336573,0.0160779426653154,-0.0112359550561798,-0.5,-0.0935124643393366,0.8788190409359685,5.891051431205939,0,달고나커피
4.0,3.5,1.0,2.8408369408369416,8.715383244445695,0.4201338069225178,32.333333333333336,0.3333333333333333,0.1306122448979589,0.3601719933256319,-0.2063133705577615,0.0160643871210033,0.0659340659340661,0.0,-0.1768447276596038,0.8788190409359685,5.891051431205939,0,달고나커피
4.0,4.0,1.0,2.8282921379695574,8.755265587948877,0.4487883109355712,32.666666666666664,0.0,0.0984251968503937,0.281704939615667,-0.2185881003452326,0.0171072701708647,0.1264367816091953,-1.0,-0.1128121001383564,0.8788190409359685,5.891051431205939,0,달고나커피
4.0,4.0,0.0,3.742117895545315,8.796654559334591,0.5268428644067913,32.666666666666664,0.3333333333333333,0.3140794223826715,0.1834671774847125,0.3566495018498083,0.0163959469260979,0.1011235955056177,0.0,0.2067278940602182,0.8788190409359685,5.891051431205939,0,달고나커피
4.0,4.0,0.0,4.057846611274031,8.826496851321085,0.5521236754650527,32.0,0.3333333333333333,0.3978494623655915,0.2994242655151977,0.4241746901308094,0.0164634183286296,0.090909090909091,0.0,0.277330005335981,0.8788190409359685,5.891051431205939,0,달고나커피
4.0,4.0,0.0,4.500550144300145,8.85092053330604,0.5900510106654174,33.0,0.3333333333333333,0.2335164835164835,-0.0805629388661879,0.5842338853050233,0.0155515007268007,0.0206185567010308,0.0,0.4044359224208687,0.8788190409359685,5.891051431205939,0,달고나커피
4.0,4.0,0.0,4.43953823953824,8.87312015661453,0.5699207017851086,34.0,0.0,0.1769230769230769,-0.2209263854425145,0.5696887107020714,0.0134609929855096,0.0408163265306122,0.0,0.2699098615046758,0.8788190409359685,5.891051431205939,0,달고나커피
4.0,4.0,0.0,4.895767195767196,8.899870570872782,0.6163554998386459,35.0,0.0,0.1559020044543431,-0.0776144790621404,0.3082878018341448,0.0117335528912707,0.0714285714285714,-1.0,0.1699038583974048,0.8788190409359685,5.891051431205939,0,달고나커피
4.0,4.0,0.0,6.152910052910053,8.88501783834957,0.6663198873030333,35.0,0.6666666666666666,0.4183006535947713,0.2413775766716943,0.5162993189085183,0.0066301487457876,0.09375,1.0,0.2068308549561714,0.8788190409359685,5.891051431205939,1,달고나커피
4.0,4.0,0.0,6.021957671957672,8.897803923233704,0.6381094766838636,32.333333333333336,0.6666666666666666,0.1618497109826588,0.0059477065283157,0.3380492337329823,0.0052970072153786,-0.0202020202020201,1.0,0.0814479852585106,0.8788190409359685,5.891051431205939,1,달고나커피
4.0,4.0,0.0,7.072734254992319,8.90666761494137,0.6483640699788938,30.666666666666668,1.0,0.0384024577572965,-0.3798981958374747,0.5931238505849565,0.0037807961274853,-0.0980392156862745,0.0,0.137639092505474,0.8788190409359685,5.891051431205939,1,달고나커피
4.0,4.0,0.0,6.728025260283325,8.549844904344074,0.6395677736825977,31.33333333333333,0.3333333333333333,0.0729684908789385,-0.0888812201037203,0.374253511502808,-0.0393292985264596,-0.1047619047619048,0.0,0.0376605284612994,0.8788190409359685,5.891051431205939,1,달고나커피
3.0,3.75,-0.25,6.919989545997612,8.583013841663785,0.6200513503249333,33.0,0.3333333333333333,0.0133136094674555,-0.025088848289841,0.1246693818845547,-0.0339902521503416,-0.0571428571428571,-0.5,-0.0694389254467165,0.8788190409359685,5.891051431205939,0,달고나커피
3.0,3.5,-0.25,5.99487433862434,8.61930274508559,0.6220008611199886,32.0,0.0,-0.0989180834621328,-0.1718865743410713,-0.004497430039977,-0.0312999904865175,-0.0103092783505155,-1.0,-0.0252442819805599,0.8788190409359685,5.891051431205939,0,달고나커피
3.0,3.25,-0.25,4.750572344322345,9.022022316511723,0.5265796156987432,28.666666666666668,0.3333333333333333,-0.3956204379562044,-0.4089340474236599,-0.3283259100298964,0.0129514995458952,-0.0652173913043477,-0.6666666666666667,-0.1878334409926741,0.8788190409359685,5.891051431205939,0,달고나커피
3.0,3.0,-0.25,3.951465201465202,9.041640128001262,0.5123783421660743,27.33333333333333,0.6666666666666666,-0.4425385934819897,-0.3436205100198569,-0.4126857363643725,0.0575209526207092,-0.127659574468085,1.0,-0.1988677928285431,0.8788190409359685,5.891051431205939,0,달고나커피
3.0,3.0,0.0,3.199877899877901,9.066001294091087,0.4576856821042867,28.0,0.6666666666666666,-0.3526570048309179,0.0429634331252865,-0.5375892003003605,0.0562724773998124,-0.1515151515151515,1.0,-0.2618584221057821,0.8788190409359685,5.891051431205939,0,달고나커피
3.0,3.0,0.0,5.623809523809524,8.674078272216471,0.5778941370953504,29.0,0.6666666666666666,0.5384615384615385,0.9810001319435284,-0.061897012990595,0.0063549835469129,-0.09375,0.0,-0.07091103370053,0.8788190409359685,5.891051431205939,1,달고나커피
3.0,3.0,0.0,5.755555555555556,8.68243357319744,0.6169321017147104,29.33333333333333,0.3333333333333333,0.9328358208955224,1.2854928257264402,0.2115499224918273,-0.0376399804168942,0.0232558139534881,0.0,0.1715837136917541,0.8788190409359685,5.891051431205939,1,달고나커피
3.0,3.0,0.0,5.848717948717948,8.705947961266496,0.6333924612785183,27.666666666666668,0.3333333333333333,0.026,-0.5124615384615385,0.4801390498261875,-0.0371273532215856,0.0121951219512195,-0.5,0.2361811754198237,0.8788190409359685,5.891051431205939,1,달고나커피
2.571428571428572,2.8928571428571432,-0.1428571428571426,3.731257631257632,9.125068430785522,0.5443655461646467,24.666666666666668,0.0,-0.4536679536679536,-1.3865037745634758,0.1660625023848589,0.0065152358551869,-0.1190476190476189,-1.0,0.1893873185235657,0.8788190409359685,5.891051431205939,1,달고나커피
2.0,2.6428571428571432,-0.3333333333333333,3.53866503866504,9.15218618801188,0.5087213549648999,23.666666666666668,0.0,-0.4990253411306042,-0.5250253411306043,-0.3707708229300099,0.0551191608826973,-0.1839080459770115,-1.0,-0.1196980167996362,0.8788190409359685,5.891051431205939,0,달고나커피
2.0,2.3928571428571432,-0.3333333333333333,3.534391534391535,9.172617625569549,0.4846221065122031,23.0,0.0,-0.1166077738515901,0.3370601798163635,-0.3859165287736715,0.0564569884974761,-0.2159090909090908,-1.0,-0.2144644359318681,0.8788190409359685,5.891051431205939,0,달고나커피
2.0,2.1428571428571432,-0.3333333333333333,2.907407407407408,9.19696211884768,0.4581473077053884,23.33333333333333,0.0,-0.1712062256809339,0.3278191154496703,-0.5028983389351648,0.0563998498228739,-0.1566265060240964,-1.0,-0.2766770435180002,0.8788190409359685,5.891051431205939,0,달고나커피
2.0,2.0,-0.2222222222222224,2.9577777777777783,9.222722246429928,0.4674667125803489,22.666666666666668,0.0,-0.156,-0.0393922261484098,-0.2072973592067803,0.0107017077608917,-0.081081081081081,0.0,-0.1412632267528542,0.8788190409359685,5.891051431205939,0,달고나커피
2.0,2.0,0.0,2.486666666666668,9.23863707371694,0.4351056014692377,23.0,0.0,-0.15962441314554,0.0115818125353939,-0.297286790499741,0.0094459273368254,-0.0281690140845071,0.0,-0.1447074174834696,0.8788190409359685,5.891051431205939,0,달고나커피
2.0,2.0,0.0,2.2896969696969705,9.248364652096225,0.4001587301587301,23.0,0.0,-0.2132701421800946,-0.0572701421800946,-0.3521665759390309,0.008257950959988,0.0,0.0,-0.1742870892979912,0.8788190409359685,5.891051431205939,0,달고나커피
2.0,2.0,0.0,2.223030303030303,9.265332095587004,0.4039145987033311,23.0,0.3333333333333333,-0.1005586592178771,0.0590657539276628,-0.2353908511870296,0.0074339739422444,-0.0142857142857142,0.0,-0.1183739554722684,0.8788190409359685,5.891051431205939,0,달고나커피
2.0,2.0,0.0,2.506107226107227,9.277696616648194,0.4434160232047555,23.33333333333333,0.6666666666666666,0.114457831325301,0.3277279735053957,-0.1527060467706598,0.0059607530997203,0.0294117647058822,0.0,-0.0514489881917731,0.8788190409359685,5.891051431205939,0,달고나커피
2.0,2.0,0.0,2.703076923076924,9.257888309875494,0.4886682069184777,24.666666666666668,1.0,0.2919254658385093,0.3924841250563864,0.0870282532480923,0.0020837744793895,0.0724637681159421,0.0,0.1231025417010791,0.8788190409359685,5.891051431205939,0,달고나커피
2.0,2.0,0.0,2.475708502024292,9.267577659763113,0.4558494372185495,22.666666666666668,0.6666666666666666,-0.0378378378378377,-0.1522956691631388,0.0812384934727581,0.0020774491912505,-0.0144927536231883,0.0,0.1391715408476246,0.8788190409359685,5.891051431205939,0,달고나커피
2.0,2.0,0.0,2.1140350877192984,9.2923387216902,0.4026930419568911,20.0,0.3333333333333333,-0.3365384615384614,-0.6284639273769708,-0.0490300177925729,0.0029148038974295,-0.1304347826086956,0.0,-0.003024294616638,0.8788190409359685,5.891051431205939,0,달고나커피
2.0,2.0,0.0,2.0769980506822616,9.340744137930786,0.3757748068096756,17.666666666666668,0.3333333333333333,-0.3483146067415731,-0.3104767689037353,-0.1712253853126255,0.0067956006633647,-0.2428571428571427,-0.5,-0.1525457197198427,0.8788190409359685,5.891051431205939,0,달고나커피
2.4285714285714284,2.107142857142857,0.2142857142857142,2.0756485230169446,9.356416108454155,0.3844897226170176,20.0,0.3333333333333333,-0.0507246376811594,0.285813823857302,-0.2321163688326616,0.0106425780135586,-0.1891891891891892,-0.6666666666666667,-0.213188586502088,0.8788190409359685,5.891051431205939,0,달고나커피
3.0,2.357142857142857,0.5,4.3172753172753175,9.366198022670796,0.5278935331260912,21.0,0.6666666666666666,1.4482758620689655,1.796590468810539,0.7438544617612481,0.0106414390608091,-0.0735294117647059,0.0,0.1580436214797855,0.8788190409359685,5.891051431205939,0,달고나커피
3.0,2.607142857142857,0.5,7.750864078450285,9.382982486840536,0.6708717856019205,24.666666666666668,0.6666666666666666,3.648854961832061,3.699579599513221,2.6663838379391387,0.0097546772524288,0.2333333333333334,1.0,0.6659631920676155,0.8788190409359685,5.891051431205939,0,달고나커피
3.0,2.857142857142857,0.5,9.635065898135975,9.395656960785653,0.7857296794187586,26.33333333333333,1.0,1.799295774647887,0.3510199125789213,3.6389383441987375,0.0058788488415904,0.4905660377358489,2.0,1.0909589072497856,0.8788190409359685,5.891051431205939,0,달고나커피
3.0,3.0,0.2352941176470588,8.535739298809377,9.40758021530515,0.7136136899114648,25.0,0.6666666666666666,0.1527093596059112,-3.49614560222615,3.1123240298905346,0.0054683445304195,0.25,1.0,0.8560019889589634,0.8788190409359685,5.891051431205939,0,달고나커피
4.0,3.25,0.3333333333333332,5.055854241338113,9.42122776320326,0.5802909068585468,21.666666666666668,0.3333333333333333,-0.5232704402515723,-2.3225662148994592,0.1710752430143651,0.005875355229439,0.0317460317460318,-0.5,0.099257464705369,0.8788190409359685,5.891051431205939,0,달고나커피
4.0,3.5,0.3333333333333332,3.3870370370370373,9.4402316799612,0.4760455486542443,16.666666666666668,0.0,-0.745014245014245,-0.8977236046201562,-0.5630116845354042,0.0061013854817435,-0.3243243243243243,-1.0,-0.2904075579402612,0.8788190409359685,5.891051431205939,1,달고나커피
4.0,3.75,0.3333333333333332,2.291176470588236,9.45255732325441,0.4136836239872293,16.666666666666668,0.0,-0.6886543535620053,-0.165383913310433,-0.762204379833926,0.0060560280889607,-0.3670886075949366,-1.0,-0.473503884576117,0.8788190409359685,5.891051431205939,1,달고나커피
4.0,4.0,0.3333333333333332,2.141176470588236,9.466234967583729,0.3740539943575996,16.666666666666668,0.0,-0.3910614525139664,0.3539527925002785,-0.7491516088258574,0.0062348394524611,-0.3333333333333332,-1.0,-0.4758312520545857,0.8788190409359685,5.891051431205939,1,달고나커피
3.428571428571428,3.8571428571428568,-0.142857142857143,1.9048128342245996,9.48113012827331,0.3581767958717055,15.333333333333334,0.0,-0.2372881355932203,0.4513662179687849,-0.6232460938746407,0.006358233403932,-0.2923076923076922,-1.0,-0.382763383609222,0.8788190409359685,5.891051431205939,1,달고나커피
3.0,3.6071428571428568,-0.25,1.8121212121212125,9.496389243425408,0.3139872725550475,17.0,0.3333333333333333,-0.146788990825688,0.2442724616882783,-0.4649833490730155,0.0059487484383897,0.02,0.0,-0.3404259877176186,0.8788190409359685,5.891051431205939,1,달고나커피
3.0,3.3571428571428568,-0.25,2.357048748353097,9.510190161733876,0.3727879003705349,18.0,0.6666666666666666,0.5111111111111113,0.7483992467043317,0.0287504164827379,0.0060970631024561,0.0799999999999998,0.0,-0.0988574873293917,0.8788190409359685,5.891051431205939,1,달고나커피
3.0,3.1071428571428568,-0.25,2.6449275362318847,9.51808749984134,0.390615000806331,21.33333333333333,1.0,0.913978494623656,1.060767485449344,0.2352683548335723,0.0054776299590253,0.2799999999999998,0.0,0.0442743740169737,0.8788190409359685,5.891051431205939,1,달고나커피
2.7142857142857144,2.928571428571429,-0.2083333333333331,2.974220465524814,9.5258454469466,0.4470774581975809,19.33333333333333,0.6666666666666666,0.3382352941176469,-0.1728758169934643,0.5614239950958453,0.0047162435351399,0.2608695652173911,0.0,0.2482032989030325,0.8788190409359685,5.891051431205939,1,달고나커피
2.0,2.678571428571429,-0.3333333333333333,2.5126262626262634,9.529878615808252,0.3967230815112714,18.666666666666668,0.6666666666666666,-0.1910112359550562,-1.1049897305787122,0.3865663322185062,0.0035265374580166,0.0980392156862746,1.0,0.2635005179763103,0.8788190409359685,5.891051431205939,0,달고나커피
2.0,2.428571428571429,-0.3333333333333333,15.553418803418806,9.12487191014116,0.5417007729240634,16.0,1.0,2.4395604395604398,2.101325145442792,5.598683550472257,-0.040516356144288,-0.1111111111111111,0.5,0.4531071753821312,0.8788190409359685,5.891051431205939,0,달고나커피
2.0,2.178571428571429,-0.3333333333333333,16.875641025641027,8.443833258499708,0.6488007879188152,15.0,1.0,3.625,3.816011235955056,5.380379346680716,-0.1128645057486116,-0.296875,0.0,0.6609725345404596,0.8788190409359685,5.891051431205939,0,달고나커피
2.0,2.0,-0.2631578947368421,16.90897435897436,8.478307380695394,0.6604665092271912,14.666666666666666,1.0,0.0670926517571885,-2.3724677878032505,4.6851785383672615,-0.1099679888872208,-0.2413793103448276,0.5,0.4772977190348642,0.8788190409359685,5.891051431205939,0,달고나커피
2.0,2.0,0.0,3.788095238095238,9.18757373717986,0.5236753681062126,15.0,0.3333333333333333,-0.7612612612612613,-4.386261261261261,0.5076238334529786,-0.0359191226277083,-0.1964285714285715,-0.5,0.3200022698738145,0.8788190409359685,5.891051431205939,0,달고나커피
2.0,2.0,0.0,2.327310924369748,9.594127967585118,0.4153713627433837,16.666666666666668,0.3333333333333333,-0.8248502994011976,-0.8919429511583862,-0.8503666008235964,0.0514260432436797,0.0416666666666667,-0.6666666666666667,-0.2332088423997665,0.8788190409359685,5.891051431205939,0,달고나커피
2.0,2.0,0.0,2.1847183317771552,9.612798726674049,0.3900025205328311,16.333333333333332,0.0,-0.339622641509434,0.4216386197518272,-0.8705401277226938,0.1384401411524365,0.0888888888888888,-1.0,-0.3988871040310261,0.8788190409359685,5.891051431205939,0,달고나커피
2.0,2.0,0.0,1.8238160761380573,9.621327004669002,0.3371283997469955,17.666666666666668,0.0,-0.1623931623931624,0.6624571370080351,-0.8921391660180692,0.1348169596417554,0.2045454545454545,-1.0,-0.4895601895977013,0.8788190409359685,5.891051431205939,0,달고나커피
2.0,2.0,0.0,1.847100389863548,9.633082237897073,0.3590821812596005,17.333333333333332,0.0,-0.0761904761904761,0.2634321653189578,-0.512393360312577,0.0484903319920413,0.1555555555555554,-1.0,-0.3143038547752145,0.8788190409359685,5.891051431205939,0,달고나커피
2.0,2.0,0.0,2.124878167641325,9.64299152169402,0.4131313215640004,17.0,0.0,0.142857142857143,0.3052503052503055,-0.0869813975471465,0.0050930688306423,0.02,-1.0,-0.0053928637848036,0.8788190409359685,5.891051431205939,0,달고나커피
2.0,2.0,0.0,2.747685185185185,9.657664474512067,0.4644965681234536,15.333333333333334,0.0,0.3402061855670102,0.4163966617574863,0.2576839518484222,0.0046672929615727,-0.0612244897959182,0.0,0.1910091439636003,0.8788190409359685,5.891051431205939,0,달고나커피
2.0,2.0,0.0,3.0185185185185186,9.671484851434462,0.4748997623229441,15.666666666666666,0.0,0.3303571428571428,0.1874999999999997,0.6550564270220993,0.0052131942653148,-0.1132075471698114,0.0,0.4086613963087706,0.8788190409359685,5.891051431205939,0,달고나커피
2.0,2.0,0.0,3.043859649122807,9.682863913851294,0.4695772773665919,16.333333333333332,0.3333333333333333,0.1769230769230769,-0.1632831086439332,0.6479124068333222,0.0051677827225826,-0.0576923076923077,0.0,0.3077153417064386,0.8788190409359685,5.891051431205939,0,달고나커피
2.0,2.0,0.0,2.966081871345029,9.69193016906063,0.4812066910368219,17.0,0.6666666666666666,0.0268456375838925,-0.3035115052732502,0.3958832635743361,0.0050750482624102,0.0,0.0,0.1647790083189702,0.8788190409359685,5.891051431205939,1,달고나커피
2.0,2.0,0.0,2.938304093567252,9.70153280875684,0.4975892111230457,18.666666666666668,0.6666666666666666,0.1045751633986928,-0.072347913524384,0.0693743626125129,0.0045423336419014,0.2173913043478261,0.0,0.0712441065674285,0.8788190409359685,5.891051431205939,1,달고나커피
2.0,2.0,0.0,3.608730158730159,9.70574456945336,0.5419501133786848,16.666666666666668,0.3333333333333333,0.2026143790849672,0.1757687415010747,0.195530236634531,0.0035423431401866,0.0638297872340427,0.0,0.1411884283280493,0.8788190409359685,5.891051431205939,1,달고나커피
2.0,2.0,0.0,4.216810966810967,9.715069290211083,0.5478354978354979,15.333333333333334,0.0,0.1301775147928994,0.0256023513942065,0.385350000623776,0.0033260176582383,-0.0612244897959182,-1.0,0.1666567447807125,0.8788190409359685,5.891051431205939,1,달고나커피
1.1428571428571428,1.7857142857142856,-0.4285714285714286,4.473755411255412,9.726062654184831,0.5457269425489765,13.333333333333334,0.0,-0.0217391304347825,-0.2243535095197498,0.5083047620754642,0.0035217427827907,-0.2156862745098039,-1.0,0.1340801213157225,0.8788190409359685,5.891051431205939,0,달고나커피
1.0,1.5357142857142856,-0.5,4.037247474747474,9.741403610117102,0.4864888473108812,14.0,0.0,-0.1361256544502617,-0.2663031692431611,0.3740060069296804,0.004109742465054,-0.25,-1.0,-0.0223082887732057,0.8788190409359685,5.891051431205939,0,달고나커피
1.0,1.2857142857142856,-0.5,3.495833333333333,9.752726940147369,0.4964067072287411,15.333333333333334,0.0,-0.1055555555555556,-0.083816425120773,-0.0312843633164724,0.0048406766073234,-0.08,-1.0,-0.0840361594649589,0.8788190409359685,5.891051431205939,0,달고나커피
1.0,1.0357142857142856,-0.5,3.3142857142857136,9.764409783352772,0.5224209864209864,16.666666666666668,0.0,0.018181818181818,0.1543074726320797,-0.2140302848832237,0.0050787587476504,0.0869565217391303,0.0,-0.0463907715270813,0.8788190409359685,5.891051431205939,0,달고나커피
1.714285714285714,1.1785714285714284,0.4999999999999998,3.097911445279866,9.77788410818838,0.5542916434557301,18.0,0.0,0.0496894409937889,0.1552449965493445,-0.3075366978074155,0.0053281020127142,0.3499999999999998,0.0,0.0156941141053981,0.8788190409359685,5.891051431205939,0,달고나커피
2.0,1.4285714285714284,1.0,2.720133667502088,9.78658957041679,0.5292366984007851,17.666666666666668,0.0,-0.0952380952380952,-0.1134199134199133,-0.3262405427172309,0.0046385471856191,0.2619047619047621,0.0,0.0878701563791177,0.8788190409359685,5.891051431205939,0,달고나커피
2.0,1.6785714285714284,1.0,2.339181286549707,9.795334563877384,0.4593488316379183,16.333333333333332,0.3333333333333333,-0.301775147928994,-0.351464588922783,-0.3308659013445414,0.0043687907998959,0.0652173913043476,0.0,-0.0746522459329839,0.8788190409359685,5.891051431205939,0,달고나커피
2.0,1.9285714285714284,1.0,2.2136752136752134,9.805115010009704,0.4316491147741148,14.333333333333334,0.3333333333333333,-0.3618421052631578,-0.2666040100250626,-0.3320807544945475,0.0041687339593561,-0.14,0.0,-0.1737523453426587,0.8788190409359685,5.891051431205939,0,달고나커피
2.0,2.0,0.1666666666666669,2.0358974358974358,9.81911353052501,0.3987743352326685,14.666666666666666,0.3333333333333333,-0.2457627118644068,0.0560124360645872,-0.3428161289118089,0.004216599611986,-0.1851851851851852,0.0,-0.280569462049778,0.8788190409359685,5.891051431205939,0,달고나커피
2.0,2.0,0.0,2.035897435897436,9.83275555555944,0.3985660018993353,12.333333333333334,0.0,-0.2061855670103093,0.1556565382528485,-0.2515450765450764,0.0047172699754571,-0.3018867924528302,0.0,-0.2469040731610308,0.8788190409359685,5.891051431205939,1,달고나커피
2.0,2.0,0.0,1.9076923076923076,9.847660614633648,0.3876258309591642,12.333333333333334,0.3333333333333333,-0.1910112359550562,0.0547514759093505,-0.1844615384615384,0.0053419360426167,-0.2448979591836734,0.0,-0.1561405967290883,0.8788190409359685,5.891051431205939,1,달고나커피
2.0,2.0,0.0,2.233618233618233,9.859944067802196,0.3925641025641025,10.333333333333334,0.3333333333333333,-0.090909090909091,0.1152764761012182,0.0090090090090091,0.0055918831891843,-0.2790697674418604,0.0,-0.0905481115847202,0.8788190409359685,5.891051431205939,1,달고나커피
2.0,2.0,0.0,2.418803418803418,9.876033109345643,0.3978298030471943,10.333333333333334,0.3333333333333333,0.0138888888888888,0.204900124843945,0.188077246011755,0.0057968144113709,-0.2954545454545454,0.0,-0.0023685882014526,0.8788190409359685,5.891051431205939,1,달고나커피
1.4285714285714286,1.8571428571428568,-0.2857142857142857,2.694444444444444,9.890221544088687,0.4390535792709706,8.666666666666666,0.0,0.0,0.090909090909091,0.3234676742233418,0.0058443422298599,-0.2972972972972973,0.0,0.1015831184262956,0.8788190409359685,5.891051431205939,1,달고나커피
1.0,1.6071428571428572,-0.5,2.5121082621082618,9.903332980405288,0.4666397861675223,9.666666666666666,0.3333333333333333,0.0136986301369863,-0.0001902587519024,0.3168309438470729,0.0056533595084409,-0.2162162162162163,0.0,0.2038407889712643,0.8788190409359685,5.891051431205939,0,달고나커피
1.0,1.3571428571428572,-0.5,4.16025641025641,9.503034218647048,0.5762629745733194,10.0,0.6666666666666666,0.8,0.8,0.8625637755102038,-0.0361979588018804,-0.0322580645161291,1.0,0.4679461795140078,0.8788190409359685,5.891051431205939,0,달고나커피
1.0,1.1071428571428572,-0.5,6.3344988344988336,8.821070459465469,0.6660579834859753,11.0,0.6666666666666666,1.7837837837837838,1.7700851536467974,1.6188564086090589,-0.1068204853304785,0.064516129032258,1.0,0.6742284725384471,0.8788190409359685,5.891051431205939,0,달고나커피
1.0,1.0,-0.3,7.739057239057239,7.123007292377551,0.7107578557720546,10.0,0.3333333333333333,0.8650793650793649,0.0650793650793648,1.87222742892846,-0.2797929489623091,0.1538461538461539,0.0,0.6188408188181433,0.8788190409359685,5.891051431205939,0,달고나커피
1.0,1.0,0.0,6.6835016835016825,9.014583852211208,0.6501044844520165,9.666666666666666,0.0,-0.0339805825242719,-1.817764366308056,1.660514988272289,-0.0897424261056916,0.0,-1.0,0.3931612856916382,0.8788190409359685,5.891051431205939,0,달고나커피
1.0,1.0,0.0,4.962962962962962,9.036211011763717,0.5580230982529834,9.0,0.3333333333333333,-0.4297872340425531,-1.294866599121918,0.1929464132853962,-0.0491235952794234,-0.0999999999999999,-0.5,-0.0316520011264672,0.8788190409359685,5.891051431205939,0,달고나커피
1.0,1.0,0.0,4.092592592592592,9.542080729838355,0.5335631060268741,10.0,0.3333333333333333,-0.3869346733668342,-0.3529540908425622,-0.3539200654196055,0.081737275956027,-0.0909090909090909,-0.5,-0.1989239386722119,0.8788190409359685,5.891051431205939,0,달고나커피
1.0,1.0,0.0,3.5481481481481474,9.560833817351297,0.5036485761123443,10.333333333333334,0.3333333333333333,-0.1791044776119402,0.2506827564306129,-0.5415270828801393,0.3422468102177158,0.0333333333333334,0.0,-0.291392178050202,0.8788190409359685,5.891051431205939,0,달고나커피
1.0,1.0,0.0,2.921367521367521,9.81737294504568,0.4963999481740611,11.333333333333334,0.0,-0.1639344262295081,0.223000247137326,-0.5628986630497965,0.089054481714933,0.1724137931034484,0.0,-0.2364305122545269,0.8788190409359685,5.891051431205939,0,달고나커피
1.0,1.0,0.0,2.754700854700854,9.683522921683856,0.4819071945508726,9.0,0.0,-0.3090909090909091,-0.1299864314789688,-0.4449483352468427,0.0716353247038434,0.0,-1.0,-0.1364027832188463,0.8788190409359685,5.891051431205939,0,달고나커피
1.0,1.0,0.0,2.6695156695156688,9.71225459018584,0.4487983281086729,8.333333333333334,0.0,-0.3039215686274509,-0.1399871423979427,-0.3477201531500175,0.0178340411452762,-0.1666666666666666,-1.0,-0.1588655155514665,0.8788190409359685,5.891051431205939,0,달고나커피
1.0,1.0,0.0,2.4643874643874635,9.922776177022016,0.366022866022866,8.333333333333334,0.0,-0.1710526315789473,0.1380382775119617,-0.3054440340452867,0.0378567776184808,-0.1935483870967741,-1.0,-0.2732574191945682,0.8788190409359685,5.891051431205939,0,달고나커피
1.0,1.0,0.0,2.286609686609686,10.098721501319933,0.3303085803085802,10.0,0.0,0.0,0.3039215686274509,-0.2172810610493467,0.0286582324873616,-0.1176470588235294,0.0,-0.3345918315995502,0.8788190409359685,5.891051431205939,0,달고나커피
1.0,1.0,0.0,2.171794871794871,10.125411938748272,0.3313186813186812,10.666666666666666,0.0,0.1111111111111111,0.2821637426900585,-0.2116040955631398,0.0456330842233991,0.1851851851851851,0.0,-0.3124844678289908,0.8788190409359685,5.891051431205939,0,달고나커피
1.0,1.0,0.0,2.4851851851851845,10.141167076177137,0.3981021394064871,9.666666666666666,0.0,0.0140845070422535,0.0140845070422535,-0.0690501600853789,0.0441619895780645,0.1599999999999999,0.0,-0.1129598430453825,0.8788190409359685,5.891051431205939,0,달고나커피
1.0,1.0,0.0,4.625925925925924,9.742279000502116,0.5000814853617368,9.333333333333334,1.0,0.8142857142857145,0.7031746031746033,0.8771098265895954,-0.0181901892474277,0.1199999999999998,0.0,0.3662574985970848,0.8788190409359685,5.891051431205939,0,달고나커피
1.0,1.0,0.0,5.497354497354497,9.066855138227782,0.5654494507297021,8.333333333333334,1.0,0.9305555555555556,0.916471048513302,1.4041507956284938,-0.102177920537494,-0.1666666666666666,0.0,0.7118824167433042,0.8788190409359685,5.891051431205939,0,달고나커피
1.0,1.0,0.0,6.756613756613755,5.378906078979996,0.6570391334711775,8.333333333333334,1.0,0.3622047244094486,-0.4520809898762659,2.1110736305541504,-0.4687716300809634,-0.2187499999999999,0.0,0.9831031889179822,0.8788190409359685,5.891051431205939,0,달고나커피
1.0,1.0,0.0,5.052910052910053,6.1085096562425605,0.6403236227797632,8.333333333333334,0.6666666666666666,-0.0863309352517985,-1.0168864908073545,1.0332126889503943,-0.3976522021225536,-0.1379310344827584,0.0,0.6084405467762453,0.8788190409359685,5.891051431205939,0,달고나커피
1.0,1.0,0.0,4.398148148148148,6.591848359853353,0.6156122230683635,8.666666666666666,0.6666666666666666,-0.3294797687861271,-0.6916844931955758,-0.0492393915132102,-0.3233771728859737,-0.0714285714285715,-0.3333333333333333,0.2310238252933056,0.8788190409359685,5.891051431205939,0,달고나커피
1.0,1.0,0.0,5.62037037037037,6.796425904831073,0.5124283374283375,6.333333333333333,0.6666666666666666,-0.3779527559055119,-0.2916218206537133,0.0223772858517805,-0.2504097836331472,-0.2400000000000001,-0.3333333333333333,-0.0937680870198774,0.8788190409359685,5.891051431205939,0,달고나커피
1.0,1.0,0.0,5.541666666666667,6.980280958303879,0.509921798631476,6.0,0.0,-0.3706896551724138,-0.0412098863862866,-0.1798159749412684,0.2977138577640963,-0.28,-1.0,-0.2239095471566079,0.8788190409359685,5.891051431205939,0,달고나커피
1.0,1.0,0.0,5.591666666666666,7.12119052348633,0.5275027808676307,6.333333333333333,0.0,0.0126582278481013,0.3906109837536132,0.1066230366492144,0.1657819868073493,-0.2400000000000001,-1.0,-0.176193471392413,0.8788190409359685,5.891051431205939,0,달고나커피
1.0,1.0,0.0,3.972619047619048,7.25040959068343,0.6137461671110169,8.0,0.0,0.3150684931506851,0.6857581483230989,-0.096751879699248,0.0999053975271857,-0.0769230769230768,-1.0,-0.0030312197961984,0.8788190409359685,5.891051431205939,0,달고나커피
1.0,1.0,0.0,3.752380952380952,7.359997444602925,0.6069147965699689,10.0,0.3333333333333333,0.3749999999999998,0.3623417721518984,-0.3323605554248059,0.0829217514710563,0.5789473684210527,-0.5,0.184389605804822,0.8788190409359685,5.891051431205939,0,달고나커피
1.0,1.0,0.0,3.6375661375661377,7.462302529269279,0.5842650103519668,10.0,0.3333333333333333,0.0833333333333332,-0.2317351598173518,-0.3435970879579902,0.0690547520715447,0.6666666666666667,0.0,0.1457933587464046,0.8788190409359685,5.891051431205939,0,달고나커피
1.0,1.0,0.0,4.8121693121693125,7.551132833217273,0.5270814531684096,8.666666666666666,0.3333333333333333,-0.1454545454545454,-0.5204545454545452,-0.1394034016984835,0.0603750606465245,0.368421052631579,0.0,-0.0007987212854653,0.8788190409359685,5.891051431205939,0,달고나커피
1.0,1.0,0.0,4.693121693121693,7.632633007373657,0.4963936224805789,6.333333333333333,0.0,-0.3365384615384614,-0.4198717948717947,0.1813671627876003,0.052717492978793,-0.2083333333333333,0.0,-0.1912069694591034,0.8788190409359685,5.891051431205939,0,달고나커피
1.0,1.0,0.0,4.841269841269841,7.713375020377238,0.5245246816675387,5.666666666666667,0.0,-0.2872340425531915,-0.1417794970986461,0.2901861252115059,0.0480132742482735,-0.4333333333333333,-1.0,-0.1357523582685164,0.8788190409359685,5.891051431205939,0,달고나커피
1.0,1.0,0.0,3.1746031746031744,7.783696262063555,0.523747680890538,6.666666666666667,0.0,-0.0869565217391304,0.2495819397993309,-0.1272727272727273,0.0430689765703919,-0.3333333333333332,-1.0,-0.1035785617642455,0.8788190409359685,5.891051431205939,0,달고나커피
1.0,1.0,0.0,3.1111111111111107,7.881528743498389,0.5142238713667285,7.333333333333333,0.0,0.0,0.2872340425531915,-0.3534909290819132,0.0437544826158682,-0.1538461538461538,-1.0,-0.0243939181020146,0.8788190409359685,5.891051431205939,0,달고나커피
1.0,1.0,0.0,2.9629629629629632,7.960180270027184,0.4989752598448251,8.0,0.0,0.0952380952380953,0.1821946169772258,-0.3686583990980834,0.0429140589279077,0.2631578947368422,0.0,0.0052007867291792,0.8788190409359685,5.891051431205939,0,달고나커피
1.0,1.0,0.0,3.1693121693121693,8.037629670937717,0.5564067172762824,8.333333333333334,0.0,0.1492537313432838,0.1492537313432838,-0.3453551912568305,0.0420379729630493,0.4705882352941177,0.0,0.0607827176166164,0.8788190409359685,5.891051431205939,0,달고나커피
1.0,1.0,0.0,3.4054232804232805,8.085308272330074,0.5857277049306034,8.0,0.0,0.1594202898550725,0.0641821946169771,0.0727083333333333,0.0387492009081247,0.1999999999999999,0.0,0.1183394720424912,0.8788190409359685,5.891051431205939,0,달고나커피
1.0,1.0,0.0,4.020238095238096,8.13559894914295,0.5907928491261824,6.666666666666667,0.0,0.0259740259740259,-0.1232797053692578,0.2922193877551022,0.0322361579730516,-0.0909090909090908,0.0,0.1489020289080418,0.8788190409359685,5.891051431205939,0,달고나커피
1.0,1.0,0.0,3.702777777777778,8.187223145586701,0.5717452300785634,7.333333333333333,0.0,-0.0125,-0.1719202898550725,0.2496874999999998,0.0285223283716842,-0.0833333333333333,0.0,0.1458388342868317,0.8788190409359685,5.891051431205939,0,달고나커피
1.0,1.0,0.0,3.702777777777778,8.22896771208642,0.5686588103254769,7.333333333333333,0.0,0.0,-0.0259740259740259,0.168322203672788,0.023805282027429,-0.1200000000000001,0.0,0.0220200307954059,0.8788190409359685,5.891051431205939,0,달고나커피
1.0,1.0,0.0,3.902777777777777,8.3022785942882,0.5429012345679013,7.0,0.0,-0.0253164556962024,-0.0128164556962023,0.146047776267236,0.0268351328916736,-0.125,0.0,-0.0731166888678693,0.8788190409359685,5.891051431205939,0,달고나커피
1.0,1.0,0.0,3.717592592592593,8.430204723255107,0.5266049382716049,7.0,0.0,-0.0886075949367087,-0.0886075949367087,-0.075280492218603,0.0362119342354247,0.05,0.0,-0.1086470680027951,0.8788190409359685,5.891051431205939,0,달고나커피
1.0,1.0,0.0,3.625925925925926,8.545598199922622,0.5197252090800478,7.666666666666667,0.0,-0.0129870129870131,0.0123294427091893,-0.0207551887971992,0.0437724791377041,0.0454545454545456,0.0,-0.0909846173817094,0.8788190409359685,5.891051431205939,0,달고나커피
1.0,1.0,0.0,2.9592592592592597,8.636951172702359,0.5363918757467144,8.666666666666666,0.0,0.1111111111111111,0.1997187060478199,-0.2008002000500125,0.0495789356442248,0.1818181818181818,0.0,-0.0567421694571024,0.8788190409359685,5.891051431205939,1,달고나커피
1.0,1.0,0.0,3.755555555555555,8.674959240610933,0.5301075268817205,7.666666666666667,0.0,0.1315789473684212,0.1445659603554343,-0.0377224199288256,0.0448889593489587,0.0952380952380953,0.0,-0.0235654422417429,0.8788190409359685,5.891051431205939,0,달고나커피
1.0,1.0,0.0,3.8333333333333335,8.725642885196644,0.510752688172043,6.333333333333333,0.0,-0.0625,-0.1736111111111111,0.0311332503113324,0.0350451942319451,-0.0952380952380952,0.0,-0.0301027372656081,0.8788190409359685,5.891051431205939,0,달고나커피
1.0,1.0,0.0,4.055555555555555,8.814337955217304,0.5057021831215379,6.0,0.0,-0.1511627906976744,-0.2827417380660957,0.1184882533197138,0.0314477405803041,-0.2173913043478261,0.0,-0.0269816158876181,0.8788190409359685,5.891051431205939,0,달고나커피
0.0,0.75,-1.0,3.8055555555555554,8.460730329741436,0.5164379645511721,8.0,1.0,0.2666666666666666,0.3291666666666666,0.2859824780976219,-0.0204031306229772,-0.0769230769230768,0.0,-0.037200248731889,0.8788190409359685,5.891051431205939,0,달고나커피
1.0,0.75,0.0,6.26111111111111,7.876556986716895,0.6017962200028855,9.333333333333334,1.3333333333333333,1.493150684931507,1.6443134756291815,0.6671597633136095,-0.0920352743741319,0.2173913043478261,0.0,0.1352342486869846,0.8788190409359685,5.891051431205939,0,달고나커피
1.0,0.75,0.0,9.705555555555556,4.751858967988964,0.6768467250533905,10.666666666666666,2.333333333333333,2.1578947368421053,1.8912280701754387,1.5318840579710145,-0.4554144570767779,0.6842105263157894,0.0,0.3251946406308488,0.8788190409359685,5.891051431205939,0,달고나커피
1.0,0.75,0.0,9.429411764705884,5.273909400941868,0.6622692165574672,12.333333333333334,2.333333333333333,0.6923076923076925,-0.8008429926238145,1.3250604351329571,-0.4016669853440119,1.0555555555555558,0.0,0.3096032381539091,0.8788190409359685,5.891051431205939,0,달고나커피
1.0,1.0,0.0,6.779411764705881,8.218369028865546,0.5466079308027235,11.666666666666666,2.0,-0.2566666666666667,-2.414561403508772,0.781451266638042,-0.0286454350192363,0.4583333333333332,1.0,0.0584193423459324,0.8788190409359685,5.891051431205939,0,달고나커피
1.0,1.0,0.0,3.904411764705882,8.306981586790823,0.5240885509577623,11.0,1.0,-0.5909090909090909,-1.2832167832167831,-0.3764027350070462,0.054646287813292,0.1785714285714286,-0.25,-0.1291262165866554,0.8788190409359685,5.891051431205939,0,달고나커피
1.0,1.0,0.0,5.089285714285714,8.379253259467824,0.5638442565186752,7.666666666666667,0.0,-0.4843049327354259,-0.2276382660687592,-0.4756316951508709,0.7633632049930157,-0.2812499999999999,-1.0,-0.1669542960790739,0.8788190409359685,5.891051431205939,0,달고나커피
1.0,1.0,0.0,5.172619047619048,7.115869039318865,0.5920896736529812,8.0,0.0,-0.0476190476190476,0.5432900432900433,-0.4514377803523156,0.3492588700989139,-0.3513513513513514,-1.0,-0.1059682998241793,0.8788190409359685,5.891051431205939,1,달고나커피
1.0,1.0,0.0,4.61904761904762,7.23761535948545,0.5207995296884186,7.666666666666667,0.3333333333333333,-0.1043478260869564,0.3799571066484695,-0.3186654271252968,-0.1193367766688712,-0.3428571428571427,-0.8333333333333334,-0.0472155628558186,0.8788190409359685,5.891051431205939,1,달고나커피
1.0,1.0,0.0,3.171428571428571,7.389801612163968,0.4884185773074661,8.666666666666666,0.3333333333333333,-0.3249999999999999,-0.2773809523809523,-0.1877320419693302,-0.1104107388519182,-0.2121212121212121,-0.6666666666666667,-0.0680609671497497,0.8788190409359685,5.891051431205939,1,달고나커피
1.0,1.0,0.0,3.8936507936507936,7.518678669403807,0.5155657962109574,7.666666666666667,0.3333333333333333,-0.1747572815533982,-0.0704094554664417,-0.2349317738791423,-0.1027030170130784,0.0,0.0,-0.0856237511503652,0.8788190409359685,5.891051431205939,1,달고나커피
0.2857142857142857,0.8214285714285714,-0.7142857142857143,4.922222222222222,8.59348356017105,0.5217282611969519,7.0,0.0,0.1481481481481481,0.4731481481481481,-0.0484081319524358,0.2076506063683296,-0.125,0.0,-0.1188357365226867,0.8788190409359685,5.891051431205939,1,달고나커피
0.0,0.5714285714285714,-1.0,4.822222222222222,9.094978210928454,0.4866092135779042,6.333333333333333,0.0,0.0,0.1747572815533982,0.0439862542955324,0.2566263553932564,-0.1739130434782609,-1.0,-0.0656496677924604,0.8788190409359685,5.891051431205939,0,달고나커피
0.0,0.3214285714285714,-1.0,3.9333333333333336,9.127770606309786,0.4531862745098038,7.0,0.0,-0.2043010752688171,-0.3524492234169653,0.2402402402402406,0.2351847972867145,-0.1923076923076923,-1.0,-0.0721354682942024,0.8788190409359685,5.891051431205939,0,달고나커피
0.0,0.0714285714285714,-1.0,2.9444444444444446,8.734772863390885,0.461171497584541,7.333333333333333,0.0,-0.2588235294117647,-0.2588235294117647,-0.2437831227068895,0.1617430731460569,-0.0434782608695653,-1.0,-0.1055040870169741,0.8788190409359685,5.891051431205939,0,달고나커피
0.0,0.0,-1.0,3.1481481481481484,8.104775260020277,0.4581953071083505,7.666666666666667,0.3333333333333333,-0.0405405405405405,0.1637605347282765,-0.3604213694507147,-0.0568696381076273,0.0952380952380953,0.0,-0.1217740322190785,0.8788190409359685,5.891051431205939,0,달고나커피
1.0,0.25,0.0,3.9814814814814814,8.200217020944917,0.4903381642512076,7.333333333333333,0.3333333333333333,0.3650793650793651,0.6239028944911298,-0.1743471582181259,-0.0983796958313104,0.1578947368421053,0.0,0.007663132076529,0.8788190409359685,5.891051431205939,0,달고나커피
1.0,0.5,0.0,5.037037037037037,8.272847129954686,0.4819047619047618,7.0,0.3333333333333333,0.380281690140845,0.4208222306813856,0.2806026365348399,-0.0936618056290892,0.0,0.0,0.0633701614772463,0.8788190409359685,5.891051431205939,0,달고나커피
1.0,0.75,0.0,5.7407407407407405,8.317574294471894,0.5392052234605426,7.0,0.0,0.3604651162790697,-0.0046142488002953,0.9496855345911948,-0.0477629556536668,-0.0454545454545454,0.0,0.1692076077656914,0.8788190409359685,5.891051431205939,0,달고나커피
1.0,1.0,0.0,5.4490740740740735,8.359595032646636,0.516658325913645,7.333333333333333,0.0,0.1734693877551021,-0.2068123023857428,0.7308823529411761,0.0314406956949626,-0.0434782608695653,-1.0,0.1275941021182691,0.8788190409359685,5.891051431205939,0,달고나커피
1.0,1.0,0.0,4.479377104377105,8.400351379336605,0.5552922845476037,9.333333333333334,0.0,0.0683760683760683,-0.2920890479030014,0.1250528541226216,0.0244059831441663,0.2727272727272729,-1.0,0.1324680088803349,0.8788190409359685,5.891051431205939,0,달고나커피
1.0,1.0,0.0,4.03493265993266,8.438199886630535,0.5244468494468494,9.333333333333334,0.0,-0.0173913043478262,-0.1908606921029283,-0.198947192513369,0.019987406279651,0.3333333333333335,-1.0,0.0882790354134228,0.8788190409359685,5.891051431205939,0,달고나커피
1.0,1.0,0.0,4.243265993265993,8.472241520241884,0.5429210652894864,9.333333333333334,0.0,-0.0559999999999999,-0.1243760683760683,-0.2608504398826979,0.0185952322509201,0.3333333333333335,0.0,0.0068913312914442,0.8788190409359685,5.891051431205939,0,달고나커피
1.0,1.0,0.0,5.212962962962963,8.090772343099335,0.5402394876079087,7.0,0.3333333333333333,-0.1061946902654867,-0.0888033859176605,-0.0433305012744263,-0.0321573818465452,-0.0454545454545454,0.0,0.0456416949297457,0.8788190409359685,5.891051431205939,1,달고나커피
1.0,1.0,0.0,6.154761904761905,7.441618460854245,0.6059830427131659,6.333333333333333,0.6666666666666666,-0.0423728813559323,0.0136271186440676,0.3740218252103999,-0.1141300970862569,-0.3214285714285715,0.0,0.0912866243168855,0.8788190409359685,5.891051431205939,1,달고나커피
1.0,1.0,0.0,5.61904761904762,5.268065993516177,0.536462650824353,6.0,1.3333333333333333,-0.0396039603960394,0.0665907298694473,0.3926000983474647,-0.3756884093415601,-0.3571428571428572,0.0,0.0229113806102125,0.8788190409359685,5.891051431205939,1,달고나커피
1.0,1.0,0.0,10.285714285714286,6.362497071763447,0.4789229682846703,5.333333333333333,1.0,-0.0176991150442477,0.0246737663116846,1.4240088417830932,-0.2490184496555999,-0.4285714285714286,0.0,-0.1178773510486135,0.8788190409359685,5.891051431205939,1,달고나커피
0.1428571428571428,0.7857142857142857,-0.8571428571428572,10.26984126984127,6.90159951925873,0.4633116883116883,5.0,1.0,0.0721649484536079,0.1117689088496474,0.9700583608221264,-0.1469789005810868,-0.2857142857142857,2.0,-0.1423957357075915,0.8788190409359685,5.891051431205939,1,달고나커피
0.0,0.5357142857142857,-1.0,10.38888888888889,7.216532851759795,0.5448412698412698,4.666666666666667,0.3333333333333333,-0.072072072072072,-0.0543729570278243,0.6879432624113475,-0.0302468623295438,-0.263157894736842,-0.5,-0.1008968379678518,0.8788190409359685,5.891051431205939,0,달고나커피
0.0,0.2857142857142857,-1.0,4.388888888888889,7.330233664195651,0.577579365079365,6.666666666666667,0.3333333333333333,-0.1826923076923077,-0.2548572561459157,-0.2189265536723164,0.391446818095587,0.1111111111111111,-0.75,0.0766441320599491,0.8788190409359685,5.891051431205939,0,달고나커피
0.0,0.0357142857142857,-1.0,3.4166666666666665,7.432275507679313,0.5442460317460317,7.333333333333333,0.0,-0.2718446601941748,-0.1997725881221028,-0.6678240740740742,0.1681381419668557,0.375,-1.0,0.1363957625488814,0.8788190409359685,5.891051431205939,0,달고나커피
0.0,0.0,-1.0,5.416666666666667,7.540292975053207,0.5607456140350878,6.666666666666667,0.0,0.0823529411764707,0.2650452488687784,-0.4725656877897991,0.0925428161996679,0.3333333333333335,-1.0,0.2102988726195309,0.8788190409359685,5.891051431205939,0,달고나커피
0.0,0.0,0.0,6.022727272727273,7.623111683938603,0.6342995496173253,7.666666666666667,0.3333333333333333,0.6133333333333335,0.8851779935275084,-0.4202722411278561,0.0563399128820789,0.6428571428571428,0.0,0.1641914530485504,0.8788190409359685,5.891051431205939,0,달고나커피
0.0,0.0,0.0,7.328282828282828,7.704088905288307,0.6752415786028324,7.0,0.3333333333333333,0.4891304347826086,0.4067774936061379,0.6697353279631759,0.0510018177072228,0.05,0.0,0.1690888203910256,0.8788190409359685,5.891051431205939,0,달고나커피
0.0,0.0,0.0,7.113997113997114,7.771054354991035,0.698424535996316,8.0,0.3333333333333333,0.330578512396694,-0.2827548209366395,1.0821454967796431,0.0455821164005132,0.090909090909091,0.0,0.2832882469637015,0.8788190409359685,5.891051431205939,0,달고나커피
0.2857142857142857,0.0714285714285714,0.0,8.698412698412698,7.8372333229175934,0.7096402047732354,6.666666666666667,0.3333333333333333,0.2773722627737227,-0.2117581720088859,0.6058608058608057,0.039380478828449,0.0,0.0,0.2655296573194967,0.8788190409359685,5.891051431205939,0,달고나커피
1.0,0.3214285714285714,0.0,7.6761904761904765,7.892998491404083,0.6854856154012546,6.333333333333333,0.3333333333333333,-0.0559006211180124,-0.3864791335147064,0.2745372866127582,0.0354037588133613,-0.1739130434782609,0.0,0.0806969921621576,0.8788190409359685,5.891051431205939,1,달고나커피
1.0,0.5714285714285714,0.0,6.64047619047619,7.951178324830908,0.6539121164364513,5.333333333333333,0.3333333333333333,-0.3542857142857143,-0.631657977059437,-0.0938564536772669,0.0320725036510145,-0.2380952380952381,0.0,-0.0315878980831048,0.8788190409359685,5.891051431205939,1,달고나커피
1.0,0.8214285714285714,0.0,4.056060606060606,8.006899925922433,0.5427536231884057,6.666666666666667,0.0,-0.5657894736842105,-0.5098888525661981,-0.4298478701825559,0.0303492370735927,-0.1666666666666666,-1.0,-0.2228886655389945,0.8788190409359685,5.891051431205939,1,달고나커피
1.0,1.0,2.5,4.094155844155844,8.064670891673952,0.5418752744839701,7.333333333333333,0.6666666666666666,-0.327433628318584,0.0268520859671302,-0.529321499668215,0.029020134961567,0.0999999999999998,1.0,-0.2364084350926458,0.8788190409359685,5.891051431205939,1,달고나커피
0.1428571428571428,0.7857142857142857,-0.8571428571428572,6.344155844155844,8.120617923546947,0.584983164983165,8.0,0.6666666666666666,0.9393939393939392,1.5051834130781496,-0.1735280848184075,0.0288381446405638,0.2631578947368422,1.0,-0.1466149663246538,0.8788190409359685,5.891051431205939,1,달고나커피
0.0,0.5357142857142857,-1.0,10.071428571428571,8.169018905819877,0.6995130795130796,6.333333333333333,0.6666666666666666,1.447368421052632,1.7748020493712158,0.5166726425242023,0.0273972702019109,0.1875,1.0,0.0697356142062859,0.8788190409359685,5.891051431205939,0,달고나커피
0.0,0.2857142857142857,-1.0,11.305555555555555,8.216406979215929,0.7502431525203802,8.0,0.3333333333333333,0.9843750000000002,0.0449810606060609,1.787324119038725,0.0261658138894949,0.1999999999999999,0.0,0.3822904545769356,0.8788190409359685,5.891051431205939,0,달고나커피
0.0,0.0357142857142857,-1.0,10.305555555555555,7.844324196806709,0.6984692733780801,8.0,0.3333333333333333,0.2688172043010752,-1.1785512167515566,1.5171380738391052,-0.0273224658299114,0.090909090909091,-0.5,0.2889853187031554,0.8788190409359685,5.891051431205939,0,달고나커피
0.0,0.0,-1.0,7.972222222222221,8.02624276856562,0.651994914403721,7.333333333333333,0.3333333333333333,-0.2834645669291339,-1.2678395669291342,0.256624587740248,-0.0116216716350699,-0.0833333333333333,-0.5,0.1145532956020785,0.8788190409359685,5.891051431205939,0,달고나커피
0.0,0.0,0.0,6.291666666666667,8.1960876266911,0.5983187134502924,6.0,0.0,-0.5423728813559323,-0.8111900856570076,-0.3752955082742316,0.003313582840644,-0.0526315789473683,-1.0,-0.1446640084746193,0.8788190409359685,5.891051431205939,0,달고나커피
0.0,0.0,0.0,6.125,8.613137143408508,0.5897633744855967,5.0,0.0,-0.5714285714285714,-0.2879640044994375,-0.4582309582309583,0.0482851160119186,-0.375,-1.0,-0.2139036890848852,0.8788190409359685,5.891051431205939,0,달고나커피
0.0,0.0,0.0,5.363095238095238,8.685716821836289,0.5898396870619093,5.666666666666667,0.0,-0.2592592592592592,0.2831136220966731,-0.4795918367346938,0.1072613272883464,-0.2916666666666666,-1.0,-0.1555252184405967,0.8788190409359685,5.891051431205939,0,달고나커피
0.0,0.0,0.0,5.428571428571428,8.742722790150198,0.5850513272735495,5.333333333333333,0.0,0.0,0.5714285714285714,-0.3190642110502738,0.0892671754697773,-0.2727272727272727,-1.0,-0.1026750142543588,0.8788190409359685,5.891051431205939,0,달고나커피
0.0,0.0,0.0,6.011904761904762,8.790254729222912,0.6224951017974273,5.666666666666667,0.0,0.1749999999999998,0.434259259259259,-0.0444654683065279,0.0724939909862443,-0.0555555555555554,0.0,0.0404072074024197,0.8788190409359685,5.891051431205939,0,달고나커피
0.0,0.0,0.0,7.996031746031746,8.396329436045557,0.6336735784931454,5.666666666666667,0.3333333333333333,0.6153846153846154,0.6153846153846154,0.3054745707806932,-0.0251717468041097,0.1333333333333333,0.0,0.0744539350987132,0.8788190409359685,5.891051431205939,0,달고나커피
1.0,0.25,0.0,7.805555555555554,7.768094789634663,0.5935828755452996,5.666666666666667,0.3333333333333333,0.2978723404255319,0.122872340425532,0.4554199038105806,-0.1056472425965675,0.0,0.0,0.0063461116054022,0.8788190409359685,5.891051431205939,1,달고나커피
1.0,0.5,0.0,9.82222222222222,7.888527394944906,0.5954101180702166,6.0,0.3333333333333333,0.2936507936507937,-0.3217338217338217,0.8093567251461988,-0.0977035891115812,0.125,0.0,0.0177057812088745,0.8788190409359685,5.891051431205939,0,달고나커피
1.0,0.75,0.0,8.683333333333332,8.560255297234834,0.572766439909297,5.333333333333333,0.0,0.0655737704918033,-0.2322985699337285,0.4443564356435641,-0.0261652749633582,-0.0588235294117648,0.0,-0.0798860292145929,0.8788190409359685,5.891051431205939,0,달고나커피
1.0,1.0,0.0,9.794444444444444,8.534942868625128,0.6422556390977444,6.666666666666667,2.6666666666666665,0.1349693251533741,-0.1586814684974196,0.2249131513647639,0.0165088130039898,0.1764705882352941,7.0,0.0135433461262608,0.8788190409359685,5.891051431205939,0,달고나커피
0.0,0.75,-1.0,6.291666666666666,8.256561203468813,0.6205263157894737,7.5,4.0,0.1653846153846152,0.0998108448928118,-0.193950177935943,0.0628811088255429,0.3235294117647058,11.0,0.045391202061586,0.8788190409359685,5.891051431205939,0,달고나커피
0.0,0.0,0.0,265.25,1.7484145223618526,0.3160958904109589,1.5,1.5,0.0,0.0,0.0,0.0,0.0,0.0,0.0,0.0776622266711384,1.9924514115376935,0,동결건조젤리
0.0,0.0,0.0,221.41666666666663,1.6676631438530398,0.3753723381555925,1.3333333333333333,1.3333333333333333,0.0,0.0,0.0,0.0,0.0,0.0,0.0,0.0776622266711384,1.9924514115376935,0,동결건조젤리
0.0,0.0,0.0,142.91666666666666,2.4302777138582825,0.6012982640815184,1.3333333333333333,1.0,0.0606060606060605,0.0,0.0,0.0,0.0,0.0,0.0,0.0776622266711384,1.9924514115376935,0,동결건조젤리
0.0,0.0,0.0,88.41666666666667,4.997283592542192,0.4673220564391247,1.0,0.3333333333333333,-0.34221946683199,0.0,0.0,0.0,0.0,0.0,0.0,0.0776622266711384,1.9924514115376935,0,동결건조젤리
0.0,0.0,0.0,50.91666666666666,5.852689802477928,0.3526803118908382,1.0,0.0,-0.643731778425656,-0.7043378390317165,-0.8080427269871191,2.347426898840785,-0.3333333333333333,-1.0,0.1157383648117524,0.0776622266711384,1.9924514115376935,0,동결건조젤리
0.0,0.0,0.0,21.0,6.413169753238999,0.1990987083092346,1.0,0.0,-0.76248821866164,-0.4202687518296499,-0.9051561911930748,2.8456026187769186,-0.25,-1.0,-0.4695967494900814,0.0776622266711384,1.9924514115376935,0,동결건조젤리
0.0,0.0,0.0,28.133333333333336,6.164370094972456,0.319043992311319,1.0,0.3333333333333333,-0.3813420621931259,0.26238971623253,-0.8031486880466472,1.5364879329720589,-0.25,-0.6666666666666667,-0.4694080935047137,0.0776622266711384,1.9924514115376935,0,동결건조젤리
0.0,0.0,0.0,32.71666666666667,5.706275968253814,0.4351815584488852,1.0,0.6666666666666666,0.9960317460317458,1.7585199646933858,-0.629971724787936,0.1418755535046485,0.0,1.0,-0.0687759063527666,0.0776622266711384,1.9924514115376935,0,동결건조젤리
0.0,0.0,0.0,32.96666666666667,4.025989714667813,0.564176873614413,1.0,0.6666666666666666,0.462962962962963,0.844305025156089,-0.3525368248772503,-0.3121129172157256,0.0,0.0,0.5996834940676739,0.0776622266711384,1.9924514115376935,0,동결건조젤리
0.0,0.0,0.0,22.166666666666668,5.299342766571621,0.5109957221659349,1.0,0.3333333333333333,-0.2067594433399602,-1.202791189371706,0.0555555555555555,-0.1736780764464928,0.0,0.0,1.5665446376089518,0.0776622266711384,1.9924514115376935,0,동결건조젤리
0.0,0.0,0.0,19.0,5.198494729237393,0.5703483521068002,1.0,0.3333333333333333,-0.3815551537070525,-0.8445181166700155,-0.3246445497630332,-0.1566867905161652,0.0,0.0,0.7876793353007621,0.0776622266711384,1.9924514115376935,0,동결건조젤리
0.0,0.0,0.0,13.083333333333334,5.853708768124007,0.4378492943070948,1.0,0.3333333333333333,-0.4385964912280701,-0.2318370478881098,-0.6001018848700967,0.0258369557817423,0.0,-0.5,0.0061301675275906,0.0776622266711384,1.9924514115376935,0,동결건조젤리
0.0,0.0,0.0,11.75,6.232276914814569,0.3809974424552429,1.0,0.3333333333333333,-0.4269005847953216,-0.0453454310882691,-0.6435793731041457,0.5480111367668503,0.0,-0.5,-0.324684402580394,0.0776622266711384,1.9924514115376935,0,동결건조젤리
0.0,0.0,0.0,6.75,6.219211099450908,0.3874296449658769,1.0,0.3333333333333333,-0.5267857142857143,-0.0881892230576442,-0.6954887218045113,0.173581588019148,0.0,0.0,-0.2418143084961729,0.0776622266711384,1.9924514115376935,0,동결건조젤리
0.0,0.0,0.0,10.041666666666666,7.409297584670249,0.5202557319223986,1.0,0.3333333333333333,0.0612244897959184,0.4881250745912401,-0.4714912280701755,0.4252775025429669,0.0,0.0,-0.0878281141680612,0.0776622266711384,1.9924514115376935,0,동결건조젤리
0.0,0.0,0.0,33.49621212121212,7.207988806878516,0.6037009419690756,1.0,1.3333333333333333,8.490566037735848,9.01735175202156,1.5602200347423274,0.2313541879857694,0.0,3.0,0.3787870617090849,0.0776622266711384,1.9924514115376935,0,동결건조젤리
0.0,0.0,0.0,37.32954545454545,7.249250527279493,0.5423270031846685,1.0,1.0,4.697115384615385,4.635890894819466,2.1769825918762087,0.1631785022336709,0.0,2.0,0.4234400097013184,0.0776622266711384,1.9924514115376935,0,동결건조젤리
0.0,0.0,0.0,35.82121212121212,5.480396610035876,0.5121318079894733,1.0,1.0,0.1640159045725646,-8.326550133163282,4.306846240179573,-0.1187955317162753,0.0,2.0,0.3218704728559933,0.0776622266711384,1.9924514115376935,0,동결건조젤리
0.0,0.0,0.0,21.093939393939397,5.49832079398184,0.5780549805641909,1.0,0.3333333333333333,-0.4219409282700421,-5.119056312885427,1.100641267446247,-0.2579160532898824,0.0,0.0,0.1110977642249477,0.0776622266711384,1.9924514115376935,0,동결건조젤리
0.0,0.0,0.0,17.482828282828283,5.53284842596898,0.5924153101459341,1.3333333333333333,0.6666666666666666,-0.5072587532023911,-0.6712746577749558,-0.4780655132119566,-0.2324005247220925,0.3333333333333332,-0.5,-0.0186940768823906,0.0776622266711384,1.9924514115376935,0,동결건조젤리
0.0,0.0,0.0,15.421717171717171,5.8553796324691145,0.5372338575068544,1.6666666666666667,0.6666666666666666,-0.2335766423357664,0.1883642859342756,-0.5868763740909859,-0.1922779312930534,0.6666666666666667,-0.3333333333333333,-0.0093912817320658,0.0776622266711384,1.9924514115376935,0,동결건조젤리
0.0,0.0,0.0,6.207264957264957,6.471943213675448,0.4410589480789328,2.333333333333333,0.6666666666666666,-0.608318890814558,-0.1010601376121669,-0.8267153848322955,0.1809260668879002,1.3333333333333337,-0.3333333333333333,-0.1387784527377009,0.0776622266711384,1.9924514115376935,0,동결건조젤리
0.0,0.0,0.0,3.285042735042735,7.889215305236808,0.3450390475814204,2.6666666666666665,0.3333333333333333,-0.7790476190476191,-0.5454709767118526,-0.844266038993808,0.434840854297172,1.6666666666666663,0.0,-0.4031034085293118,0.0776622266711384,1.9924514115376935,0,동결건조젤리
0.0,0.0,0.0,5.546153846153846,7.790711080229776,0.4985495985495985,3.0,0.6666666666666666,-0.2300884955752211,0.3782303952393369,-0.6827656397219606,0.4080832295465191,1.25,0.0,-0.1584457896154184,0.0776622266711384,1.9924514115376935,0,동결건조젤리
0.0,0.0,0.0,6.514814814814815,7.697230639526867,0.5688179545322402,3.0,0.3333333333333333,0.6379310344827587,1.4169786535303777,-0.577555810272365,0.3145570608000143,0.7999999999999998,-0.5,0.0587902206535499,0.0776622266711384,1.9924514115376935,0,동결건조젤리
0.0,0.0,0.0,6.684511784511785,6.472785547720271,0.6314442171585029,3.0,0.3333333333333333,0.1379310344827586,0.3680195300579798,0.0768852031502633,0.0001301516433336,0.2857142857142856,-0.5,0.4316549293667164,0.0776622266711384,1.9924514115376935,0,동결건조젤리
0.0,0.0,0.0,3.689273689273689,7.532352148840817,0.4944757275584342,3.333333333333333,0.0,-0.3736842105263158,-1.0116152450090743,0.1230519621309267,-0.0452343031073201,0.2500000000000002,-1.0,0.4331007780844007,0.0776622266711384,1.9924514115376935,0,동결건조젤리
0.0,0.0,0.0,2.707792207792208,8.26971386401155,0.3968472317156528,3.0,0.0,-0.5454545454545454,-0.6833855799373041,-0.5117711691914189,0.0614838336127394,0.0,-1.0,-0.2039964872699177,0.0776622266711384,1.9924514115376935,0,동결건조젤리
0.0,0.0,0.0,2.344155844155844,8.358828746445962,0.3423017771701982,3.0,0.0,-0.3445378151260504,0.0291463954002654,-0.6401807402375908,0.0859527455915964,0.0,-1.0,-0.3982226221187313,0.0776622266711384,1.9924514115376935,0,동결건조젤리
0.0,0.0,0.0,2.1317016317016315,8.364451267283334,0.3177318052318052,2.6666666666666665,0.0,-0.2555555555555556,0.2898989898989897,-0.6810983807911225,0.2922490951719096,-0.1111111111111111,-1.0,-0.4968173013578342,0.0776622266711384,1.9924514115376935,0,동결건조젤리
0.0,0.0,0.0,1.9044289044289044,8.519316574331143,0.3052318052318052,3.0,0.0,-0.141025641025641,0.2035121741004093,-0.4837929996991275,0.1310300429384747,-0.1,0.0,-0.3827163029033923,0.0776622266711384,1.9924514115376935,0,동결건조젤리
0.0,0.0,0.0,4.965034965034965,8.322457598337738,0.440989380989381,3.0,0.3333333333333333,0.5223880597014927,0.7779436152570484,0.833610035048884,0.0063779394539538,0.0,0.0,0.1112320957434742,0.0776622266711384,1.9924514115376935,0,동결건조젤리
0.0,0.0,0.0,5.087542087542087,8.475757737163093,0.4472053872053872,3.0,0.3333333333333333,0.4477611940298509,0.588786835055492,1.1703088129680927,0.0139886812212592,0.0,0.0,0.306465280146732,0.0776622266711384,1.9924514115376935,0,동결건조젤리
0.0,0.0,0.0,8.092592592592593,7.591559435213193,0.5873763273763274,3.0,0.6666666666666666,0.3921568627450982,-0.1302311969563945,2.7963064212380786,-0.0924019768150513,0.125,0.0,0.8486544869116883,0.0776622266711384,1.9924514115376935,0,동결건조젤리
0.0,0.0,0.0,12.75925925925926,7.627018877372068,0.5946490546490546,2.6666666666666665,0.3333333333333333,0.9278350515463918,0.4800738575165408,5.699782401740786,-0.1047381781359767,-0.1111111111111111,0.0,0.9481883750530335,0.0776622266711384,1.9924514115376935,0,동결건조젤리
0.0,0.0,0.0,16.944444444444446,5.490438168647124,0.7270845204178538,2.333333333333333,0.3333333333333333,0.7957746478873238,0.4036177851422255,2.4127543035993746,-0.3402864353741207,-0.2222222222222222,0.0,0.6487574344457103,0.0776622266711384,1.9924514115376935,0,동결건조젤리
0.0,0.0,0.0,15.80952380952381,5.968770312586809,0.7250088183421516,2.0,0.0,0.2941176470588236,-0.6337174044875682,2.107497400018909,-0.2957832800699413,-0.3333333333333333,-1.0,0.6211987580757341,0.0776622266711384,1.9924514115376935,0,동결건조젤리
0.0,0.0,0.0,9.095238095238097,6.367181503258954,0.653076045232908,2.0,0.0,-0.3098039215686274,-1.1055785694559512,0.1238966982674074,-0.1612814787795776,-0.3333333333333333,-1.0,0.111852852752929,0.0776622266711384,1.9924514115376935,0,동결건조젤리
0.0,0.0,0.0,5.571428571428572,6.6364212534402,0.5874220656004338,2.0,0.0,-0.5165289256198348,-0.8106465726786584,-0.5633423180592991,-0.1298800540366806,-0.25,-1.0,-0.0121533684315465,0.0776622266711384,1.9924514115376935,0,동결건조젤리
0.0,0.0,0.0,4.285714285714286,6.856399409537394,0.5436125417909099,2.333333333333333,0.0,-0.4886363636363636,-0.1788324420677361,-0.747072599531616,0.2487891128053356,0.0,-1.0,-0.2523392720855932,0.0776622266711384,1.9924514115376935,0,동결건조젤리
0.0,0.0,0.0,3.583333333333333,7.02185202243156,0.5497877391425778,2.333333333333333,0.0,-0.3333333333333333,0.1831955922865014,-0.7733433734939759,0.1764319373496472,0.1666666666666667,0.0,-0.2416813075463616,0.0776622266711384,1.9924514115376935,0,동결건조젤리
0.0,0.0,0.0,3.583333333333333,7.158594120938765,0.5559321323837453,2.333333333333333,0.0,-0.1333333333333333,0.3553030303030303,-0.6060209424083769,0.1242955956689371,0.1666666666666667,0.0,-0.1487482408185987,0.0776622266711384,1.9924514115376935,0,동결건조젤리
0.0,0.0,0.0,4.726190476190476,7.313136741616808,0.4992125556641686,2.0,0.0,-0.0512820512820512,0.2820512820512821,-0.1517094017094018,0.1019699416799093,0.0,0.0,-0.1501637665689349,0.0776622266711384,1.9924514115376935,0,동결건조젤리
0.0,0.0,0.0,8.333333333333334,6.983932405255527,0.5655716351811427,2.0,0.3333333333333333,0.8846153846153846,1.017948717948718,0.9444444444444446,0.0186005785399159,-0.1428571428571429,0.0,0.0403947512283096,0.0776622266711384,1.9924514115376935,0,동결건조젤리
0.0,0.0,0.0,9.19047619047619,7.139900636634855,0.5267390698969646,2.0,0.3333333333333333,1.0405405405405403,1.0918225918225914,1.564784053156146,0.0168116066567887,-0.1428571428571429,0.0,-0.04192285059241,0.0776622266711384,1.9924514115376935,0,동결건조젤리
0.0,0.0,0.0,8.657142857142857,7.263124815691931,0.5965803397382344,2.333333333333333,0.3333333333333333,0.0680272108843538,-0.8165881737310308,1.4159468438538203,0.0146021261978543,0.0,0.0,0.0731172115923508,0.0776622266711384,1.9924514115376935,0,동결건조젤리
0.0,0.0,0.0,5.228571428571429,7.709718954750382,0.5381734529560617,2.6666666666666665,0.0,-0.4370860927152318,-1.477626633255772,0.1062972292191435,0.0542287430339907,0.3333333333333332,0.0,0.0780447063076332,0.0776622266711384,1.9924514115376935,0,동결건조젤리
0.0,0.0,0.0,4.60952380952381,8.401757617065321,0.5589141936968024,2.6666666666666665,0.0,-0.4522292993630573,-0.5202565102474112,-0.4468571428571428,0.20301244764953,0.3333333333333332,-1.0,-0.0117711728633775,0.0776622266711384,1.9924514115376935,0,동결건조젤리
0.0,0.0,0.0,3.976190476190476,8.437986881549701,0.4970094317920404,2.333333333333333,0.0,-0.0588235294117646,0.3782625633034672,-0.5673575129533679,0.1818073263168904,0.1666666666666667,-1.0,-0.0564409207593801,0.0776622266711384,1.9924514115376935,0,동결건조젤리
0.0,0.0,0.0,5.680952380952381,9.070649556932526,0.5052910052910052,2.0,0.0,0.1511627906976744,0.6033920900607318,-0.3437843784378437,0.2488632354679421,-0.1428571428571429,-1.0,-0.1530210239366668,0.0776622266711384,1.9924514115376935,0,동결건조젤리
28.571428571428577,7.142857142857144,0.0,8.5,8.667535421948989,0.5840180516651104,2.6666666666666665,0.6666666666666666,1.4874999999999998,1.5463235294117643,0.6256830601092895,0.1242349394083222,0.0,0.0,0.0851855446552316,0.0776622266711384,1.9924514115376935,0,동결건조젤리
100.0,32.142857142857146,0.0,16.071428571428573,8.497034360687147,0.7093730680283011,4.333333333333333,1.6666666666666667,4.505050505050505,4.353887714352831,2.486570247933884,0.0113400966755221,0.625,0.0,0.2691985210400991,0.0776622266711384,1.9924514115376935,1,동결건조젤리
100.0,57.142857142857146,0.0,23.71587301587301,3.515199616538773,0.7872840590598597,6.333333333333333,2.333333333333333,4.361809045226131,2.8743090452261315,4.964471057884231,-0.5834077883878886,1.714285714285714,0.0,0.5840424923551077,0.0776622266711384,1.9924514115376935,1,동결건조젤리
78.57142857142857,76.78571428571429,0.0,24.293650793650794,4.118449076592931,0.783109577673102,7.333333333333333,2.0,1.1302752293577982,-3.374775275692707,3.276334171556301,-0.5459587485170476,2.6666666666666665,0.0,0.5498189547666628,0.0776622266711384,1.9924514115376935,0,동결건조젤리
75.0,88.39285714285715,1.6249999999999996,22.657004830917877,4.186983528801649,0.7408233443786943,9.333333333333334,4.0,0.2033739456419867,-4.158435099584144,1.6655299801079853,-0.5169349388294555,2.5000000000000004,5.0,0.2684939143002718,0.0776622266711384,1.9924514115376935,0,동결건조젤리
75.0,82.14285714285714,-0.25,18.94095544820183,3.674634962833304,0.7153175763945608,12.0,5.333333333333333,0.0895779500430664,-1.0406972793147318,0.1785483389992248,-0.5675391193150194,1.7692307692307696,2.2,0.0083799465107723,0.0776622266711384,1.9924514115376935,0,동결건조젤리
75.0,75.89285714285714,-0.25,16.40317767042405,4.625871102512137,0.6586721857910716,14.333333333333334,5.333333333333333,-0.043613707165109,-0.2469876528070957,-0.3083460322356501,0.3159625646144619,1.2631578947368425,1.2857142857142856,-0.1633614599314646,0.0776622266711384,1.9924514115376935,0,동결건조젤리
76.71428571428571,75.42857142857143,-0.0236363636363636,11.82395061728395,4.979308967740936,0.6557982608907149,16.0,4.0,-0.2371541501976284,-0.3267321002406949,-0.5132905005626338,0.2090252605138844,1.181818181818182,1.0,-0.1625715230819605,0.0776622266711384,1.9924514115376935,0,동결건조젤리
78.0,76.17857142857143,0.04,7.262222222222221,5.489111800383529,0.6141134285636808,16.666666666666668,3.333333333333333,-0.499185667752443,-0.4555719605873339,-0.6794712153518123,0.3109943620806552,0.7857142857142858,-0.1666666666666666,-0.1710393129164703,0.0776622266711384,1.9924514115376935,0,동결건조젤리
78.0,76.92857142857143,0.04,6.416161616161617,6.048927749886012,0.6304501129850849,18.666666666666668,3.333333333333333,-0.3854922279792746,-0.1483380777816462,-0.6612545954343217,0.6461302445187709,0.5555555555555556,-0.3749999999999999,-0.1186430561894428,0.0776622266711384,1.9924514115376935,0,동결건조젤리
78.0,77.67857142857143,0.04,5.6118881118881125,6.533337077851722,0.5913197734931174,18.33333333333333,2.333333333333333,-0.1869918699186992,0.3121937978337438,-0.657877990189261,0.4123474115618379,0.2790697674418603,-0.5625,-0.1022548298696768,0.0776622266711384,1.9924514115376935,0,동결건조젤리
79.57142857142857,78.39285714285714,0.0372439478584729,4.376255927980066,6.870046777415903,0.533446592324917,19.33333333333333,3.0,-0.3490725126475548,0.0364197153317198,-0.6298820868227438,0.379718917208059,0.2083333333333332,-0.25,-0.186569065309228,0.0776622266711384,1.9924514115376935,0,동결건조젤리
89.0,81.14285714285714,0.1410256410256409,4.681241265223467,6.544194912345467,0.5227562409441298,19.0,4.333333333333333,-0.192,-0.0050081300813008,-0.3553982345928518,0.192213813515006,0.1399999999999999,0.2999999999999998,-0.1487627258586769,0.0776622266711384,1.9924514115376935,1,동결건조젤리
89.0,83.89285714285714,0.1410256410256409,6.058530642512846,5.9845665046683845,0.5802366958126444,20.0,4.666666666666667,0.3730569948186528,0.7221295074662076,-0.0557390843690621,-0.010640108111531,0.0714285714285714,0.4000000000000001,-0.0796469318320647,0.0776622266711384,1.9924514115376935,1,동결건조젤리
89.0,86.64285714285714,0.1410256410256409,7.362064060988793,3.465171507447556,0.6798708020935194,19.666666666666668,3.6666666666666665,0.5594059405940595,0.7514059405940595,0.311869359154389,-0.4696169099869914,0.0727272727272727,0.5714285714285712,0.1497515093691226,0.0776622266711384,1.9924514115376935,1,동결건조젤리
89.0,89.0,0.118491921005386,9.318694885361554,3.3747678448252163,0.7644734014323933,20.0,3.333333333333333,0.509433962264151,0.1363769674454982,1.129376123955976,-0.5087707618062827,0.0344827586206897,0.1111111111111111,0.4330832972436726,0.0776622266711384,1.9924514115376935,1,동결건조젤리
67.57142857142857,83.64285714285714,-0.2407704654895666,9.630864197530864,3.4361205306711384,0.7881391479242267,21.0,4.0,0.4412698412698412,-0.1181360993242182,1.0573313042157673,-0.4749360957771934,0.1052631578947369,-0.0769230769230768,0.5076609061630697,0.0776622266711384,1.9924514115376935,0,동결건조젤리
64.0,77.39285714285714,-0.2808988764044944,9.451851851851853,5.257992933408777,0.7603968568301861,21.666666666666668,4.0,0.1862499999999998,-0.3231839622641512,0.5600897989238505,-0.121407886551654,0.0833333333333334,-0.1428571428571429,0.3104942557368253,0.0776622266711384,1.9924514115376935,0,동결건조젤리
64.0,71.14285714285714,-0.2808988764044944,8.31712962962963,5.431376135929719,0.7165812571536945,21.33333333333333,4.666666666666667,-0.0484581497797357,-0.489727991049577,0.1297279622574436,0.5674191376260243,0.0847457627118641,0.2727272727272729,0.053996222439812,0.0776622266711384,1.9924514115376935,0,동결건조젤리
64.0,64.89285714285714,-0.2808988764044944,6.929924242424243,5.748787707222665,0.650888093634444,21.0,5.0,-0.2665964172813487,-0.4528464172813485,-0.2563417594764,0.7034616813828278,0.05,0.5,-0.148579803542052,0.0776622266711384,1.9924514115376935,0,동결건조젤리
75.57142857142857,66.89285714285714,0.1183932346723044,13.583770396270396,4.979673223783845,0.7292907206141073,21.666666666666668,6.333333333333333,0.7280092592592593,0.776467409038995,0.410441484550573,0.4492137802893723,0.0317460317460318,0.5833333333333333,-0.0746675602463249,0.0776622266711384,1.9924514115376935,0,동결건조젤리
91.0,73.64285714285714,0.421875,12.871017871017871,4.86516269419506,0.7283424467308038,22.0,5.666666666666667,1.0560344827586206,1.3226309000399694,0.3617456211500098,-0.0747110626029394,0.0153846153846153,0.4166666666666667,-0.0421548429763443,0.0776622266711384,1.9924514115376935,1,동결건조젤리
91.0,80.39285714285714,0.421875,12.527006327006326,4.9348855190810506,0.7263222447106017,22.33333333333333,5.333333333333333,-0.057602143335566,-0.7856114025948253,0.5061694220057704,-0.0914115694481693,0.046875,0.1428571428571428,0.0135936957039584,0.0776622266711384,1.9924514115376935,1,동결건조젤리
91.0,87.14285714285714,0.421875,7.3311181311181315,4.981549395450284,0.6793202491315699,22.0,6.666666666666667,-0.456324248777079,-1.5123587315356994,0.0578929689069069,-0.133460887903103,0.0476190476190476,0.3333333333333335,0.0436820949333482,0.0776622266711384,1.9924514115376935,1,동결건조젤리
91.0,91.0,0.2041587901701322,8.344175534419437,4.864423848314368,0.6851122006515519,23.0,7.333333333333333,-0.3219616204690831,-0.2643594771335171,-0.3857246338092963,-0.0231439635273705,0.0615384615384615,0.1578947368421053,-0.0605773784223586,0.0776622266711384,1.9924514115376935,1,동결건조젤리
49.0,80.5,-0.4615384615384615,9.658725798969702,3.469748385992905,0.7187149984958358,23.666666666666668,9.0,0.4151670951156814,0.8714913438927604,-0.2495756049940232,-0.2868176042431456,0.0757575757575759,0.588235294117647,-0.0132182989995726,0.0776622266711384,1.9924514115376935,0,동결건조젤리
49.0,70.0,-0.4615384615384615,9.065502140528652,3.8790711941771217,0.7093235917692257,26.666666666666668,7.0,0.1677148846960168,0.4896765051651,-0.2763233366470963,-0.2139491019237539,0.1940298507462687,0.3125,-0.0234037344514335,0.0776622266711384,1.9924514115376935,0,동결건조젤리
49.0,59.5,-0.4615384615384615,7.325445010227619,5.146043165772959,0.6527288846033201,27.33333333333333,6.0,-0.1980018165304269,-0.6131689116461083,-0.0007738411507014,0.033020604086132,0.2424242424242424,-0.1,-0.0391440775720194,0.0776622266711384,1.9924514115376935,0,동결건조젤리
49.0,49.0,-0.4615384615384615,6.229942364724974,5.110733097053598,0.6619593004465213,27.33333333333333,4.333333333333333,-0.3186714542190305,-0.4863863389150473,-0.2533783189211832,0.0506348246821835,0.1884057971014492,-0.409090909090909,-0.0337943189203342,0.0776622266711384,1.9924514115376935,0,동결건조젤리
54.0,50.25,0.1020408163265305,4.594205355180966,5.368564173751118,0.6441441432577067,25.33333333333333,3.333333333333333,-0.4178935447338617,-0.2198917282034348,-0.5243466425280412,0.5472488424300674,0.0704225352112675,-0.6296296296296295,-0.1037558077877807,0.0776622266711384,1.9924514115376935,1,동결건조젤리
56.00000000000001,52.00000000000001,0.142857142857143,5.5131242740998845,4.569162010808191,0.7082337500322217,23.666666666666668,3.0,-0.2714097496706191,0.0472617045484113,-0.3918567125528924,0.1779010443703548,-0.1125,-0.5714285714285714,-0.0015364521209363,0.0776622266711384,1.9924514115376935,1,동결건조젤리
56.00000000000001,53.75,0.142857142857143,4.70430593194821,6.065726045835688,0.6331895374670712,21.666666666666668,2.333333333333333,-0.1400778210116731,0.2778157237221886,-0.3578129485130029,0.1787165110039625,-0.2073170731707316,-0.6111111111111112,-0.0299348590159657,0.0776622266711384,1.9924514115376935,1,동결건조젤리
56.00000000000001,55.5,0.142857142857143,5.126419753086421,5.885255806582801,0.6362802547666493,19.33333333333333,2.6666666666666665,-0.2549728752260397,0.0164368744445794,-0.1771320739477289,0.1515482602634299,-0.2926829268292683,-0.3846153846153846,-0.0387924841641326,0.0776622266711384,1.9924514115376935,1,동결건조젤리
40.0,52.0,-0.2592592592592593,3.703342830009498,6.957835439672327,0.558039091407636,19.0,3.0,-0.3506787330316742,-0.210600912020001,-0.1939100358600267,0.2960328338239375,-0.25,-0.1,-0.1336735771819666,0.0776622266711384,1.9924514115376935,1,동결건조젤리
0.0,38.0,-1.0,4.421520778072503,6.573467414142082,0.6277491751377797,18.666666666666668,3.6666666666666665,-0.1359223300970874,0.1190505451289523,-0.198000886930053,0.4386592987057096,-0.2112676056338027,0.2222222222222221,-0.113641258822783,0.0776622266711384,1.9924514115376935,0,동결건조젤리
0.0,24.0,-1.0,4.542440318302389,6.581741421620059,0.645110376612514,18.666666666666668,5.333333333333333,0.3484320557491289,0.6991107887808031,-0.0344079692067957,0.0850706695101457,-0.1384615384615384,1.2857142857142856,0.0188266521160938,0.0776622266711384,1.9924514115376935,0,동결건조젤리
0.0,10.0,-1.0,4.516241879060471,6.499830899343173,0.5980540378121257,18.33333333333333,5.666666666666667,0.0589887640449438,0.1949110941420312,-0.1190261241597677,0.1044262327684981,-0.0517241379310344,1.1250000000000004,-0.0600776413666062,0.0776622266711384,1.9924514115376935,0,동결건조젤리
0.0,0.0,-1.0,3.3227552890221563,7.423260353686396,0.4849236398283343,18.0,4.0,-0.3178294573643411,-0.66626151311347,-0.102768649422167,0.0668921991687672,-0.0526315789473684,0.3333333333333332,-0.1310220963102606,0.0776622266711384,1.9924514115376935,0,동결건조젤리
0.0,0.0,0.0,5.759057971014493,7.423618000797944,0.521980643203401,18.0,2.6666666666666665,0.0928381962864721,0.0338494322415283,0.3025061421344424,0.1293306155023843,-0.0357142857142858,-0.2727272727272727,-0.1684885239573026,0.0776622266711384,1.9924514115376935,0,동결건조젤리
0.0,0.0,0.0,6.875000000000001,6.992381058064873,0.6400380395605447,19.33333333333333,2.0,1.0795454545454546,1.3973749119097958,0.513503649635036,0.0623907276417641,0.0357142857142855,-0.625,-0.0078627429287437,0.0776622266711384,1.9924514115376935,0,동결건조젤리
0.0,0.0,0.0,8.445707070707073,4.4441262030800175,0.766417575662303,21.33333333333333,2.6666666666666665,0.75,0.6571618037135278,0.8700741228820239,-0.3162704888939326,0.1636363636363635,-0.5294117647058825,0.2815189384325625,0.0776622266711384,1.9924514115376935,0,동결건조젤리
0.0,0.0,0.0,5.379349046015715,6.8989138081164345,0.6506295731798178,21.33333333333333,1.3333333333333333,-0.0692167577413478,-1.1487622122868024,0.6189422867787497,-0.0706356130038696,0.1851851851851851,-0.6666666666666667,0.3417155191900818,0.0776622266711384,1.9924514115376935,0,동결건조젤리
33.714285714285715,8.428571428571429,0.0,5.291113751898068,6.844097505674773,0.6339498179973888,22.33333333333333,3.0,-0.2954230235783633,-1.0454230235783633,-0.0812536045776241,-0.0780644282964021,0.2407407407407407,0.125,0.2145082892477234,0.0776622266711384,1.9924514115376935,0,동결건조젤리
59.0,23.17857142857143,0.0,4.214558727974622,7.513510555615807,0.565045092659915,22.666666666666668,3.0,-0.181996086105675,-0.1127793283643272,-0.3869732759309641,0.0745281890708564,0.1724137931034484,0.5,-0.1171695153496197,0.0776622266711384,1.9924514115376935,1,동결건조젤리
59.0,37.92857142857143,0.0,4.092296680981392,7.20261824311737,0.5641299440560401,24.0,4.333333333333333,-0.171259842519685,0.1241631810586783,-0.5154583687640512,0.6207051541708175,0.125,0.625,-0.2639391867174433,0.0776622266711384,1.9924514115376935,1,동결건조젤리
59.0,52.67857142857143,0.0,3.2299146911484224,7.4635683961856865,0.5314557917740447,22.33333333333333,3.0,-0.2559808612440192,-0.0739847751383441,-0.39957146050214,0.0818468825346023,0.046875,1.25,-0.1831668683969218,0.0776622266711384,1.9924514115376935,1,동결건조젤리
54.42857142857142,57.85714285714285,0.6144067796610166,4.305207088809241,6.73645399749829,0.6032393288190634,20.666666666666668,3.333333333333333,-0.1876484560570072,-0.0163886135373221,-0.1863325396727966,-0.0157279331697466,-0.0746268656716416,0.1111111111111111,-0.048443091718739,0.0776622266711384,1.9924514115376935,1,동결건조젤리
43.0,53.85714285714285,-0.2711864406779661,5.637345679012348,6.054418045399145,0.6885450094652459,19.666666666666668,3.333333333333333,0.405144694533762,0.6611255557777812,0.3375885929869269,-0.1941958421987036,-0.1323529411764705,0.1111111111111111,0.2185664797546733,0.0776622266711384,1.9924514115376935,1,동결건조젤리
43.0,49.85714285714285,-0.2711864406779661,6.10311447811448,3.5006557918895296,0.7112689812088254,18.33333333333333,3.0,0.3216374269005846,0.5092858829575918,0.4913665733176668,-0.5139745473481587,-0.2361111111111111,-0.3076923076923076,0.2608247243443058,0.0776622266711384,1.9924514115376935,1,동결건조젤리
43.0,45.85714285714285,-0.2711864406779661,4.705167618211099,7.233206992258745,0.5821722739597135,17.333333333333332,2.333333333333333,-0.2013729977116705,-0.6065176922454325,0.4567467156657745,-0.0308647809866214,-0.2238805970149253,-0.2222222222222222,0.0954293526774312,0.0776622266711384,1.9924514115376935,1,동결건조젤리
36.85714285714285,41.46428571428571,-0.3228346456692914,2.9840347206076125,7.625523186079879,0.4733462174212386,15.0,1.3333333333333333,-0.581858407079646,-0.9034958339802306,-0.3068777740415377,0.1319788109459014,-0.2741935483870968,-0.6000000000000001,-0.2153259994704111,0.0776622266711384,1.9924514115376935,1,동결건조젤리
0.0,30.71428571428571,-1.0,2.1585383778698906,8.157019767200806,0.3964740474456203,16.333333333333332,1.3333333333333333,-0.5730659025787965,-0.371692904867126,-0.6171002275226694,0.3472838687443236,-0.1694915254237289,-0.6000000000000001,-0.4241857220727815,0.0776622266711384,1.9924514115376935,0,동결건조젤리
0.0,19.96428571428571,-1.0,1.9548770506387687,8.205571695803847,0.3825231990172739,16.0,1.3333333333333333,-0.3227513227513228,0.2591070843283232,-0.6796918921234596,1.344009860899455,-0.1272727272727272,-0.5555555555555556,-0.4621961464323062,0.0776622266711384,1.9924514115376935,0,동결건조젤리
0.0,9.214285714285712,-1.0,1.893602540834848,8.421923515421252,0.3583285211461254,15.333333333333334,1.0,-0.1744966442953019,0.3985692582834945,-0.5975483352589266,0.1643415603113136,-0.1153846153846153,-0.5714285714285714,-0.3844974465910037,0.0776622266711384,1.9924514115376935,0,동결건조젤리
0.0,0.0,-1.0,5.082735247208933,8.037032538994985,0.4982925471823498,15.333333333333334,1.6666666666666667,1.4921875,1.8149388227513228,0.7033096874201183,0.0539647369594655,0.0222222222222223,0.2500000000000002,0.0527020790342791,0.0776622266711384,1.9924514115376935,0,동결건조젤리
0.0,0.0,0.0,5.374158249158252,7.756773503931345,0.5504396245253956,14.666666666666666,1.6666666666666667,1.707317073170732,1.8818137174660337,1.4897209631554618,-0.0490677078997457,-0.1020408163265306,0.2500000000000002,0.388337088068527,0.0776622266711384,1.9924514115376935,0,동결건조젤리
0.0,0.0,0.0,7.032491582491584,6.665446074543953,0.6920758775667583,17.0,3.333333333333333,0.3793103448275861,-1.112877155172414,2.597408635082023,-0.1876926652225196,0.0625,1.5000000000000004,0.8092389673220988,0.0776622266711384,1.9924514115376935,0,동결건조젤리
0.0,0.0,0.0,5.950805152979068,6.663612690514369,0.6769814547254822,15.666666666666666,3.6666666666666665,0.1321321321321322,-1.5751849410385996,2.142584055868181,-0.2087778191867056,0.0217391304347824,2.6666666666666665,0.889275943093045,0.0776622266711384,1.9924514115376935,0,동결건조젤리
0.0,0.0,0.0,6.654508856682772,2.41329792607859,0.7493311511052161,16.0,4.333333333333333,-0.0568181818181816,-0.4361285266457677,0.3092377495634741,-0.6997277397634665,0.0434782608695651,1.5999999999999996,0.5037976292087687,0.0776622266711384,1.9924514115376935,0,동결건조젤리
0.0,0.0,0.0,5.08228663446055,7.547671592391082,0.6243615647305203,14.666666666666666,2.6666666666666665,-0.1777188328912468,-0.309850965023379,-0.0543102009962987,-0.0269573310905989,0.0,0.5999999999999999,0.1342961823812416,0.0776622266711384,1.9924514115376935,0,동결건조젤리
0.0,0.0,0.0,3.735185185185187,7.549263125757642,0.5966183983171812,15.0,1.6666666666666667,-0.5084337349397591,-0.4516155531215774,-0.4688674502669187,0.1325968346798394,-0.1176470588235294,-0.5,-0.1379292102842714,0.0776622266711384,1.9924514115376935,0,동결건조젤리
0.0,0.0,0.0,2.8277777777777797,8.066510374065876,0.4982088122605363,16.0,1.0,-0.4870967741935483,-0.3093779413023015,-0.524807533588602,0.2105310960747355,0.0212765957446809,-0.7272727272727273,-0.2640731754423593,0.0776622266711384,1.9924514115376935,0,동결건조젤리
0.0,0.0,0.0,3.012500000000001,7.182874884143196,0.5497591998574355,16.333333333333332,1.6666666666666667,-0.1666666666666667,0.3417670682730923,-0.5472994228605306,1.9763730397824424,0.0208333333333332,-0.6153846153846154,-0.2663334507759681,0.0776622266711384,1.9924514115376935,0,동결건조젤리
0.0,0.0,0.0,2.410984848484851,7.908743049793374,0.4883793919259034,14.0,1.0,-0.3018867924528302,0.1852099817407181,-0.525610218019362,0.0478387874965695,-0.0454545454545454,-0.625,-0.2177939522323222,0.0776622266711384,1.9924514115376935,0,동결건조젤리
0.0,0.0,0.0,2.4850589225589244,8.208892363911785,0.4628238363703479,11.333333333333334,0.6666666666666666,-0.4647058823529412,-0.2980392156862744,-0.3346892324334068,0.0873766389071175,-0.2444444444444443,-0.6000000000000001,-0.2242548374710091,0.0776622266711384,1.9924514115376935,0,동결건조젤리
0.0,0.0,0.0,2.351130351130353,8.55130813050839,0.4309163059163058,10.333333333333334,0.3333333333333333,-0.2792792792792792,0.022607513173551,-0.1685590113880877,0.0601000598723775,-0.3541666666666666,-0.6666666666666667,-0.1350688801326142,0.0776622266711384,1.9924514115376935,0,동결건조젤리
0.0,0.0,0.0,2.194953194953197,8.753667674871984,0.3909747659747658,11.0,0.3333333333333333,-0.1318681318681318,0.3328377504848093,-0.2713848315508063,0.2186858070153006,-0.3265306122448979,-0.8,-0.2888254237925366,0.0776622266711384,1.9924514115376935,0,동결건조젤리
0.0,0.0,0.0,2.060273060273062,8.669737868024715,0.3798636548636547,11.333333333333334,0.6666666666666666,-0.0125,0.2667792792792791,-0.1454641195411031,0.0962219676932383,-0.1904761904761904,-0.3333333333333333,-0.2221955693796199,0.0776622266711384,1.9924514115376935,0,동결건조젤리
0.0,0.0,0.0,1.9953379953379973,8.698066307751285,0.3601713906061731,10.333333333333334,0.6666666666666666,-0.1139240506329114,0.0179440812352204,-0.1970661229700943,0.0595907367466557,-0.088235294117647,0.0,-0.2217959355101864,0.0776622266711384,1.9924514115376935,0,동결건조젤리
0.0,0.0,0.0,1.8293460925039893,8.788664853079505,0.333210826803504,10.666666666666666,0.6666666666666666,-0.0759493670886075,-0.0634493670886074,-0.2219291067275387,0.0277567734606942,0.032258064516129,1.0,-0.2267388766016631,0.0776622266711384,1.9924514115376935,0,동결건조젤리
0.0,0.0,0.0,2.112174375332272,8.909935772028096,0.3634191601368373,10.666666666666666,0.3333333333333333,0.2142857142857142,0.3282097649186256,-0.0377132504744321,0.0178517283223682,-0.0303030303030303,0.0,-0.0704792437671206,0.0776622266711384,1.9924514115376935,0,동결건조젤리
0.0,0.0,0.0,2.5263157894736863,9.029206509593909,0.3799809129304742,10.0,0.3333333333333333,0.2602739726027399,0.3362233396913474,0.2262043503781272,0.0414624579244737,-0.1176470588235294,-0.5,0.000308684617015,0.0776622266711384,1.9924514115376935,0,동결건조젤리
0.0,0.0,0.0,2.574074074074076,8.965651493802177,0.3887905714854638,10.333333333333334,0.3333333333333333,0.0941176470588236,-0.1201680672268905,0.2900441329179646,0.0307637555961644,0.0,-0.5,0.0794598949992231,0.0776622266711384,1.9924514115376935,0,동결건조젤리
0.0,0.0,0.0,2.27777777777778,9.006128073959477,0.3592766825965749,12.0,0.6666666666666666,0.0108695652173913,-0.2494044073853485,0.2451322290031965,0.0247436015043598,0.125,0.0,0.0782263170831543,0.0776622266711384,1.9924514115376935,0,동결건조젤리
0.0,0.0,0.0,1.833333333333336,8.941809528553316,0.3524865591397848,13.0,0.6666666666666666,-0.0645161290322581,-0.1586337760910817,-0.1320161087339538,0.003577327305241,0.21875,1.0,-0.0300826213811513,0.0776622266711384,1.9924514115376935,0,동결건조젤리
0.0,0.0,0.0,2.298474945533771,8.54539586057303,0.4282625786163521,12.666666666666666,1.3333333333333333,0.1720430107526882,0.1611734455352969,-0.0901870007262164,-0.0535828534331125,0.2666666666666666,3.0,0.1270633972467771,0.0776622266711384,1.9924514115376935,0,동결건조젤리
0.0,0.0,0.0,2.2156862745098063,8.565793249333199,0.412032689224698,12.333333333333334,1.3333333333333333,0.1839080459770115,0.2484241750092696,-0.1392297926364788,-0.0445989055837597,0.1935483870967742,3.0,0.0597805591077793,0.0776622266711384,1.9924514115376935,0,동결건조젤리
0.0,0.0,0.0,2.1204481792717105,8.870182857682952,0.3703660225580313,12.666666666666666,1.0,-0.055045871559633,-0.2270888823123212,-0.069071531051445,-0.0150947460618064,0.0555555555555555,0.5,0.0308657380192647,0.0776622266711384,1.9924514115376935,0,동결건조젤리
54.85714285714285,13.714285714285712,0.0,1.6288515406162487,9.311733958932985,0.2924528228236667,11.333333333333334,0.3333333333333333,-0.2912621359223302,-0.4751701818993417,-0.111535523300229,0.0413701979670233,-0.1282051282051282,-0.5,-0.1703149659454408,0.0776622266711384,1.9924514115376935,1,동결건조젤리
0.0,13.714285714285712,0.0,2.6005291005291027,8.996125142918572,0.4042845640671726,9.0,0.3333333333333333,-0.1553398058252427,-0.1002939342656097,0.131415030467163,0.0527452782410149,-0.2894736842105263,-0.75,-0.0559890491171295,0.0776622266711384,1.9924514115376935,0,동결건조젤리
0.0,13.714285714285712,0.0,3.570767195767198,8.315923706633233,0.5221524319350406,8.0,0.6666666666666666,0.3698630136986303,0.6611251496209605,0.6115851945497957,-0.0291706249995488,-0.3513513513513514,-0.5,0.2672597237795613,0.0776622266711384,1.9924514115376935,0,동결건조젤리
0.0,13.714285714285712,0.0,3.556481481481484,8.249663588229943,0.5113863863863863,10.0,0.6666666666666666,0.160919540229885,0.3162593460551278,0.6772310289153087,-0.0699556344450715,-0.2105263157894736,-0.3333333333333333,0.3807594521072974,0.0776622266711384,1.9924514115376935,0,동결건조젤리
0.0,0.0,-1.0,2.808333333333336,8.933281286382014,0.405999180999181,11.0,0.3333333333333333,-0.17,-0.5398630136986303,0.7241186586414436,-0.0406425563939044,-0.0294117647058823,0.0,0.3882552990229695,0.0776622266711384,1.9924514115376935,0,동결건조젤리
0.0,0.0,0.0,2.0722222222222246,9.286723026571789,0.3355451062347613,12.333333333333334,0.3333333333333333,-0.2574257425742573,-0.4183452828041424,-0.2031536113936924,0.0323025612735017,0.3703703703703704,0.0,-0.1700274112394509,0.0776622266711384,1.9924514115376935,0,동결건조젤리
0.0,0.0,0.0,2.272222222222225,9.235166128367386,0.393120863810519,10.666666666666666,0.3333333333333333,-0.1204819277108434,0.0495180722891566,-0.3636599370253748,0.1105400258784137,0.3333333333333332,-0.5,-0.2471147508522454,0.0776622266711384,1.9924514115376935,0,동결건조젤리
0.0,0.0,0.0,2.205555555555558,9.284273023868026,0.422211772901428,10.0,0.3333333333333333,-0.0533333333333332,0.2040924092409241,-0.37984899765686,0.1254123182809774,0.0,-0.5,-0.1743781529170018,0.0776622266711384,1.9924514115376935,0,동결건조젤리
0.0,0.0,0.0,1.9476190476190505,9.373387999188688,0.3759194428759645,10.0,0.0,-0.1095890410958903,0.0108928866149531,-0.3064857990674011,0.0492659638376746,-0.0909090909090909,-1.0,-0.0740881743879112,0.0776622266711384,1.9924514115376935,0,동결건조젤리
0.0,0.0,0.0,2.2142857142857166,9.392630574111918,0.3498629596766242,9.0,0.0,-0.0985915492957747,-0.0452582159624415,0.0685561087705859,0.0114041893181371,-0.2702702702702703,-1.0,0.0426704284336827,0.0776622266711384,1.9924514115376935,0,동결건조젤리
0.0,0.0,0.0,12.839285714285715,8.951167378039363,0.5119970310173376,8.333333333333334,0.3333333333333333,3.846153846153846,3.955742887249736,4.650541390150187,-0.030751883223375,-0.2187499999999999,0.0,0.3023908882742891,0.0776622266711384,1.9924514115376935,0,동결건조젤리
0.0,0.0,0.0,13.328703703703708,8.903742625805616,0.575029007092792,7.333333333333333,0.3333333333333333,4.000000000000001,4.098591549295776,5.043240973971447,-0.0409865583534803,-0.2666666666666667,0.0,0.3619445122081937,0.0776622266711384,1.9924514115376935,0,동결건조젤리
0.0,0.0,0.0,13.028703703703703,9.19516723813044,0.5816049708116129,8.0,0.3333333333333333,0.0158730158730158,-3.83028083028083,5.689554468894314,-0.0190134838196894,-0.1999999999999999,0.0,0.5471532048516969,0.0776622266711384,1.9924514115376935,0,동결건조젤리
0.857142857142857,0.2142857142857142,0.0,3.003703703703706,9.55917610601674,0.4897243107769423,9.333333333333334,0.3333333333333333,-0.66875,-4.668750000000001,0.3565113500597368,0.0177315109532634,0.0370370370370372,0.0,0.3997603839788894,0.0776622266711384,1.9924514115376935,0,동결건조젤리
0.0,0.2142857142857142,0.0,4.503703703703706,9.241334600709642,0.5544908499960363,10.666666666666666,2.0,-0.328125,-0.3439980158730158,-0.649224746304023,0.0324166905181741,0.2799999999999998,5.0,0.0829962214707835,0.0776622266711384,1.9924514115376935,0,동결건조젤리
0.0,0.2142857142857142,0.0,5.705555555555559,8.77863540699565,0.6245934178511973,11.5,3.0,1.7452830188679245,2.414033018867924,-0.5719346995484542,-0.0140510821199357,0.5681818181818183,8.0,0.0861946269615006,0.0776622266711384,1.9924514115376935,0,동결건조젤리
27.683890577507604,27.683890577507604,0.0,134.5,3.829788081789309,0.0,1.0,0.5,0.0,0.0,0.0,0.0,0.0,0.0,0.0,0.0471061515240531,0.7204568936559098,0,뚱카롱
27.0,27.3419452887538,0.0,107.5,3.477203463082763,0.1542056074766355,1.3333333333333333,0.6666666666666666,0.0,0.0,0.0,0.0,0.0,0.0,0.0,0.0471061515240531,0.7204568936559098,0,뚱카롱
50.0,34.89463019250254,0.0,72.33333333333333,3.7266233829133455,0.3165432698142978,1.6666666666666667,0.6666666666666666,-0.043370508054523,0.0,0.0,0.0,0.0,0.0,0.0,0.0471061515240531,0.7204568936559098,0,뚱카롱
51.85714285714285,39.13525835866261,0.0,75.33333333333333,3.946440535075407,0.3165432698142978,1.6666666666666667,0.6666666666666666,0.0505319148936169,0.0,0.0,0.0,0.0,0.0,0.0,0.0471061515240531,0.7204568936559098,0,뚱카롱
63.0,47.96428571428571,1.2756916996047427,61.833333333333336,5.092120550539414,0.3161838161838162,1.6666666666666667,0.3333333333333333,-0.1865284974093263,-0.1431579893548032,-0.540272614622057,0.3296089605460184,0.6666666666666667,-0.3333333333333333,0.0,0.0471061515240531,0.7204568936559098,1,뚱카롱
63.0,56.96428571428571,1.3333333333333337,28.444444444444443,5.790664985318231,0.3567447045707916,2.0,0.0,-0.6734177215189874,-0.7239496364126043,-0.7354005167958657,0.6653224485703337,0.5,-1.0,1.3134353569136183,0.0471061515240531,0.7204568936559098,1,뚱카롱
63.0,60.21428571428571,0.26,14.77777777777778,6.2242578707274925,0.5025780379041249,2.333333333333333,0.0,-0.6687898089171975,-0.4822613115078712,-0.7956989247311828,0.6702138185645103,0.4000000000000001,-1.0,0.5877072294064747,0.0471061515240531,0.7204568936559098,0,뚱카롱
63.0,63.0,0.2148760330578514,13.177777777777775,6.013699195578569,0.5471058677978085,3.333333333333333,0.3333333333333333,-0.0775193798449612,0.5958983416740261,-0.8250737463126844,0.523828660822242,1.0,-0.5,0.7283762441664665,0.0471061515240531,0.7204568936559098,0,뚱카롱
43.0,58.0,-0.3174603174603174,13.15,5.6024839995129865,0.4466663334666134,3.333333333333333,1.0,0.2884615384615385,0.957251347378736,-0.7873315363881401,0.1002261128557746,1.0,2.0,0.4126793042656556,0.0471061515240531,0.7204568936559098,0,뚱카롱
44.57142857142857,53.392857142857146,-0.2925170068027211,12.427777777777775,4.136956065726733,0.5223858783126643,4.333333333333333,1.6666666666666667,0.5546218487394958,0.6321412285844571,-0.5630859375,-0.285581867330323,1.1666666666666663,0.0,0.4643129151451866,0.0471061515240531,0.7204568936559098,0,뚱카롱
54.0,51.142857142857146,-0.1428571428571429,39.19444444444445,3.8646799880809017,0.5580043616161414,4.0,1.6666666666666667,2.716417910447761,2.427956371986223,1.6522556390977448,-0.3790938504883639,0.7142857142857142,0.0,0.1102840146838848,0.0471061515240531,0.7204568936559098,0,뚱카롱
54.0,48.892857142857146,-0.1428571428571429,50.73611111111112,2.585641902054141,0.6958335657740772,5.333333333333333,1.6666666666666667,3.51891891891892,2.964297070179424,2.8501264755480613,-0.5700413642313247,0.5999999999999999,4.000000000000001,0.2718444577736341,0.0471061515240531,0.7204568936559098,0,뚱카롱
54.0,51.642857142857146,0.2558139534883721,68.18055555555556,3.076238548977067,0.6647368868670132,5.666666666666667,1.3333333333333333,1.3092369477911645,-1.407180962656597,4.18483312209548,-0.450915245943678,0.7,0.3333333333333332,0.4882180210626949,0.0471061515240531,0.7204568936559098,0,뚱카롱
54.0,54.0,0.2115384615384616,51.213888888888896,3.0922706550387056,0.6928011574123513,7.333333333333333,1.3333333333333333,0.401913875598086,-3.117005043320834,3.1209208761734475,-0.2525251402457205,0.6923076923076923,-0.2,0.3262248965269465,0.0471061515240531,0.7204568936559098,0,뚱카롱
62.57142857142857,56.14285714285714,0.1587301587301586,47.78888888888889,3.562327615887357,0.7302907146387505,8.0,0.6666666666666666,0.0165217391304348,-1.2927152086607296,0.2192771084337348,-0.0782347757449601,1.0,-0.6000000000000001,0.3087544916738969,0.0471061515240531,0.7204568936559098,0,뚱카롱
66.0,59.14285714285714,0.2222222222222223,47.17777777777778,3.318035488251082,0.8026119733079642,9.0,0.6666666666666666,0.1527303754266211,-0.2491835001714648,-0.0701341363263071,0.2832540676321406,0.6875,-0.6000000000000001,0.1534539475903289,0.0471061515240531,0.7204568936559098,0,뚱카롱
66.0,62.14285714285714,0.2222222222222223,39.81111111111111,4.678699419276207,0.7287272787300644,8.666666666666666,0.6666666666666666,-0.0598802395209582,-0.076401978651393,-0.4160928906090854,0.5209156717810461,0.5294117647058822,-0.5,0.0962642409760736,0.0471061515240531,0.7204568936559098,0,뚱카롱
66.0,65.14285714285714,0.2222222222222223,29.805555555555557,5.317708916262459,0.6386306603725765,9.666666666666666,1.0,-0.394522575869726,-0.5472529512963472,-0.4180181157455118,0.719677709193246,0.3181818181818181,-0.25,-0.0781905406193378,0.0471061515240531,0.7204568936559098,0,뚱카롱
72.42857142857143,67.60714285714286,0.1575342465753424,13.361111111111112,5.498491537247015,0.5966061868203906,10.0,1.0,-0.632393084622384,-0.5725128451014257,-0.7204138572425017,0.5435109091945127,0.25,0.5,-0.1830565898465367,0.0471061515240531,0.7204568936559098,0,뚱카롱
81.0,71.35714285714286,0.2272727272727273,14.963675213675216,5.196152100720382,0.6310448664203605,11.333333333333334,1.3333333333333333,-0.3349633251833741,0.0595592506863519,-0.6828236530309069,0.5660327079440748,0.2592592592592593,1.0,-0.2137609612033197,0.0471061515240531,0.7204568936559098,0,뚱카롱
81.0,75.10714285714286,0.2272727272727273,14.158119658119658,5.898543190034062,0.6048624150104066,11.0,1.3333333333333333,0.2747524752475248,0.9071455598699087,-0.6443676334829,0.260722833728559,0.2692307692307694,1.0,-0.1699742377361173,0.0471061515240531,0.7204568936559098,0,뚱카롱
81.0,78.85714285714286,0.2272727272727273,11.885392385392384,6.471066710941646,0.527543774055402,11.333333333333334,1.3333333333333333,-0.1911764705882354,0.1437868545951387,-0.6012356702011874,0.2168899826675399,0.1724137931034484,0.3333333333333332,-0.1739454323291753,0.0471061515240531,0.7204568936559098,0,뚱카롱
86.42857142857143,82.35714285714286,0.193293885601578,14.55205905205905,6.447199397403438,0.5763934750790161,11.666666666666666,1.0,0.0563106796116505,-0.2184417956358741,0.0891353968277042,0.1725396599648894,0.1666666666666665,0.0,-0.0338794873199321,0.0471061515240531,0.7204568936559098,0,뚱카롱
100.0,87.10714285714286,0.2345679012345678,14.906759906759907,6.3779328374275215,0.5898288672364251,12.333333333333334,1.0,0.2840909090909091,0.4752673796791445,-0.0038035647060351,0.2274338229135557,0.0882352941176469,-0.25,-0.0653138966453139,0.0471061515240531,0.7204568936559098,0,뚱카롱
100.0,91.85714285714286,0.2345679012345678,13.929487179487175,6.633266226751948,0.5861652469061381,12.666666666666666,1.0,-0.0110294117647058,-0.0673400913763564,-0.0161485058859041,0.1245600842525394,0.1515151515151513,-0.25,-0.0309114397593158,0.0471061515240531,0.7204568936559098,1,뚱카롱
100.0,96.60714285714286,0.2345679012345678,7.31711915535445,6.6359121062743744,0.5249444746879235,13.666666666666666,2.0,-0.4442477876106194,-0.7283386967015286,-0.3843603207961835,0.0254742228285171,0.2058823529411764,0.5,-0.0049271728628258,0.0471061515240531,0.7204568936559098,1,뚱카롱
100.0,100.0,0.1570247933884296,5.886029411764706,6.920435973241158,0.5057643427741466,14.666666666666666,1.6666666666666667,-0.4981412639405205,-0.4871118521758146,-0.5955191364529366,0.0734018829987348,0.2571428571428571,0.6666666666666667,-0.1225363147894537,0.0471061515240531,0.7204568936559098,1,뚱카롱
85.42857142857143,96.35714285714285,-0.1457142857142856,5.588410364145658,6.689490950709084,0.5076798023398794,15.0,1.6666666666666667,-0.1464968152866242,0.2977509723239951,-0.6251089841722459,0.0488493876030258,0.2162162162162162,0.6666666666666667,-0.1392761010179879,0.0471061515240531,0.7204568936559098,1,뚱카롱
83.0,92.10714285714286,-0.17,4.4523809523809526,6.887147538780636,0.4489319204710826,14.666666666666666,1.0,-0.2407407407407408,0.2574005231997797,-0.6803628952731575,0.0382739518285555,0.1578947368421053,0.0,-0.2341205439240763,0.0471061515240531,0.7204568936559098,1,뚱카롱
83.0,87.85714285714286,-0.17,4.2648809523809526,7.010358747475886,0.4529001744393365,14.666666666666666,1.0,-0.2686567164179104,-0.1221599011312861,-0.4171365995509257,0.0564273057274922,0.0731707317073171,-0.5,-0.1372417535995913,0.0471061515240531,0.7204568936559098,1,뚱카롱
83.0,83.60714285714286,-0.17,4.002976190476191,7.352937771753661,0.457880658436214,15.0,1.0,-0.097560975609756,0.1431797651309847,-0.3199190981826834,0.0624963225127479,0.0227272727272727,-0.4,-0.0946758802237575,0.0471061515240531,0.7204568936559098,1,뚱카롱
63.57142857142857,78.14285714285714,-0.2558528428093646,3.259920634920635,7.686162197211228,0.4420098039215687,14.0,0.3333333333333333,-0.2959183673469387,-0.0272616509290283,-0.4166640560550525,0.1489905964214657,-0.0666666666666666,-0.8,-0.1293531830804374,0.0471061515240531,0.7204568936559098,1,뚱카롱
49.0,69.64285714285714,-0.4096385542168674,3.104617604617605,7.795237787970685,0.3826663695781342,12.333333333333334,0.3333333333333333,-0.3729729729729729,-0.2754119973632168,-0.3027062064495218,0.131852881628673,-0.159090909090909,-0.6666666666666667,-0.1476071267630361,0.0471061515240531,0.7204568936559098,0,뚱카롱
49.0,61.14285714285714,-0.4096385542168674,3.1474747474747478,7.857158218983542,0.359423126334891,11.0,0.0,-0.253623188405797,0.0422951789411417,-0.2620017340184821,0.120792601635765,-0.25,-1.0,-0.2063965822494207,0.0471061515240531,0.7204568936559098,0,뚱카롱
49.0,52.64285714285714,-0.4096385542168674,2.8696969696969696,7.921311331997625,0.3187096187096187,11.0,0.6666666666666666,-0.1982758620689654,0.1746971109040075,-0.2831091584994931,0.0772988399857501,-0.2666666666666667,-0.3333333333333333,-0.3039460985355922,0.0471061515240531,0.7204568936559098,0,뚱카롱
52.42857142857144,49.85714285714286,-0.1752808988764043,2.733333333333333,7.963528783832517,0.3264940961369533,12.0,0.6666666666666666,-0.0679611650485437,0.1856620233572532,-0.1615337796713331,0.0360864862729446,-0.1428571428571429,1.0,-0.2613419583903907,0.0471061515240531,0.7204568936559098,0,뚱카롱
73.0,55.85714285714286,0.489795918367347,2.733333333333333,7.996816888715734,0.2850526546955118,12.0,1.0,0.032258064516129,0.2305339265850944,-0.119590983035092,0.0258592625687592,-0.027027027027027,2.0,-0.2550883031352754,0.0471061515240531,0.7204568936559098,0,뚱카롱
73.0,61.85714285714286,0.489795918367347,2.844444444444445,8.024871345876281,0.3111769933198505,12.0,0.6666666666666666,0.0416666666666667,0.1096278317152105,-0.0962772785622592,0.0213452653260222,0.0909090909090908,0.0,-0.1342321333271343,0.0471061515240531,0.7204568936559098,0,뚱카롱
73.0,67.85714285714286,0.489795918367347,2.8292929292929294,8.085606063142949,0.3197365114031781,11.0,1.0,-0.0416666666666666,-0.0739247311827956,-0.0140795494544173,0.0207408501268806,0.0,0.5,0.0032220323243365,0.0471061515240531,0.7204568936559098,0,뚱카롱
73.0,73.0,0.3923705722070842,2.79040404040404,8.15678641188055,0.3908553046149945,11.666666666666666,0.6666666666666666,-0.0200000000000001,-0.0616666666666668,0.020879526977088,0.0242678382026297,-0.0277777777777777,0.0,0.1971282459301926,0.0471061515240531,0.7204568936559098,0,뚱카롱
66.14285714285714,71.28571428571428,-0.0939334637964776,3.2348484848484844,8.249703648452405,0.4362882050478949,12.333333333333334,0.6666666666666666,0.3586956521739128,0.4003623188405795,0.1834811529933482,0.0316234275782303,0.0277777777777779,-0.3333333333333333,0.5305530324351135,0.0471061515240531,0.7204568936559098,1,뚱카롱
65.0,69.28571428571428,-0.1095890410958904,3.9166666666666665,8.31185700703842,0.5041719031399264,14.0,0.3333333333333333,0.7346938775510206,0.7546938775510207,0.376953125,0.0357620264291975,0.1666666666666667,-0.5,0.6202094433816374,0.0471061515240531,0.7204568936559098,1,뚱카롱
65.0,67.28571428571428,-0.1095890410958904,4.317460317460317,8.37358291247988,0.5049446176405131,14.666666666666666,0.6666666666666666,0.5520000000000003,0.1933043478260874,0.5259856173815474,0.0356159881013289,0.3333333333333332,-0.3333333333333333,0.5792522894071148,0.0471061515240531,0.7204568936559098,1,뚱카롱
65.0,65.28571428571428,-0.1095890410958904,4.125541125541125,8.3998585239778,0.4810824667195386,13.666666666666666,0.6666666666666666,0.0176470588235293,-0.7170468187274912,0.4784744667097609,0.0297999849233774,0.1714285714285714,0.0,0.2308454331799867,0.0471061515240531,0.7204568936559098,1,뚱카롱
53.0,62.0,-0.1987041036717062,3.858874458874459,8.416006791509668,0.4000795888416608,11.666666666666666,0.6666666666666666,-0.2886597938144331,-0.8406597938144333,0.1929073268651724,0.0201586808622464,-0.0540540540540541,0.0,-0.082992425161389,0.0471061515240531,0.7204568936559098,1,뚱카롱
37.0,55.0,-0.4307692307692308,3.2874458874458874,8.416812928583305,0.3541795210741859,11.666666666666666,0.6666666666666666,-0.3410404624277456,-0.358687521251275,-0.1606521138436032,0.0126272530261299,-0.1666666666666667,1.0,-0.2975024612272218,0.0471061515240531,0.7204568936559098,0,뚱카롱
37.0,48.0,-0.4307692307692308,4.1571428571428575,8.019707453662628,0.4180097740685256,11.333333333333334,0.6666666666666666,-0.0072463768115942,0.2814134170028388,-0.0371323529411763,-0.0422609368672807,-0.2272727272727271,0.0,-0.1721670863197106,0.0471061515240531,0.7204568936559098,0,뚱카롱
37.0,41.0,-0.4307692307692308,4.359706959706961,7.377594542868775,0.5085453646041161,12.333333333333334,1.0,0.368421052631579,0.7094615150593246,0.0567600290580356,-0.1217001427096567,-0.0975609756097559,0.5,0.0570856345521064,0.0471061515240531,0.7204568936559098,0,뚱카롱
37.0,37.0,-0.3018867924528302,4.1692307692307695,7.469067061767324,0.5061274982327614,11.666666666666666,0.6666666666666666,0.0437956204379561,0.0510419972495503,0.0804266408933225,-0.1125165120705044,0.0,0.0,0.2650670325325472,0.0471061515240531,0.7204568936559098,0,뚱카롱
57.42857142857143,42.10714285714286,0.5521235521235521,3.756410256410257,7.456890249878827,0.5110121679087197,12.666666666666666,0.6666666666666666,-0.0769230769230768,-0.4453441295546558,0.1426531067036731,-0.1140482373612702,0.0857142857142856,0.0,0.442805519525461,0.0471061515240531,0.7204568936559098,0,뚱카롱
59.0,47.60714285714286,0.5945945945945945,3.7371794871794872,8.162525847301826,0.3928533659263882,11.0,0.3333333333333333,-0.1468531468531468,-0.190648767291103,-0.1010221164860341,0.017808429355359,-0.0294117647058823,-0.5,-0.0601813873807013,0.0471061515240531,0.7204568936559098,0,뚱카롱
59.0,53.10714285714286,0.5945945945945945,3.7927350427350426,8.246560212940638,0.3914644770374993,11.0,0.3333333333333333,-0.1388888888888888,-0.0619658119658119,-0.1300481711757131,0.1177844167258839,-0.1081081081081081,-0.6666666666666667,-0.2302270273523384,0.0471061515240531,0.7204568936559098,0,뚱카롱
59.0,58.60714285714286,0.5945945945945945,3.4960317460317465,8.658902953754277,0.3058613445378151,9.0,0.0,-0.2540983606557376,-0.1072452138025907,-0.1614684003982897,0.1593018086659694,-0.2285714285714285,-1.0,-0.3956832110371653,0.0471061515240531,0.7204568936559098,0,뚱카롱
67.57142857142857,61.14285714285714,0.1766169154228856,13.162698412698411,8.272808222688022,0.5106523252575884,10.0,0.6666666666666666,2.677419354838709,2.8163082437275984,2.504063058670567,0.1094179940253852,-0.2105263157894736,0.0,-0.0007041762872378,0.0471061515240531,0.7204568936559098,0,뚱카롱
71.0,64.14285714285714,0.2033898305084744,13.51825396825397,8.228201879568417,0.5501364522417155,11.0,0.6666666666666666,4.274725274725275,4.528823635381013,2.617234337989056,0.0080460427930284,0.0,1.0,0.4003607960553874,0.0471061515240531,0.7204568936559098,1,뚱카롱
71.0,67.14285714285714,0.2033898305084744,13.188888888888888,8.201408595217181,0.5615189407209782,12.666666666666666,0.6666666666666666,0.0657894736842106,-2.611629881154499,2.477408450704225,-0.0054752062141745,0.1515151515151513,1.0,0.4344058622391653,0.0471061515240531,0.7204568936559098,1,뚱카롱
71.0,70.14285714285714,0.2033898305084744,5.534126984126985,8.202462837048909,0.521157620754395,13.333333333333334,0.6666666666666666,-0.51875,-4.7934752747252745,0.5829738933030648,-0.0527133886524813,0.4814814814814816,0.0,0.7039015555951094,0.0471061515240531,0.7204568936559098,1,뚱카롱
66.14285714285714,69.78571428571428,-0.0211416490486258,5.667460317460318,7.789236384170021,0.5237433862433862,13.0,0.6666666666666666,-0.5123456790123457,-0.5781351526965564,-0.5694302080192946,-0.0584531667483617,0.3,0.0,0.0256359568698612,0.0471061515240531,0.7204568936559098,1,뚱카롱
54.0,65.53571428571428,-0.2394366197183098,11.910515873015871,6.332325946768743,0.670187667768313,14.0,1.0,1.3679653679653685,1.8867153679653683,-0.1189308988434217,-0.2304119369636947,0.2727272727272727,0.5,0.2182207978355343,0.0471061515240531,0.7204568936559098,1,뚱카롱
54.0,61.285714285714285,-0.2394366197183098,12.881944444444445,6.375234117123839,0.6567136417942869,14.333333333333334,0.6666666666666666,1.535864978902954,2.0482106579153,-0.0232729570345409,-0.2226659551090178,0.1315789473684212,0.0,0.1695307035432871,0.0471061515240531,0.7204568936559098,1,뚱카롱
54.0,57.035714285714285,-0.2394366197183098,12.689351851851852,7.273626964983493,0.6493659715433909,15.333333333333334,1.0,0.1023765996343692,-1.265588768330999,1.292927482193221,-0.1132386565495972,0.1499999999999999,0.5,0.2460068618077764,0.0471061515240531,0.7204568936559098,1,뚱카롱
54.0,54.0,-0.1835853131749459,6.781263616557733,7.55707191706331,0.5445455844202228,15.666666666666666,1.0,-0.4625623960066556,-1.9984273749096093,0.1965259987204513,-0.029805805814102,0.205128205128205,0.5,0.0397183023656735,0.0471061515240531,0.7204568936559098,1,뚱카롱
41.0,50.75,-0.2407407407407407,4.899782135076252,7.546677459621706,0.5657032394014072,16.666666666666668,1.0,-0.5671641791044777,-0.669540778738847,-0.588617135704671,0.1917702157250167,0.1904761904761904,0.0,-0.1559032393341898,0.0471061515240531,0.7204568936559098,0,뚱카롱
41.0,47.5,-0.2407407407407407,6.577342047930283,6.600182053093631,0.6247729860215164,16.0,1.0,0.0619195046439626,0.5244819006506183,-0.4894138787590507,0.0352846549377039,0.1162790697674418,0.5,-0.0486371132560937,0.0471061515240531,0.7204568936559098,0,뚱카롱
41.0,44.25,-0.2407407407407407,7.066448801742918,6.81575222183654,0.608648980022872,16.0,0.6666666666666666,0.42911877394636,0.9962829530508376,-0.4431197996364441,-0.0629499897851845,0.0434782608695651,-0.3333333333333333,-0.0627026873979,0.0471061515240531,0.7204568936559098,0,뚱카롱
41.0,41.0,-0.2407407407407407,5.4229302832244,7.592196828034742,0.4716664092167718,15.333333333333334,0.3333333333333333,-0.1865889212827988,-0.2485084259267614,-0.2003068174516481,0.004647952455252,-0.0212765957446807,-0.6666666666666667,-0.1338348474187802,0.0471061515240531,0.7204568936559098,0,뚱카롱
48.42857142857143,42.85714285714286,0.1811846689895471,3.449074074074072,8.26113372561068,0.3740164156830823,16.0,0.3333333333333333,-0.5147453083109919,-0.943864082257352,-0.296076033792797,0.0946716312988931,-0.04,-0.6666666666666667,-0.3388469613876637,0.0471061515240531,0.7204568936559098,0,뚱카롱
54.0,46.10714285714286,0.3170731707317074,3.478174603174601,8.08184555659008,0.4164462081128747,15.0,0.6666666666666666,-0.4193548387096774,-0.2327659174268785,-0.4711884256849479,0.2244882779865087,-0.0625,-0.3333333333333333,-0.3334439589573854,0.0471061515240531,0.7204568936559098,0,뚱카롱
54.0,49.35714285714286,0.3170731707317074,3.309056956115778,8.381688615249617,0.4240714804440295,15.333333333333334,0.6666666666666666,-0.1381215469613259,0.3766237613496659,-0.5317227862318044,0.229752541237646,-0.0416666666666666,0.0,-0.3032577160844111,0.0471061515240531,0.7204568936559098,0,뚱카롱
54.0,52.60714285714286,0.3170731707317074,3.131279178338,8.490790426608056,0.4348739495798319,14.333333333333334,0.3333333333333333,-0.1358024691358025,0.2835523695738748,-0.4225853893006006,0.1183575214034482,-0.0652173913043477,0.0,-0.0780052573555868,0.0471061515240531,0.7204568936559098,0,뚱카롱
57.71428571428572,54.92857142857143,0.1917404129793511,3.213289760348582,8.490295047038847,0.4499696785930867,15.666666666666666,0.3333333333333333,0.0576923076923077,0.1958138546536336,-0.0683616265298066,0.0277396939741738,-0.0208333333333333,0.0,0.203074677273958,0.0471061515240531,0.7204568936559098,0,뚱카롱
67.0,58.17857142857143,0.2407407407407407,4.03372319688109,8.627907035739842,0.4869098428418876,16.333333333333332,0.3333333333333333,0.5428571428571429,0.6786596119929454,0.1597241821038622,0.0675664333506711,0.0888888888888888,-0.5,0.1692022483487574,0.0471061515240531,0.7204568936559098,1,뚱카롱
67.0,61.42857142857143,0.2407407407407407,4.62419938735728,8.698320161518755,0.5484661726909005,18.33333333333333,0.6666666666666666,0.6121212121212123,0.5544289044289046,0.3974372302087048,0.0377765818802977,0.1956521739130434,0.0,0.2933342560943308,0.0471061515240531,0.7204568936559098,1,뚱카롱
67.0,64.67857142857143,0.2407407407407407,4.142717905875799,9.114208315634956,0.4819694450935485,18.33333333333333,0.3333333333333333,0.1111111111111111,-0.4317460317460317,0.3230113541248161,0.0734228331761976,0.2790697674418603,0.0,0.1082968882344399,0.0471061515240531,0.7204568936559098,1,뚱카롱
67.0,67.0,0.1608910891089108,4.512235449735448,8.85867389644,0.5302764138859982,17.333333333333332,0.6666666666666666,-0.0827067669172932,-0.6948279790385056,0.4042416919306881,0.0433882270710521,0.1063829787234043,1.0,0.1784714373288558,0.0471061515240531,0.7204568936559098,1,뚱카롱
56.00000000000001,64.25,-0.1641791044776118,4.428039452495972,8.58525815228034,0.5325572130915058,17.666666666666668,0.6666666666666666,0.0249999999999999,-0.0861111111111112,0.0977549118689578,-0.0049431320113713,0.0816326530612245,1.0,0.0937491219795305,0.0471061515240531,0.7204568936559098,0,뚱카롱
56.00000000000001,61.5,-0.1641791044776118,4.93778604118993,7.729459041694318,0.5739385042874746,18.0,1.3333333333333333,0.1434426229508196,0.2261493898681129,0.0678142587644481,-0.1113848538377174,-0.018181818181818,1.0,0.0464428489210211,0.0471061515240531,0.7204568936559098,0,뚱카롱
56.00000000000001,58.75,-0.1641791044776118,4.597508263412152,7.297409539437542,0.5621948467104837,18.666666666666668,1.0,0.1056910569105691,0.0806910569105692,0.1097806724641579,-0.1993369816971145,0.0181818181818183,2.0,0.1664532937380787,0.0471061515240531,0.7204568936559098,0,뚱카롱
56.00000000000001,56.00000000000001,-0.1641791044776118,4.929136566907463,7.107853537906479,0.5401381429062323,17.0,1.0,-0.043010752688172,-0.1864533756389916,0.0923934758760112,-0.1976391025339713,-0.0192307692307691,0.5,0.0185973367134413,0.0471061515240531,0.7204568936559098,0,뚱카롱
55.42857142857143,55.85714285714286,-0.0102040816326531,4.174750601995183,7.964700276409749,0.494685608670264,17.0,0.3333333333333333,-0.1764705882352941,-0.2821616451458633,-0.057201127771799,-0.0722817957088179,-0.0377358490566038,-0.5,-0.0711127433640347,0.0471061515240531,0.7204568936559098,0,뚱카롱
55.00000000000001,55.60714285714286,-0.0178571428571429,3.785861713106293,8.675957576796396,0.4602940742787296,17.0,0.6666666666666666,-0.2397003745318351,-0.1966896218436631,-0.2332876148286977,0.1224533993901082,-0.0555555555555555,-0.5,-0.1980080255285028,0.0471061515240531,0.7204568936559098,1,뚱카롱
55.00000000000001,55.35714285714286,-0.0178571428571429,18.32456140350877,8.46582291550818,0.6099910703170511,17.666666666666668,0.6666666666666666,3.647321428571428,3.8237920168067214,2.9857593186594413,0.160113444333384,-0.0535714285714286,-0.3333333333333333,0.0850171855651698,0.0471061515240531,0.7204568936559098,1,뚱카롱
55.00000000000001,55.10714285714287,-0.0178571428571429,18.571052631578947,8.53558227474118,0.6496773632438068,18.0,0.6666666666666666,4.216748768472906,4.456449143004741,2.7676076488240646,0.2008663697444757,0.0588235294117647,-0.3333333333333333,0.2027985280731978,0.0471061515240531,0.7204568936559098,1,뚱카롱
49.0,53.50000000000001,-0.115979381443299,18.480143540669854,8.563527662060945,0.6546544762021403,19.666666666666668,0.6666666666666666,0.0249759846301633,-3.622345443941264,3.4266461167375803,0.0751851751942045,0.1568627450980393,1.0,0.3233748156973466,0.0471061515240531,0.7204568936559098,1,뚱카롱
34.0,48.25000000000001,-0.3818181818181819,3.4590909090909068,9.048622880500403,0.5094733512098463,18.666666666666668,0.6666666666666666,-0.8130311614730878,-5.0297799299459935,-0.0863134548428267,0.0429537950601199,0.0980392156862746,0.0,0.1068431676166579,0.0471061515240531,0.7204568936559098,1,뚱카롱
34.0,43.0,-0.3818181818181819,9.39242424242424,8.77833218988231,0.6037577490952916,17.666666666666668,1.0,-0.5623242736644799,-0.5873002582946433,-0.4874407067322339,0.0369142229282468,0.0,0.5,-0.010218708969821,0.0471061515240531,0.7204568936559098,1,뚱카롱
34.0,37.75,-0.3818181818181819,12.91315789473684,8.11344887966618,0.69364424412498,16.333333333333332,1.3333333333333333,2.3232323232323235,3.1362634847054114,-0.3046620376930709,-0.0494557232872318,-0.0925925925925926,1.0,0.0676749466252739,0.0471061515240531,0.7204568936559098,1,뚱카롱
34.0,34.0,-0.3061224489795918,15.713157894736838,5.2417053720213085,0.7949852402935624,16.333333333333332,1.3333333333333333,0.6788008565310493,1.2411251301955293,-0.1497274975079939,-0.3879034927108753,-0.1694915254237289,1.0,0.2143585191772088,0.0471061515240531,0.7204568936559098,1,뚱카롱
21.142857142857142,30.785714285714285,-0.3781512605042016,11.311642743221688,5.8957069524137244,0.7601708454278103,18.33333333333333,2.0,-0.0516717325227964,-2.37490405575512,2.270120109735576,-0.3484415219559152,-0.017857142857143,2.0,0.4920718495337053,0.0471061515240531,0.7204568936559098,0,뚱카롱
19.0,27.035714285714285,-0.4411764705882353,8.115151515151512,6.632269089051597,0.7082525637184478,18.666666666666668,1.3333333333333333,-0.4311224489795918,-1.109923305510641,-0.135989675754154,-0.2444727602475801,0.0566037735849056,0.3333333333333332,0.173074076117015,0.0471061515240531,0.7204568936559098,0,뚱카롱
19.0,23.285714285714285,-0.4411764705882353,5.748484848484846,7.848359075365975,0.6549439749572729,19.0,1.0,-0.4487179487179487,-0.3970462161951522,-0.5548350840790214,-0.0326728877240564,0.1632653061224491,-0.25,-0.0557926768591973,0.0471061515240531,0.7204568936559098,0,뚱카롱
19.0,19.535714285714285,-0.4411764705882353,5.212499999999998,7.866653982902135,0.6346493815243816,16.666666666666668,0.3333333333333333,-0.4013452914798205,0.0297771574997712,-0.6682716462904037,0.5007814107393436,0.0204081632653063,-0.75,-0.2016840698954033,0.0471061515240531,0.7204568936559098,0,뚱카롱
31.0,22.0,0.4662162162162162,5.102355072463766,8.018597049661365,0.5944159000842562,17.666666666666668,1.0,-0.2093023255813954,0.2394156231365533,-0.5489289055277787,0.3600738833158119,-0.0363636363636362,-0.5,-0.2180495954830658,0.0471061515240531,0.7204568936559098,0,뚱카롱
40.0,27.25,1.1052631578947367,4.697593167701862,8.020863504382753,0.5431053698335085,19.0,1.6666666666666667,0.0074906367041198,0.4088359281839404,-0.4211330301188891,0.2093694324953456,0.0178571428571427,0.2500000000000002,-0.2331755680740329,0.0471061515240531,0.7204568936559098,1,뚱카롱
40.0,32.5,1.1052631578947367,3.6231884057970976,8.694306641635727,0.4762686154967542,20.666666666666668,1.3333333333333333,-0.1323529411764705,0.0769493844049248,-0.3697141940363506,0.1077865523412362,0.087719298245614,0.3333333333333332,-0.2728101429930324,0.0471061515240531,0.7204568936559098,1,뚱카롱
40.0,37.75,1.1052631578947367,3.8194444444444415,8.918858942953088,0.4991196610964998,21.0,1.0,-0.0557620817843865,-0.0632527184885064,-0.2672528643751668,0.133755083462153,0.26,2.0,-0.2135505436125206,0.0471061515240531,0.7204568936559098,1,뚱카롱
38.85714285714285,39.71428571428571,0.2534562211981563,4.3742063492063465,8.763847316427954,0.5407816223236784,20.666666666666668,0.3333333333333333,0.2033898305084744,0.335742771684945,-0.1427083597507884,0.0929402315830376,0.1698113207547169,-0.6666666666666667,-0.0902302205458758,0.0471061515240531,0.7204568936559098,1,뚱카롱
32.0,37.71428571428571,-0.1999999999999999,5.869444444444443,8.276599235825548,0.609283761557525,20.666666666666668,0.6666666666666666,0.4566929133858266,0.5124549951702132,0.2494578042218733,0.0318838154150182,0.087719298245614,-0.6000000000000001,0.1218518457004091,0.0471061515240531,0.7204568936559098,0,뚱카롱
32.0,35.71428571428571,-0.1999999999999999,5.89722222222222,8.034267887615034,0.6102507321292284,20.666666666666668,1.3333333333333333,0.3098591549295775,0.106469324421103,0.6276333333333339,-0.0759162036981611,0.0,0.0,0.2813162830238755,0.0471061515240531,0.7204568936559098,0,뚱카롱
32.0,33.71428571428571,-0.1999999999999999,20.07261904761905,7.711038408811356,0.7169542722831196,20.666666666666668,2.0,2.4324324324324325,1.9757395190466056,4.255376623376627,-0.1354232129768178,-0.0158730158730158,1.0,0.4364376484550136,0.0471061515240531,0.7204568936559098,0,뚱카롱
32.0,32.0,-0.1764705882352939,20.94246031746032,7.44680399671569,0.7324502038314847,20.666666666666668,1.6666666666666667,2.583333333333333,2.2734741784037555,3.787716592579155,-0.1502814086278578,0.0,4.000000000000001,0.3544288000842701,0.0471061515240531,0.7204568936559098,0,뚱카롱
34.142857142857146,32.535714285714285,0.0669642857142858,22.11278195488721,5.720984137043412,0.7755688649984035,19.33333333333333,1.3333333333333333,0.0842519685039371,-2.3481804639284958,2.7674403709225746,-0.3087759870890048,-0.0645161290322582,1.0,0.272918981158796,0.0471061515240531,0.7204568936559098,0,뚱카롱
35.0,33.285714285714285,0.09375,7.472570314675575,7.131350061809426,0.6443703753495629,21.33333333333333,1.3333333333333333,-0.6429107276819205,-3.2262440610152536,0.2671339205290666,-0.1123833357856378,0.032258064516129,0.0,0.0559108599530679,0.0471061515240531,0.7204568936559098,0,뚱카롱
35.0,34.035714285714285,0.09375,5.065474142873522,8.600290698520702,0.5633704493205585,20.0,1.3333333333333333,-0.7748729121278141,-0.8591248806317512,-0.7476425905928616,0.1153219894084827,-0.0322580645161291,-0.3333333333333333,-0.2142170413093125,0.0471061515240531,0.7204568936559098,0,뚱카롱
35.0,34.785714285714285,0.09375,3.492374727668843,9.158338010470477,0.5018599971864884,20.666666666666668,1.0,-0.5231092436974789,0.1198014839844415,-0.8332395203462722,0.2298347068768877,0.0,-0.4,-0.3148203187585545,0.0471061515240531,0.7204568936559098,0,뚱카롱
34.142857142857146,34.78571428571429,0.0,3.794369029663145,9.202352381463909,0.519776786655002,16.333333333333332,0.3333333333333333,-0.3903225806451612,0.3845503314826528,-0.8284083369788513,0.6085261138688729,-0.1551724137931034,-0.75,-0.3298122060945909,0.0471061515240531,0.7204568936559098,0,뚱카롱
33.0,34.28571428571429,-0.0571428571428571,3.5002513826043216,9.218825420072411,0.5077996508256168,16.333333333333332,0.3333333333333333,-0.2334801762114537,0.2896290674860251,-0.5315866916996302,0.2927181165095314,-0.234375,-0.75,-0.2119444495719687,0.0471061515240531,0.7204568936559098,0,뚱카롱
33.0,33.78571428571429,-0.0571428571428571,3.2224736048265434,9.097497742598929,0.4656815690249953,15.333333333333334,0.3333333333333333,-0.2116402116402116,0.1786823690049496,-0.3638357409522751,0.0578128183694708,-0.2333333333333332,-0.75,-0.1734007887942628,0.0471061515240531,0.7204568936559098,0,뚱카롱
33.0,33.28571428571429,-0.0571428571428571,2.663865546218485,9.112557334864118,0.419936126727829,16.0,0.6666666666666666,-0.2528735632183907,-0.0193933870069369,-0.2372337581320739,-0.004998797331352,-0.2258064516129032,-0.3333333333333333,-0.1632404872234057,0.0471061515240531,0.7204568936559098,0,뚱카롱
33.0,33.0,-0.0334728033472804,2.8809523809523783,8.948241861081971,0.4248840818580772,15.333333333333334,0.6666666666666666,-0.1208053691275168,0.0908348425126948,-0.2407295235571374,-0.0276136481030421,-0.0612244897959182,1.0,-0.1825643376796455,0.0471061515240531,0.7204568936559098,0,뚱카롱
36.0,33.75,0.0909090909090908,3.100250626566414,9.147425080835824,0.4758695702704662,15.333333333333334,0.3333333333333333,0.1230769230769228,0.3759504862953136,-0.1142777224589771,-0.0077450581807445,-0.0612244897959182,0.0,-0.0628792881271903,0.0471061515240531,0.7204568936559098,0,뚱카롱
36.0,34.5,0.0909090909090908,4.005012531328319,9.128195020496298,0.5083278527287486,14.333333333333334,0.3333333333333333,0.3206106870229008,0.4414160561504177,0.2428379631503288,0.0033742550716588,-0.0652173913043477,0.0,0.0915782082444069,0.0471061515240531,0.7204568936559098,0,뚱카롱
36.0,35.25,0.0909090909090908,17.23781676413255,8.710955251360993,0.6500150914921714,15.333333333333334,0.6666666666666666,5.171232876712328,5.048155953635406,5.470978532907808,-0.0440712819404294,-0.0416666666666666,0.0,0.5478903817043164,0.0471061515240531,0.7204568936559098,0,뚱카롱
36.0,36.0,0.0909090909090908,17.64895330112721,7.973882732264476,0.6505092599021474,16.333333333333332,0.6666666666666666,4.445086705202312,4.124476018179411,5.126082964027632,-0.1088883318023861,0.0652173913043476,0.0,0.5310276088889465,0.0471061515240531,0.7204568936559098,0,뚱카롱
44.57142857142857,38.14285714285714,0.2380952380952381,17.232286634460547,7.979875296908499,0.6559558829958293,17.666666666666668,0.3333333333333333,0.0477247502774695,-5.123508126434858,4.558352762449283,-0.127636987852831,0.1521739130434782,0.0,0.3784362858566663,0.0471061515240531,0.7204568936559098,0,뚱카롱
48.0,41.14285714285714,0.3333333333333332,5.088768115942027,8.274207412021747,0.5524752355803066,17.0,0.0,-0.7080679405520169,-5.153154645754329,0.2705997986613702,-0.0935549258705604,0.1860465116279068,-1.0,0.0868482468835241,0.0471061515240531,0.7204568936559098,1,뚱카롱
48.0,44.14285714285714,0.3333333333333332,8.644607843137253,7.8746927397839555,0.6439777561968184,14.666666666666666,0.0,-0.5444915254237288,-0.5922162757011984,-0.4985091232014688,-0.0960012406729308,-0.0434782608695653,-1.0,-0.0092879925010567,0.0471061515240531,0.7204568936559098,1,뚱카롱
48.0,47.14285714285714,0.3333333333333332,10.210397316821464,7.3959721853945855,0.7135855993340733,15.333333333333334,0.3333333333333333,0.9345454545454546,1.6426133950974715,-0.4214729257530903,-0.0724754258714527,-0.0612244897959182,-0.5,0.0969645527281413,0.0471061515240531,0.7204568936559098,1,뚱카롱
42.85714285714285,46.71428571428572,-0.0384615384615386,11.89095287237702,6.927531035910049,0.767919065774458,15.666666666666666,1.6666666666666667,0.4790697674418605,1.0235612928655893,-0.3099608238527154,-0.1318747752118558,-0.1132075471698114,4.000000000000001,0.1706870624702372,0.0471061515240531,0.7204568936559098,1,뚱카롱
30.0,42.21428571428571,-0.375,9.9083820662768,7.088696292214824,0.7585211501041248,16.666666666666668,1.6666666666666667,0.0225563909774435,-0.911989063568011,0.9471081881754349,-0.1432779069671944,-0.0196078431372548,0.0,0.3729504985094807,0.0471061515240531,0.7204568936559098,1,뚱카롱
30.0,37.71428571428571,-0.375,9.275925925925923,7.209746739011709,0.7511577792238578,17.0,2.0,-0.190251572327044,-0.6693213397689045,0.0730302743912043,-0.0844408820439246,0.1590909090909091,0.0,0.1664343558386543,0.0471061515240531,0.7204568936559098,1,뚱카롱
30.0,33.21428571428571,-0.375,7.303703703703701,7.322956417999622,0.7275188711646599,16.333333333333332,0.6666666666666666,-0.2702205882352941,-0.2927769792127377,-0.2846797752256939,-0.0098723691172275,0.0652173913043476,1.0,0.0195257189096715,0.0471061515240531,0.7204568936559098,1,뚱카롱
30.0,30.0,-0.2999999999999998,5.099999999999998,7.804347862546437,0.6013162966389146,15.0,0.6666666666666666,-0.4699029126213592,-0.2796513402943151,-0.5711024966008044,0.1265698878996364,-0.0425531914893616,-0.6000000000000001,-0.2169535522178004,0.0471061515240531,0.7204568936559098,1,뚱카롱
17.0,26.75,-0.4333333333333333,3.5530303030303005,8.62531025430438,0.5123590809655207,15.666666666666666,0.0,-0.5340050377833754,-0.2637844495480812,-0.6414116573963122,0.2167696144320845,-0.06,-1.0,-0.3245289457054856,0.0471061515240531,0.7204568936559098,0,뚱카롱
17.0,23.5,-0.4333333333333333,2.836363636363634,8.713990409794333,0.4365270895538191,15.666666666666666,0.6666666666666666,-0.4615384615384615,0.0083644510828976,-0.6942231256465636,0.2086402928196089,-0.0784313725490196,-0.6666666666666667,-0.4188609881603494,0.0471061515240531,0.7204568936559098,0,뚱카롱
17.0,20.25,-0.4333333333333333,2.950398724082932,8.61159547604345,0.4976097731145728,17.0,1.0,-0.1297297297297297,0.4042753080536456,-0.5960407426458458,0.1759725149908564,0.0408163265306122,0.5,-0.316018054187424,0.0471061515240531,0.7204568936559098,0,뚱카롱
17.0,17.0,-0.4333333333333333,4.191812865497074,7.902920617762268,0.589326779105574,15.333333333333334,1.0,0.360544217687075,0.8220826792255366,-0.1780759087260636,0.012630492252772,0.0222222222222223,0.5,-0.0199387869584719,0.0471061515240531,0.7204568936559098,0,뚱카롱
22.142857142857142,18.285714285714285,0.3025210084033614,4.658479532163741,7.833809342194604,0.6624009552100532,14.0,0.3333333333333333,0.2484472049689441,0.3781769346986738,0.311128567687877,-0.091764920770796,-0.1063829787234041,0.0,0.2928451545384622,0.0471061515240531,0.7204568936559098,0,뚱카롱
23.0,19.785714285714285,0.3529411764705883,4.901587301587299,7.894555265386456,0.659592081173109,13.0,0.3333333333333333,-0.015,-0.375544217687075,0.7281237281237287,-0.0940367278218311,-0.1702127659574468,-0.5,0.5109991955992648,0.0471061515240531,0.7204568936559098,0,뚱카롱
23.0,21.285714285714285,0.3529411764705883,3.6022408963585413,8.120583356608696,0.5556301302600205,13.666666666666666,0.6666666666666666,-0.2885572139303483,-0.5370044188992924,0.2209335866894466,-0.0570175550861274,-0.1960784313725491,-0.3333333333333333,0.1165981061471006,0.0471061515240531,0.7204568936559098,0,뚱카롱
23.0,22.785714285714285,0.3529411764705883,2.7133520074696524,8.567095435408316,0.464875178141432,14.333333333333334,0.6666666666666666,-0.4111675126903554,-0.3961675126903554,-0.352702018307323,0.0840416916441342,-0.0652173913043477,-0.3333333333333333,-0.2111758796249224,0.0471061515240531,0.7204568936559098,0,뚱카롱
28.571428571428577,24.392857142857142,0.2903225806451615,2.4925727866904315,8.892157815891931,0.4136089443751983,13.0,0.6666666666666666,-0.3146853146853147,-0.0261281007549664,-0.4649385557066735,0.1351001061510179,-0.0714285714285714,1.0,-0.3755912621773933,0.0471061515240531,0.7204568936559098,0,뚱카롱
36.0,27.642857142857142,0.5652173913043479,3.4511784511784485,9.370955753375313,0.4354452914235523,10.333333333333334,0.3333333333333333,-0.0862068965517239,0.3249606161386315,-0.2959059506986971,0.1870150297714816,-0.205128205128205,0.0,-0.3398263808002414,0.0471061515240531,0.7204568936559098,0,뚱카롱
36.0,30.892857142857142,0.5652173913043479,4.265993265993264,9.296941784926606,0.4730514191459591,9.0,0.3333333333333333,0.2346938775510205,0.5493791922363352,0.1842609610883328,0.1448613205060649,-0.3414634146341463,-0.5,-0.1486217298464657,0.0471061515240531,0.7204568936559098,0,뚱카롱
36.0,34.142857142857146,0.5652173913043479,4.091168091168089,9.298667917543847,0.4572090625777962,10.0,0.0,0.1320754716981131,0.2182823682498371,0.5077911306404084,0.08539329200325,-0.3023255813953488,-1.0,-0.0164906966947233,0.0471061515240531,0.7204568936559098,0,뚱카롱
37.85714285714285,36.46428571428571,0.3249999999999995,5.387464387464386,8.506743177872094,0.5553035338606732,11.0,0.3333333333333333,0.5041322314049586,0.269438353853938,1.1614070474618765,-0.0433432071269618,-0.1538461538461538,-0.5,0.3425810573306633,0.0471061515240531,0.7204568936559098,0,뚱카롱
49.0,39.71428571428571,0.3611111111111111,4.643356643356641,8.544704861956582,0.5341115475524078,11.666666666666666,0.3333333333333333,0.3916666666666666,0.2595911949685534,0.345440900562852,-0.0881714643803672,0.129032258064516,0.0,0.2265870318778666,0.0471061515240531,0.7204568936559098,0,뚱카롱
49.0,42.96428571428571,0.3611111111111111,4.515151515151513,8.576248713558353,0.505360240208725,10.666666666666666,0.3333333333333333,-0.1318681318681318,-0.6360003632730904,0.0584056827150749,-0.0775193701370414,0.1851851851851851,0.0,0.0682987509499406,0.0471061515240531,0.7204568936559098,0,뚱카롱
49.0,46.21428571428571,0.3611111111111111,6.9675324675324655,8.574911021798837,0.5309122530242022,11.333333333333334,1.0,0.6706586826347307,0.2789920159680641,0.7030667800166412,-0.077834470718058,0.1333333333333333,0.0,0.1612023830648918,0.0471061515240531,0.7204568936559098,0,뚱카롱
47.57142857142857,48.642857142857146,0.256603773584906,6.980158730158728,8.474685372757467,0.5294110660391443,12.0,1.3333333333333333,0.7848101265822787,0.9166782584504104,0.2956296743975219,-0.0037685168629537,0.0909090909090908,3.0,-0.0466275941763146,0.0471061515240531,0.7204568936559098,0,뚱카롱
47.0,48.14285714285714,-0.0408163265306122,7.010461760461759,8.51916099476138,0.5490541370656145,12.333333333333334,1.6666666666666667,0.0143369175627239,-0.6563217650720068,0.5097831803404098,-0.00298943820856,0.0571428571428571,4.000000000000001,0.0279765333321884,0.0471061515240531,0.7204568936559098,1,뚱카롱
47.0,47.64285714285714,-0.0408163265306122,2.1463161021984525,8.785975604606802,0.3722675563489028,13.333333333333334,1.0,-0.7021276595744681,-1.4869377861567468,-0.5246414001842351,0.0244543853674494,0.2500000000000002,2.0,-0.2633620005500472,0.0471061515240531,0.7204568936559098,1,뚱카롱
47.0,47.14285714285714,-0.0408163265306122,1.9518716577540085,8.808909469672743,0.3502684341193657,14.0,1.0,-0.7137809187279152,-0.7281178362906391,-0.7198618496792941,0.0272887318922661,0.2352941176470586,0.0,-0.3402517419325819,0.0471061515240531,0.7204568936559098,1,뚱카롱
40.57142857142857,45.39285714285714,-0.1471471471471471,1.77342047930283,8.742895030482916,0.3388133030990174,16.0,2.333333333333333,0.0238095238095239,0.725937183383992,-0.7459340757337616,0.0316483321714373,0.3333333333333332,0.7500000000000002,-0.3600184717824433,0.0471061515240531,0.7204568936559098,1,뚱카롱
32.0,41.64285714285714,-0.3191489361702128,2.8074074074074047,8.803750485708829,0.4456626181675105,14.666666666666666,2.333333333333333,0.5925925925925926,1.3063735113205075,-0.5995403008627938,0.033405812042107,0.189189189189189,0.4000000000000001,-0.1883084233745573,0.0471061515240531,0.7204568936559098,1,뚱카롱
32.0,37.89285714285714,-0.3191489361702128,3.0574074074074047,8.83895743001896,0.4599637931829712,12.666666666666666,2.0,0.4302325581395347,0.4064230343300108,0.4244907375366236,0.0060302723108378,-0.05,1.0,0.2355731390996542,0.0471061515240531,0.7204568936559098,1,뚱카롱
32.0,34.14285714285714,-0.3191489361702128,3.051709401709399,8.809752406803325,0.4375991208182989,11.333333333333334,0.6666666666666666,-0.1085271317829457,-0.7011197243755383,0.563478515396324,9.569142848886436e-05,-0.1904761904761904,-0.3333333333333333,0.2493250267284215,0.0471061515240531,0.7204568936559098,1,뚱카롱
20.0,29.0,-0.5070422535211268,4.985042735042732,8.471190836304642,0.4522775835275834,10.666666666666666,1.3333333333333333,0.3821138211382113,-0.0481187370013234,1.8109761859761884,-0.0310771424374823,-0.3333333333333333,-0.4285714285714286,0.3348873240535257,0.0471061515240531,0.7204568936559098,0,뚱카롱
20.0,26.0,-0.375,5.3183760683760655,7.937112459401288,0.5164470560303894,11.666666666666666,1.3333333333333333,0.6782608695652173,0.786788001348163,0.8944083620864631,-0.0984396397551654,-0.2045454545454545,-0.4285714285714286,0.1588296504515738,0.0471061515240531,0.7204568936559098,0,뚱카롱
20.0,23.0,-0.375,5.583333333333331,6.603231749896863,0.5897376543209877,10.333333333333334,1.0,0.1823529411764706,-0.1997608799617407,0.8261659600242286,-0.2529399759896005,-0.1842105263157893,-0.5,0.2821392967476313,0.0471061515240531,0.7204568936559098,0,뚱카롱
20.0,20.0,-0.375,2.72222222222222,8.007615692738955,0.4759876543209877,10.333333333333334,0.0,-0.4922279792746113,-1.1704888488398286,-0.1079680716986416,-0.091050994060278,-0.088235294117647,-1.0,0.0877253442166501,0.0471061515240531,0.7204568936559098,0,뚱카롱
26.857142857142858,21.714285714285715,0.3428571428571429,2.0782828282828256,8.524553666168202,0.3868181818181819,10.0,0.0,-0.6368159203980099,-0.8191688615744805,-0.5830962864824849,0.006299330388694,-0.0625,-1.0,-0.1447328014774567,0.0471061515240531,0.7204568936559098,0,뚱카롱
32.0,24.714285714285715,0.6000000000000001,1.878282828282826,8.830673457490315,0.3417327117327118,11.333333333333334,0.3333333333333333,-0.2755102040816325,0.2167177751929788,-0.6468315132035505,0.1125801105451931,-0.0285714285714284,-0.75,-0.3383005910433476,0.0471061515240531,0.7204568936559098,0,뚱카롱
33.714285714285715,28.142857142857142,0.6857142857142857,5.246338383838381,8.427968083102241,0.503506216006216,12.666666666666666,0.6666666666666666,2.3013698630136985,2.9381857834117087,-0.0603573043871552,0.2763398896659774,0.225806451612903,-0.3333333333333333,-0.1462199974564229,0.0471061515240531,0.7204568936559098,0,뚱카롱
38.0,32.64285714285714,0.8999999999999999,15.488762626262623,7.995059988374222,0.6661606937444926,12.666666666666666,0.6666666666666666,7.154929577464788,7.43043978154642,4.6897495361781125,-0.0015679703979948,0.225806451612903,0.0,0.3995335544884941,0.0471061515240531,0.7204568936559098,0,뚱카롱
38.0,35.42857142857143,0.4148936170212765,17.549873737373733,6.914992269421383,0.8172403158767464,12.0,0.3333333333333333,1.6887966804979255,-0.612573182515773,7.444410692588102,-0.1888147414843268,0.1999999999999999,0.0,1.1127246708917058,0.0471061515240531,0.7204568936559098,0,뚱카롱
38.0,36.92857142857143,0.1875,14.454040404040404,7.380738608028388,0.7101411411051578,10.0,0.0,-0.1675302245250431,-7.322459801989831,6.695348211884925,-0.164193009337478,-0.1176470588235294,-1.0,1.078060181902044,0.0471061515240531,0.7204568936559098,0,뚱카롱
38.0,38.0,0.1271186440677965,4.505555555555554,8.064628788812463,0.5965326790795635,9.666666666666666,0.0,-0.7669753086419753,-2.455771989139901,-0.1411999711198285,-0.0431111379050259,-0.2368421052631578,-1.0,0.1847573279456773,0.0471061515240531,0.7204568936559098,1,뚱카롱
33.0,36.75,-0.131578947368421,2.8296296296296277,8.136001231241679,0.4688148803091332,8.666666666666666,0.6666666666666666,-0.8298755186721991,-0.6623452941471559,-0.8173108015205985,0.0176285410081227,-0.3157894736842105,0.0,-0.29624355698034,0.0471061515240531,0.7204568936559098,1,뚱카롱
33.0,35.5,-0.131578947368421,4.707407407407405,7.9516518542613985,0.5574044396961063,10.0,1.0,0.1986754966887416,0.9656508053307168,-0.7317697279278632,0.1499147857943676,-0.1666666666666666,2.0,-0.3179430470239156,0.0471061515240531,0.7204568936559098,1,뚱카롱
33.0,34.25,-0.131578947368421,5.029629629629628,7.425170421877971,0.568291083916084,9.333333333333334,1.0,1.280487804878049,2.1103633235502484,-0.6520260433045647,0.0060199684895021,-0.0666666666666666,0.0,-0.1997491047601038,0.0471061515240531,0.7204568936559098,1,뚱카롱
14.142857142857142,28.285714285714285,-0.6278195488721805,7.590476190476188,6.831041957161045,0.6766191922441922,9.0,1.0,0.298342541436464,0.0996670447477223,0.6846926193412015,-0.152962630265474,-0.0689655172413792,0.0,0.134253354381524,0.0471061515240531,0.7204568936559098,1,뚱카롱
0.0,20.035714285714285,-1.0,6.121031746031743,7.539289063459171,0.5975472225472226,7.333333333333333,0.6666666666666666,-0.251336898395722,-1.531824703273771,1.163191847419597,-0.0733421924140294,-0.1538461538461538,0.0,0.274590990271478,0.0471061515240531,0.7204568936559098,0,뚱카롱
0.0,11.785714285714285,-1.0,7.975732600732599,6.905847302544759,0.690839115839116,9.0,1.0,-0.0340425531914891,-0.3323850946279532,0.6942941008637316,-0.1315204149885132,-0.0999999999999999,0.0,0.2393857433495818,0.0471061515240531,0.7204568936559098,0,뚱카롱
0.0,3.5357142857142856,-1.0,6.201923076923074,6.924611667689651,0.6627664002664003,11.666666666666666,0.6666666666666666,0.6928571428571428,0.9441940412528648,0.2330774895207885,-0.0674137731187211,0.2499999999999997,-0.3333333333333333,0.1662445866637367,0.0471061515240531,0.7204568936559098,0,뚱카롱
7.857142857142857,1.9642857142857144,-0.4444444444444444,6.288461538461536,4.518840394847857,0.6497260780155517,13.333333333333334,1.0,0.1497797356828192,0.1838222888743084,-0.1715326705916419,-0.3384844620796517,0.4814814814814816,0.0,-0.0397463071353949,0.0471061515240531,0.7204568936559098,0,뚱카롱
55.00000000000001,15.714285714285715,0.0,4.683760683760681,5.391199516897983,0.5663604918197769,13.0,1.3333333333333333,-0.181434599156118,-0.8742917420132609,-0.2348086273531979,-0.2849193774745127,0.7727272727272727,1.0,-0.0521912403751171,0.0471061515240531,0.7204568936559098,1,뚱카롱
55.00000000000001,29.464285714285715,0.0,3.467094017094015,8.073512310588518,0.4513472643065493,12.666666666666666,1.3333333333333333,-0.4865900383141762,-0.6363697739969955,-0.5652946016801579,0.1690835254369846,0.4074074074074074,0.3333333333333332,-0.3466680534463829,0.0471061515240531,0.7204568936559098,1,뚱카롱
55.00000000000001,43.21428571428572,0.0,2.9341269841269817,8.115002051354361,0.4491944463642577,12.0,1.6666666666666667,-0.4020618556701032,-0.2206272565139851,-0.5269004552725485,0.1719071683426076,0.0285714285714286,1.5000000000000004,-0.3222431822378094,0.0471061515240531,0.7204568936559098,1,뚱카롱
29.28571428571429,48.57142857142858,2.727272727272728,2.498941798941797,8.448502982455695,0.4255596255596255,11.0,1.3333333333333333,-0.3208955223880597,0.1656945159261165,-0.6026147598013043,0.8696174779902013,-0.175,0.3333333333333332,-0.3450168617836524,0.0471061515240531,0.7204568936559098,0,뚱카롱
25.0,41.07142857142858,-0.5454545454545455,4.298941798941796,7.40669633802568,0.5540252340252341,9.666666666666666,1.6666666666666667,0.1810344827586207,0.583096338428724,-0.0821602363573167,0.3738494216009622,-0.2564102564102565,0.2500000000000002,-0.0217798698403348,0.0471061515240531,0.7204568936559098,0,뚱카롱
25.0,33.57142857142858,-0.5454545454545455,4.7037037037037015,8.001289123165066,0.5128042328042328,7.666666666666667,1.3333333333333333,0.2967032967032967,0.6175988190913565,0.3566703644356794,-0.0089456960793544,-0.394736842105263,0.0,0.136163378750298,0.0471061515240531,0.7204568936559098,0,뚱카롱
25.0,26.071428571428573,-0.5454545454545455,4.363636363636361,8.054441322996775,0.5016261998870695,8.666666666666666,1.0,-0.1751824817518248,-0.3562169645104456,0.4872009245825857,-0.0074628112198048,-0.2777777777777778,-0.4,0.1167239576250107,0.0471061515240531,0.7204568936559098,0,뚱카롱
35.714285714285715,27.678571428571427,0.2195121951219512,3.155303030303028,8.478265129510476,0.4605062704338067,8.0,0.3333333333333333,-0.4067796610169492,-0.7034829577202459,0.2626556695474757,0.0035227716811587,-0.2727272727272727,-0.75,0.0821192678422564,0.0471061515240531,0.7204568936559098,0,뚱카롱
40.0,31.428571428571427,0.6000000000000001,2.700757575757573,8.520356423857827,0.4863996873617064,9.666666666666666,0.3333333333333333,-0.3008849557522124,-0.1257024740003876,-0.371762237762238,0.1503585451606353,0.0,-0.8,-0.122062213975704,0.0471061515240531,0.7204568936559098,0,뚱카롱
40.0,35.17857142857143,0.6000000000000001,2.903787878787876,8.133648931276253,0.4929921823599985,9.0,0.6666666666666666,0.1857142857142857,0.5924939467312349,-0.3826592698639945,0.0165423103794593,0.1739130434782607,-0.5,-0.038634724865459,0.0471061515240531,0.7204568936559098,0,뚱카롱
39.0,38.67857142857143,0.56,2.519528619528617,8.117984208991132,0.4463872440883935,9.0,0.6666666666666666,-0.0379746835443037,0.2629102722079086,-0.4226080246913581,0.0078891736181541,0.0384615384615385,-0.3333333333333333,-0.1101197581209112,0.0471061515240531,0.7204568936559098,0,뚱카롱
39.0,39.5,0.0919999999999998,2.4286195286195267,8.334359347870274,0.447673314339981,9.333333333333334,0.6666666666666666,-0.1204819277108434,-0.3061962134251291,-0.2303054555155395,-0.0169734939214516,0.1666666666666667,1.0,-0.0278670604891803,0.0471061515240531,0.7204568936559098,0,뚱카롱
40.285714285714285,39.57142857142857,0.0071428571428571,3.0048100048100026,8.585901306314497,0.462926201635879,8.666666666666666,1.0,0.0131578947368422,0.051132578281146,0.1125804225383471,0.0076927395047863,-0.1034482758620689,2.0,-0.0482596645017403,0.0471061515240531,0.7204568936559098,0,뚱카롱
66.0,46.07142857142857,0.6499999999999999,4.375180375180373,8.22989948798389,0.5481113868210642,8.0,1.6666666666666667,0.3013698630136987,0.4218517907245421,0.5067148696159922,0.0118336256606212,-0.1111111111111111,1.5000000000000004,0.1118054330947095,0.0471061515240531,0.7204568936559098,1,뚱카롱
62.0,51.82142857142857,0.5897435897435896,6.031746031746029,7.097993908257102,0.5937601824698598,6.333333333333333,2.0,0.4675324675324674,0.4543745727956252,1.3939978236383437,-0.1256457606316026,-0.2962962962962963,2.0,0.330145944654914,0.0471061515240531,0.7204568936559098,1,뚱카롱
45.0,53.32142857142857,0.1538461538461537,6.222222222222219,4.320104441051068,0.5217171717171717,5.333333333333333,1.3333333333333333,0.0736842105263158,-0.2276856524873829,1.56204075973936,-0.4816512870716321,-0.4285714285714286,1.0,0.1653970764068346,0.0471061515240531,0.7204568936559098,0,뚱카롱
45.0,54.5,0.1170212765957448,4.675213675213673,8.126347173988735,0.4067210567210567,7.333333333333333,1.0,-0.238938053097345,-0.7064705206298125,0.5559099136816446,-0.0535242737984633,-0.1538461538461538,0.0,-0.1214127537309527,0.0471061515240531,0.7204568936559098,0,뚱카롱
45.0,49.25,-0.3181818181818182,3.1057692307692286,8.642245666482072,0.348099123099123,8.0,0.6666666666666666,-0.3823529411764705,-0.4560371517027863,-0.2901391566876397,0.0501034282496684,0.0,-0.6000000000000001,-0.3649117105228775,0.0471061515240531,0.7204568936559098,1,뚱카롱
42.0,44.25,-0.3225806451612903,11.21688034188034,8.631076798783711,0.3718364968364968,7.666666666666667,2.0,0.5232558139534882,0.7621938670508333,0.8596406882591097,0.2159881947409354,0.2105263157894739,0.0,-0.3737597976176656,0.0471061515240531,0.7204568936559098,1,뚱카롱
51.0,45.75,0.1333333333333333,11.271825396825392,8.130926606601541,0.3726689976689976,8.0,2.0,1.1428571428571428,1.5252100840336134,0.811543367346939,0.8821134344204213,0.5,0.5,-0.2856876908183782,0.0471061515240531,0.7204568936559098,1,뚱카롱
51.0,47.25,0.1333333333333333,11.67460317460317,7.016132988329811,0.4081244842114407,7.333333333333333,2.333333333333333,0.0458015267175573,-0.4774542872359308,1.4971271872551584,-0.136619093657795,0.0,1.3333333333333337,0.0034505897031698,0.0471061515240531,0.7204568936559098,1,뚱카롱
18.714285714285715,40.67857142857143,-0.584126984126984,3.963492063492061,7.019993795204566,0.4951397986461099,8.0,1.3333333333333333,-0.4074074074074073,-1.5502645502645502,0.2761708192048751,-0.1877118441065866,0.0,1.0,0.4224103589744359,0.0471061515240531,0.7204568936559098,0,뚱카롱
18.571428571428573,34.82142857142857,-0.5578231292517006,7.544444444444442,2.3192692099188457,0.6283510318573432,5.333333333333333,1.3333333333333333,-0.1459854014598539,-0.1917869281774112,-0.3274026097723593,-0.7312885444090039,-0.3043478260869565,-0.3333333333333333,0.6898584114340998,0.0471061515240531,0.7204568936559098,0,뚱카롱
30.0,29.571428571428573,-0.4117647058823529,8.133333333333331,2.4434012299133494,0.6234511008704556,4.333333333333333,1.3333333333333333,0.5249999999999999,0.9324074074074072,-0.2784368949128674,-0.6994928932294704,-0.4583333333333333,-0.3333333333333333,0.6729352448689632,0.0471061515240531,0.7204568936559098,0,뚱카롱
18.0,21.321428571428573,-0.6470588235294117,7.309090909090906,3.400155172083692,0.6107767571182205,5.666666666666667,2.0,0.1282051282051282,0.2741905296649821,-0.3739323898399358,-0.5153804556243029,-0.2272727272727271,-0.1428571428571429,0.4965452472138132,0.0471061515240531,0.7204568936559098,0,뚱카롱
32.0,24.642857142857142,0.7099236641221374,5.251948051948049,4.476866901898023,0.5811471274885909,6.0,1.6666666666666667,-0.0655737704918032,-0.5905737704918032,0.3250810062984672,-0.3622691084205488,-0.25,0.2500000000000002,0.1737031219822278,0.0471061515240531,0.7204568936559098,1,뚱카롱
33.142857142857146,28.285714285714285,0.7846153846153847,5.45194805194805,5.2712594414491525,0.6204712442320625,6.666666666666667,1.0,-0.1136363636363636,-0.2418414918414918,-0.2773559283132184,1.2728105124258522,0.2500000000000002,-0.25,-0.0125404228301955,0.0471061515240531,0.7204568936559098,1,뚱카롱
36.0,29.785714285714285,0.1999999999999999,5.447619047619045,5.78205252948756,0.5725760499954048,5.666666666666667,0.3333333333333333,-0.1052631578947368,-0.0396893874029335,-0.3302107728337238,1.3663950311151352,0.3076923076923079,-0.75,-0.0816023113986319,0.0471061515240531,0.7204568936559098,1,뚱카롱
36.0,34.285714285714285,1.0,8.038095238095236,5.577466785059355,0.6088231622988551,5.333333333333333,1.0,0.0940170940170939,0.2076534576534575,0.099739398246861,0.6403565433872118,-0.0588235294117648,-0.5,-0.0031985415237195,0.0471061515240531,0.7204568936559098,1,뚱카롱
21.0,31.535714285714285,-0.34375,7.019047619047616,5.12254349347743,0.5842176602739984,6.0,1.3333333333333333,0.1666666666666665,0.2719298245614033,0.336465545664359,0.1442251033430688,0.0,-0.2,0.0052835721630022,0.0471061515240531,0.7204568936559098,0,뚱카롱
21.0,28.5,-0.3663793103448276,9.114285714285712,2.7558492805409687,0.5840345100908481,4.666666666666667,1.6666666666666667,-0.1171875,-0.2112045940170939,0.67174845164364,-0.4771933897104214,-0.2999999999999999,0.6666666666666667,-0.0587242913832549,0.0471061515240531,0.7204568936559098,0,뚱카롱
16.0,23.5,-0.5555555555555556,5.417989417989415,3.040550716071451,0.4948773448773448,5.333333333333333,2.0,-0.4117647058823529,-0.5784313725490194,-0.0054390054390055,-0.4741399009149225,-0.0588235294117648,5.0,-0.1357002360100173,0.0471061515240531,0.7204568936559098,0,뚱카롱
25.428571428571427,20.857142857142858,-0.2936507936507937,5.648148148148145,2.6469756323957987,0.4753968253968253,5.0,2.333333333333333,-0.3716814159292034,-0.2544939159292034,-0.2973275408109533,-0.5254161549672716,-0.0625,1.3333333333333337,-0.2191545019381742,0.0471061515240531,0.7204568936559098,0,뚱카롱
32.714285714285715,23.785714285714285,0.5578231292517006,4.267195767195765,2.897246222672236,0.5460704607046071,6.666666666666667,2.0,0.3142857142857145,0.7260504201680674,-0.3920548771295041,-0.4344125674362122,0.1111111111111111,0.5,-0.0652962109216284,0.0471061515240531,0.7204568936559098,0,뚱카롱
37.0,27.785714285714285,0.7619047619047619,8.096825396825393,3.9460557830612144,0.6101713522027588,6.0,1.0,0.9295774647887324,1.3012588807179355,-0.1116335771508187,0.4318837430349638,0.2857142857142856,-0.4,0.0447522221038703,0.0471061515240531,0.7204568936559098,0,뚱카롱
37.0,33.035714285714285,1.3125,8.985714285714282,7.806806558042204,0.6870944291258357,7.333333333333333,0.6666666666666666,0.9456521739130432,0.6313664596273287,0.6584960937500002,1.5675633419885862,0.375,-0.6666666666666667,0.3884135861910021,0.0471061515240531,0.7204568936559098,0,뚱카롱
29.0,33.92857142857143,0.1404494382022472,11.766666666666664,8.059471401034791,0.6636038924096034,6.666666666666667,0.3333333333333333,0.5255474452554747,-0.4040300195332575,1.0832786885245906,2.044784886719981,0.3333333333333335,-0.8571428571428572,0.395894665168782,0.0471061515240531,0.7204568936559098,0,뚱카롱
29.0,33.0,-0.1135371179039301,8.299999999999995,8.258380303155294,0.6058522072606579,6.666666666666667,0.3333333333333333,-0.1229050279329607,-1.068557201846004,0.9450712957222568,1.850424046989796,0.0,-0.8333333333333334,0.1094762505170361,0.0471061515240531,0.7204568936559098,0,뚱카롱
35.0,32.5,-0.054054054054054,12.199999999999996,7.278589674366719,0.5996251010335517,5.0,1.0,-0.1244019138755981,-0.6499493591310729,0.5067633797294651,0.8445227524686028,-0.1666666666666666,0.0,-0.0172840811538175,0.0471061515240531,0.7204568936559098,1,뚱카롱
34.0,31.75,-0.081081081081081,11.966666666666663,6.6022465479437455,0.5567629900963235,4.0,1.3333333333333333,-0.1146496815286624,0.0082553464042983,0.3317435082140965,-0.1542961262255919,-0.4545454545454545,1.0,-0.1896849013829555,0.0471061515240531,0.7204568936559098,1,뚱카롱
25.5,30.875,-0.1206896551724138,12.733333333333327,2.1036089486231124,0.5754443087776422,4.333333333333333,2.0,-0.1420765027322403,-0.0176745888566421,0.082152974504249,-0.7389892160479631,-0.3500000000000001,5.0,-0.1328497084485838,0.0471061515240531,0.7204568936559098,1,뚱카롱
30.0,31.125,0.0344827586206897,12.249999999999996,2.163466693500669,0.5059921191761988,3.6666666666666665,1.6666666666666667,-0.0431654676258992,0.0714842139027631,0.4759036144578314,-0.7380277228606111,-0.45,4.000000000000001,-0.1648258220201481,0.0471061515240531,0.7204568936559098,1,뚱카롱
23.0,28.125,-0.3428571428571428,8.345238095238091,4.749656458367897,0.4726235124742587,7.0,1.6666666666666667,-0.1656050955414013,-0.0235285928091609,-0.3159640905542545,-0.3474482460393474,0.3999999999999999,0.6666666666666667,-0.2118016546345124,0.0471061515240531,0.7204568936559098,0,뚱카롱
23.0,25.375,-0.3235294117647058,15.26190476190476,4.701030719370599,0.5598872935453792,7.666666666666667,2.333333333333333,1.3308270676691727,1.373992535295072,0.2753680859530443,-0.2879649850648603,0.9166666666666669,0.7500000000000002,0.0056115501652063,0.0471061515240531,0.7204568936559098,0,뚱카롱
21.0,24.25,-0.1764705882352941,17.57440476190476,4.710477366890307,0.6529157200146162,11.666666666666666,5.333333333333333,3.7480916030534353,3.913696698594837,0.380188855646971,1.2392362278043565,1.6923076923076923,1.6666666666666663,0.134628859917893,0.0471061515240531,0.7204568936559098,0,뚱카롱
21.0,22.0,-0.3,25.46875,1.6990754676265258,0.7979450085933529,11.5,7.5,1.8887096774193548,0.5578826097501821,1.079081632653062,-0.2146514329382718,2.1363636363636367,3.5,0.5769909813861924,0.0471061515240531,0.7204568936559098,0,뚱카롱
16.929108485499462,16.929108485499462,0.0,101.25,3.973167753393429,0.2749094202898551,2.0,1.5,0.0,0.0,0.0,0.0,0.0,0.0,0.0,0.124611115990475,0.019169728370579085,0,로제떡볶이
20.714285714285715,18.82169709989259,0.0,101.75,3.586631373750924,0.4182688917098628,2.6666666666666665,1.3333333333333333,0.0,0.0,0.0,0.0,0.0,0.0,0.0,0.124611115990475,0.019169728370579085,0,로제떡볶이
30.0,22.54779806659506,0.0,57.95,3.8189976208974894,0.5515794563728865,3.6666666666666665,0.6666666666666666,0.0913580246913581,0.0,0.0,0.0,0.0,0.0,0.0,0.124611115990475,0.019169728370579085,0,로제떡볶이
30.0,24.41084854994629,0.0,74.16428571428571,2.5484681312777444,0.7431121877980429,5.333333333333333,1.3333333333333333,0.4411764705882353,0.0,0.0,0.0,0.0,0.0,0.0,0.124611115990475,0.019169728370579085,0,로제떡볶이
30.0,27.67857142857143,0.7720956792081721,44.8031746031746,4.414368328428203,0.6343788692107096,6.0,1.3333333333333333,0.28657616892911,0.1952181442377518,-0.5574995100921027,0.1110450407380736,2.0,-0.1111111111111111,1.3075923281997477,0.124611115990475,0.019169728370579085,0,로제떡볶이
30.0,30.0,0.4482758620689655,35.41269841269841,5.508741478787583,0.460494589185835,6.666666666666667,1.0,-0.3801020408163265,-0.8212785114045618,-0.651963651963652,0.5359095777457894,1.5000000000000004,-0.25,0.1009534735020707,0.124611115990475,0.019169728370579085,0,로제떡볶이
86.0,44.0,1.8666666666666667,61.216931216931215,5.517615013324547,0.4394999451183839,7.333333333333333,1.3333333333333333,0.8663540445486517,0.5797778756195417,0.0563749994293567,0.4447809506694249,1.0,1.0,-0.2031973996847573,0.124611115990475,0.019169728370579085,0,로제떡볶이
86.0,58.0,1.8666666666666667,65.55026455026454,5.433732920525217,0.5039259995042776,8.333333333333334,1.0,1.4046639231824418,1.7847659639987683,-0.1161478342447234,1.132156511527914,0.5625000000000002,-0.25,-0.3218708994701206,0.124611115990475,0.019169728370579085,0,로제떡볶이
86.0,72.0,1.8666666666666667,96.89629629629628,4.010848883438631,0.6729561234542873,10.666666666666666,3.0,1.029522613065327,0.1631685685166752,1.1627105033184533,-0.0914104612410653,0.7777777777777777,1.25,0.0608110643590245,0.124611115990475,0.019169728370579085,0,로제떡볶이
86.0,86.0,1.8666666666666667,68.56296296296297,4.073699265164651,0.6664217776898378,13.333333333333334,3.333333333333333,0.7946377638334283,-0.6100261593490135,0.9361123561930378,-0.2605027335460966,1.0,2.333333333333333,0.4471869883815285,0.124611115990475,0.019169728370579085,0,로제떡볶이
98.0,89.0,0.1395348837209302,73.79528619528621,2.3647727627668247,0.7361676310607574,17.333333333333332,4.333333333333333,0.1918910554008048,-0.8376315576645221,0.2054718315392476,-0.5714139610944022,1.3636363636363638,2.25,0.6750118839320058,0.124611115990475,0.019169728370579085,0,로제떡볶이
100.0,92.5,0.1627906976744186,49.799150929585714,2.5346186405613955,0.7330760394697112,20.0,3.333333333333333,-0.0416401780038144,-0.8362779418372428,-0.2402906186381709,-0.5335400768434524,1.4,2.333333333333333,0.4547295440022012,0.124611115990475,0.019169728370579085,0,로제떡볶이
100.0,96.0,0.1627906976744186,40.6908888213236,1.990192815204544,0.7799968932404102,22.666666666666668,2.6666666666666665,-0.2446117891456765,-0.4365028445464813,-0.5800573357634212,-0.5037976066806369,1.1250000000000004,-0.1111111111111111,0.1590605480141589,0.124611115990475,0.019169728370579085,0,로제떡볶이
100.0,99.5,0.1627906976744186,37.27205765249244,1.851577665753132,0.78499873873502,24.666666666666668,3.0,-0.0441127694859038,-0.0024725914820893,-0.4563820459068195,-0.5454800305004117,0.8500000000000001,-0.1,0.1779308015056639,0.124611115990475,0.019169728370579085,0,로제떡볶이
96.14285714285714,99.03571428571428,-0.0189504373177843,36.362637362637365,1.738628880511112,0.8102532911072768,27.666666666666668,2.6666666666666665,0.0550017188037126,0.2996135079493891,-0.5072498632716179,-0.264779725187258,0.5961538461538463,-0.3846153846153846,0.1006369431643823,0.124611115990475,0.019169728370579085,0,로제떡볶이
91.0,96.78571428571428,-0.0899999999999999,23.642036124794743,5.131960744829989,0.7260495818755985,28.666666666666668,2.333333333333333,-0.2689104788341429,-0.224797709348239,-0.5252522245163624,1.0247467065472642,0.4333333333333333,-0.2999999999999999,-0.0095848959941392,0.124611115990475,0.019169728370579085,1,로제떡볶이
91.0,94.53571428571428,-0.0899999999999999,14.293190525949148,6.39640644737914,0.6188421989138989,30.33333333333333,1.3333333333333333,-0.5610948191593352,-0.6160965379630479,-0.6487373232688158,2.2139631891504656,0.3382352941176469,-0.5,-0.206609405400337,0.124611115990475,0.019169728370579085,1,로제떡볶이
91.0,92.28571428571428,-0.0899999999999999,8.817384074336244,6.411817355467189,0.6077416390902207,30.0,1.3333333333333333,-0.6155671570953963,-0.3466566782612534,-0.7634317869824766,2.4628940897594878,0.2162162162162162,-0.5555555555555556,-0.2258055852808614,0.124611115990475,0.019169728370579085,1,로제떡볶이
88.71428571428571,90.42857142857144,-0.0772659732540862,10.71661779081134,6.101453916407122,0.6773255603850977,30.33333333333333,1.6666666666666667,-0.2642910170749815,0.2968038020843537,-0.7052849141843965,2.509348075831716,0.0963855421686745,-0.3749999999999999,-0.1640570080752434,0.124611115990475,0.019169728370579085,1,로제떡볶이
75.0,86.42857142857142,-0.1758241758241758,21.68530465949821,2.836839658626044,0.7948257609842454,29.33333333333333,2.333333333333333,1.4234567901234567,2.039023947218853,-0.0827649300156679,-0.4472210915713031,0.0232558139534881,0.0,0.0947265597632849,0.124611115990475,0.019169728370579085,0,로제떡볶이
75.0,82.42857142857143,-0.1758241758241758,20.53391812865497,4.42216395041066,0.7398272334702778,31.666666666666668,2.333333333333333,0.9283551967709384,1.19264621384592,0.4366224315960696,-0.3086486941081433,0.043956043956044,0.7500000000000002,0.1955022375150144,0.124611115990475,0.019169728370579085,1,로제떡볶이
75.0,78.42857142857143,-0.1758241758241758,17.209735122119024,6.476072955695262,0.6342222239494862,33.0,1.6666666666666667,-0.1670911869587367,-1.5905479770821933,0.9517960176204006,0.010021433341872,0.1,0.2500000000000002,0.0435721088634086,0.124611115990475,0.019169728370579085,1,로제떡볶이
75.0,75.0,-0.1545893719806762,6.408346233230134,7.055418053028871,0.5253937758616593,33.666666666666664,1.3333333333333333,-0.6473050758765044,-1.575660272647443,-0.4020178419795106,0.1563502977637003,0.1098901098901099,-0.2,-0.2243113111471191,0.124611115990475,0.019169728370579085,1,로제떡볶이
65.71428571428571,72.67857142857142,-0.1238095238095239,5.309348739495799,7.548126145946985,0.4706974025600943,30.33333333333333,1.0,-0.692354740061162,-0.5252635531024253,-0.7551637469307911,1.660751771075684,0.0340909090909091,-0.5714285714285714,-0.4077980034552199,0.124611115990475,0.019169728370579085,0,로제떡볶이
62.0,69.42857142857142,-0.1733333333333333,4.669642857142858,7.4894349079175155,0.4876632778655136,29.666666666666668,2.0,-0.3620178041543026,0.2852872717222018,-0.7725888051230516,0.6936131251357194,-0.063157894736842,-0.1428571428571429,-0.3408416778900511,0.124611115990475,0.019169728370579085,0,로제떡볶이
62.0,66.17857142857142,-0.1733333333333333,5.248809523809524,7.2788867497418845,0.5254809458490275,29.0,1.3333333333333333,-0.0636182902584492,0.6287364498027128,-0.6950092789595914,0.1239661442264332,-0.1212121212121212,-0.2,-0.1714561142674805,0.124611115990475,0.019169728370579085,0,로제떡볶이
62.0,62.92857142857142,-0.1733333333333333,5.2064814814814815,7.057738836020006,0.5646385186003503,31.666666666666668,1.3333333333333333,0.1697674418604648,0.5317852460147675,-0.187546787893021,0.0003289362832494,-0.0594059405940593,0.0,0.0746958653522849,0.124611115990475,0.019169728370579085,0,로제떡볶이
62.0,62.0,-0.0565217391304346,5.31677559912854,7.306537768543877,0.5640439499021288,32.333333333333336,0.3333333333333333,0.10828025477707,0.1718985450355192,0.0013988268612858,-0.0320064043355754,0.0659340659340661,-0.6666666666666667,0.1983154078062217,0.124611115990475,0.019169728370579085,0,로제떡볶이
62.0,62.0,0.0,4.324618736383442,7.771831297940996,0.5199897985612271,33.666666666666664,0.3333333333333333,-0.1053677932405565,-0.2751352351010214,-0.0738866185947505,0.0377059676057727,0.1348314606741572,-0.8333333333333334,0.0662886097087431,0.124611115990475,0.019169728370579085,1,로제떡볶이
62.0,62.0,0.0,6.245098039215686,7.523897567444514,0.6006535017626485,33.0,0.3333333333333333,0.2203065134099617,0.1120262586328917,0.1898122823636143,0.033660479428577,0.1379310344827586,-0.75,0.14305477012523,0.124611115990475,0.019169728370579085,1,로제떡볶이
62.0,62.0,0.0,9.303921568627452,6.974942719189283,0.6834608904523902,33.0,1.3333333333333333,1.1088888888888886,1.2142566821294452,0.7869883147995105,-0.0117312525660716,0.0421052631578946,0.0,0.2104397201710253,0.124611115990475,0.019169728370579085,1,로제떡볶이
62.0,62.0,0.0,9.70533769063181,6.724032296204916,0.6933251935158825,33.666666666666664,1.3333333333333333,0.5714285714285714,0.3511220580186096,0.825417964268153,-0.0797238707020395,0.0412371134020617,3.0,0.229204202325344,0.124611115990475,0.019169728370579085,1,로제떡볶이
52.0,59.5,-0.1612903225806451,7.497821350762528,7.489850935090711,0.5702555184511248,34.0,1.0,-0.1749209694415173,-1.283809858330406,0.7337531486146098,-0.0362823576632435,0.0099009900990099,2.0,0.0966667423649063,0.124611115990475,0.019169728370579085,0,로제떡볶이
52.0,57.0,-0.1612903225806451,4.32996632996633,7.917283100532486,0.4575207450545868,33.666666666666664,0.0,-0.5444555444555446,-1.115884115884116,-0.3066615923758782,0.0522848071178065,0.0202020202020201,-1.0,-0.2382950507872364,0.124611115990475,0.019169728370579085,0,로제떡볶이
52.0,54.5,-0.1612903225806451,3.4579619726678548,8.076254117876669,0.4061246777702545,33.0,0.0,-0.545338441890166,-0.3704174724486486,-0.6283328543602517,0.1578954040235323,0.0,-1.0,-0.4057821252925881,0.124611115990475,0.019169728370579085,0,로제떡볶이
52.0,52.0,-0.1612903225806451,3.3993199973592128,8.226883100846681,0.4037373055648843,30.0,0.0,-0.300438596491228,0.2440169479643165,-0.6497473755456808,0.2235044001037864,-0.1089108910891089,-1.0,-0.4176797420017081,0.124611115990475,0.019169728370579085,0,로제떡볶이
48.57142857142857,51.14285714285714,-0.0659340659340659,5.10639070442992,7.932786806923505,0.5008823672932795,29.0,0.3333333333333333,0.294943820224719,0.840282262114885,-0.3189500702213184,0.0591381424906061,-0.1470588235294118,-0.6666666666666667,-0.121652748484171,0.124611115990475,0.019169728370579085,0,로제떡볶이
46.0,49.64285714285714,-0.1153846153846154,6.158790974882929,7.89234692447709,0.6054959473125391,27.33333333333333,0.3333333333333333,0.6865203761755487,0.9869589726667768,0.4223646341681415,-0.003149587521219,-0.188118811881188,0.0,0.3234283993839391,0.124611115990475,0.019169728370579085,0,로제떡볶이
46.0,48.14285714285714,-0.1153846153846154,6.867432950191571,7.793190180244402,0.6751665783067251,29.0,0.6666666666666666,0.3275488069414318,0.0326049867167128,0.985977001619041,-0.0350489141996794,-0.1212121212121212,0.0,0.662461345647821,0.124611115990475,0.019169728370579085,0,로제떡볶이
46.0,46.64285714285714,-0.1153846153846154,5.374099616858238,8.234707483336045,0.6048639452902278,27.0,1.0,-0.154275092936803,-0.8407954691123518,0.5809337223424529,0.0009510749567547,-0.0999999999999999,0.0,0.4981621389778174,0.124611115990475,0.019169728370579085,0,로제떡볶이
44.285714285714285,45.57142857142858,-0.088235294117647,4.454559386973179,8.306877062113042,0.5257538791111961,26.666666666666668,1.0,-0.3872549019607842,-0.7148037089022161,-0.1276501065402733,0.047157482520902,-0.0804597701149425,2.0,0.0496553950427918,0.124611115990475,0.019169728370579085,0,로제떡볶이
40.0,44.07142857142857,-0.1304347826086956,3.636781609195402,8.369901473616443,0.4669131482222724,24.666666666666668,0.6666666666666666,-0.3714285714285714,-0.2171534784917683,-0.4094974770166586,0.0605085602177823,-0.0975609756097559,1.0,-0.22887485821393,0.124611115990475,0.019169728370579085,0,로제떡볶이
40.0,42.57142857142857,-0.1304347826086956,3.3205911330049265,8.428587443081732,0.4356990263886815,23.666666666666668,0.0,-0.3386666666666666,0.0485882352941176,-0.5164727261134312,0.0815323696896364,-0.1839080459770115,-1.0,-0.3546792148962897,0.124611115990475,0.019169728370579085,0,로제떡볶이
40.0,41.07142857142857,-0.1304347826086956,3.095930735930736,8.464096156256184,0.4326513078237216,21.666666666666668,0.0,-0.2657342657342657,0.1056943056943057,-0.4239163847616479,0.0278563231765469,-0.1975308641975308,-1.0,-0.2847130148977133,0.124611115990475,0.019169728370579085,0,로제떡볶이
40.0,40.0,-0.0967741935483871,3.9581529581529584,8.209521452696098,0.5063372891032857,23.666666666666668,0.3333333333333333,0.2903225806451612,0.6289892473118279,-0.1114378293556713,-0.0117198808516107,-0.1125,-0.6666666666666667,-0.0369309495932483,0.124611115990475,0.019169728370579085,0,로제떡볶이
34.857142857142854,38.71428571428572,-0.1285714285714286,3.837121212121213,8.208439894005087,0.5485426763086729,25.0,0.3333333333333333,0.5333333333333332,0.7990675990675989,0.0550870589587404,-0.0192907383820841,0.0135135135135133,-0.5,0.1748280775497481,0.124611115990475,0.019169728370579085,0,로제떡볶이
34.0,37.21428571428572,-0.15,3.929347826086957,8.267169049405487,0.555342871868966,25.33333333333333,0.3333333333333333,0.0343749999999998,-0.2559475806451614,0.183327807820514,-0.0191512984549668,0.0704225352112675,0.0,0.2746020491988701,0.124611115990475,0.019169728370579085,0,로제떡볶이
34.0,35.714285714285715,-0.15,2.784903381642512,8.575981374197632,0.4627458182454937,25.0,0.0,-0.34472049689441,-0.8780538302277432,-0.1004632793229204,0.0132188027966515,0.1538461538461537,0.0,0.0695583484380308,0.124611115990475,0.019169728370579085,0,로제떡볶이
34.0,34.214285714285715,-0.15,3.019806763285024,8.627118373116222,0.4435816088638931,24.33333333333333,0.0,-0.323262839879154,-0.3576378398791539,-0.2370666835739987,0.0508673889003579,0.028169014084507,-1.0,-0.1239404673326188,0.124611115990475,0.019169728370579085,0,로제떡볶이
37.42857142857143,34.85714285714286,0.0737704918032788,3.78792270531401,8.553786372651716,0.5239370778955464,24.33333333333333,0.0,0.3127962085308058,0.6575167054252158,-0.0128217233929925,0.0420721212686039,-0.0266666666666667,-1.0,-0.0448563064932445,0.124611115990475,0.019169728370579085,0,로제떡볶이
40.0,36.35714285714286,0.1764705882352941,5.98792270531401,8.486271553621233,0.6419292275595255,20.666666666666668,0.0,0.6473214285714284,0.9705842684505824,0.5238973413247272,0.0265027245610154,-0.1842105263157893,-1.0,0.1559151293311094,0.124611115990475,0.019169728370579085,0,로제떡볶이
40.0,37.85714285714286,0.1764705882352941,6.47524154589372,8.494408895026154,0.6903086231330566,21.0,0.0,0.4729241877256318,0.160127979194826,1.3251225118175118,-0.0095117369793855,-0.16,0.0,0.4917663129844585,0.124611115990475,0.019169728370579085,0,로제떡볶이
40.0,39.35714285714286,0.1764705882352941,6.439814814814814,8.526492668779378,0.6705465905690917,22.0,0.0,0.1544715447154472,-0.4928498838559811,1.1325254625926515,-0.0116638835802245,-0.095890410958904,0.0,0.5116645441782499,0.124611115990475,0.019169728370579085,0,로제떡볶이
39.42857142857143,39.85714285714286,0.0534351145038167,5.001117496807152,8.630317374994082,0.6247620175694787,25.666666666666668,0.3333333333333333,-0.0245098039215686,-0.4974339916472005,0.3202797115662292,0.0089470322273947,0.0547945205479452,0.0,0.1924371149278214,0.124611115990475,0.019169728370579085,0,로제떡볶이
36.0,38.85714285714286,-0.0999999999999999,4.669220945083015,8.665173684254325,0.6131979850930517,27.33333333333333,0.6666666666666666,-0.0704225352112676,-0.2248940799267148,-0.2202269176021105,0.0210813582269533,0.3225806451612902,0.0,-0.0447576480910578,0.124611115990475,0.019169728370579085,0,로제떡볶이
36.0,37.85714285714286,-0.0999999999999999,6.6321839080459775,8.359542176508393,0.6723372684255717,27.0,0.6666666666666666,0.3391959798994974,0.3637057838210661,0.0242372984914798,-0.0158771163696548,0.2857142857142858,0.0,-0.0260337972107599,0.124611115990475,0.019169728370579085,0,로제떡볶이
36.0,36.85714285714286,-0.0999999999999999,6.404214559386973,8.307715134430035,0.6383705526740328,25.33333333333333,0.6666666666666666,0.2474747474747474,0.317897282686015,-0.0055281489377524,-0.0256585612452842,0.1515151515151513,0.0,-0.0479847908372051,0.124611115990475,0.019169728370579085,0,로제떡볶이
36.0,36.0,-0.0869565217391304,6.462962962962963,8.345349604027522,0.6476911098733297,24.666666666666668,0.6666666666666666,-0.0806754221388367,-0.4198714020383342,0.2923037635266703,-0.0330193848713188,-0.0389610389610389,1.0,0.0367005222133258,0.124611115990475,0.019169728370579085,0,로제떡볶이
34.285714285714285,35.57142857142857,-0.0476190476190476,4.272486772486773,8.789069275609599,0.5560291911468949,25.33333333333333,0.6666666666666666,-0.3137651821862347,-0.5612399296609821,-0.0849679587371053,0.0142981082514719,-0.073170731707317,0.0,-0.0932305639221589,0.124611115990475,0.019169728370579085,0,로제떡볶이
34.0,35.07142857142857,-0.0555555555555555,12.678042328042327,8.460421663510587,0.6767124417476414,24.0,0.6666666666666666,0.6897959183673468,0.7704713405061835,0.9115939038815988,0.01206758514667,-0.1111111111111111,0.0,0.0065074085991323,0.124611115990475,0.019169728370579085,0,로제떡볶이
34.0,34.57142857142857,-0.0555555555555555,13.11952380952381,8.411001486795154,0.6612919573840678,23.666666666666668,0.3333333333333333,1.5132743362831858,1.8270395184694204,1.0485765565574123,0.012432582327849,-0.0657894736842104,-0.5,0.0359061122321837,0.124611115990475,0.019169728370579085,0,로제떡볶이
34.0,34.07142857142857,-0.0555555555555555,13.41666666666667,8.333320587926575,0.6971634910569596,23.0,0.3333333333333333,0.039855072463768,-0.6499408459035787,1.075931232091691,-0.001441403496762,-0.0675675675675676,-0.5,0.0763826775286531,0.124611115990475,0.019169728370579085,0,로제떡볶이
36.85714285714285,34.714285714285715,0.0749999999999997,5.3090909090909095,8.7548736641234,0.5789020336388757,23.0,0.0,-0.5492957746478873,-2.062570110931073,0.2426231353785533,-0.0038906976852594,-0.0921052631578946,-1.0,0.0411360461935499,0.124611115990475,0.019169728370579085,0,로제떡볶이
38.0,35.714285714285715,0.1176470588235294,5.282424242424243,8.83274430323386,0.583707726030775,24.0,0.0,-0.5226480836236933,-0.5625031560874614,-0.5833406999485917,0.0440075748622652,0.0,-1.0,-0.1374360954213836,0.124611115990475,0.019169728370579085,1,로제떡볶이
38.0,36.71428571428572,0.1176470588235294,7.856313131313132,8.468219553472077,0.627101073616993,23.666666666666668,0.3333333333333333,0.5390625,1.0883582746478873,-0.4011739110828073,0.006802765017549,0.0,0.0,-0.0517031598302311,0.124611115990475,0.019169728370579085,1,로제떡볶이
38.0,37.71428571428572,0.1176470588235294,10.367512077294686,7.874593800572426,0.704922625074067,24.33333333333333,0.3333333333333333,0.8710462287104621,1.3936943123341554,-0.2272661805743092,-0.0550472986745234,0.0579710144927536,0.0,0.011129575941138,0.124611115990475,0.019169728370579085,1,로제떡볶이
35.714285714285715,37.42857142857143,-0.0310077519379842,10.900845410628015,7.865845962576036,0.7072447748100098,21.666666666666668,0.3333333333333333,0.2571912013536379,-0.281871298646362,1.0532414300840445,-0.1015466054285295,-0.0579710144927535,0.0,0.2217002769266405,0.124611115990475,0.019169728370579085,1,로제떡볶이
30.0,35.42857142857143,-0.2105263157894736,8.700289855072464,8.121512696360398,0.6537566250008433,22.33333333333333,0.3333333333333333,-0.2314694408322496,-1.102515669542712,0.6470259592553422,-0.0805221551146979,-0.0694444444444445,0.0,0.1200068045122553,0.124611115990475,0.019169728370579085,0,로제떡볶이
30.0,33.42857142857143,-0.2105263157894736,7.067878787878787,8.670009974061573,0.602943044996185,22.33333333333333,0.3333333333333333,-0.3660834454912517,-0.6232746468448896,-0.1003567869885251,0.0238291436960629,-0.0563380281690142,0.0,-0.0385233411919857,0.124611115990475,0.019169728370579085,0,로제떡볶이
30.0,31.428571428571427,-0.2105263157894736,6.83930735930736,8.728152826763685,0.5909429750173917,22.666666666666668,0.3333333333333333,-0.2148900169204738,0.0165794239117758,-0.3403135382609539,0.1083940388301947,-0.0684931506849314,0.0,-0.1616910083496033,0.124611115990475,0.019169728370579085,0,로제떡볶이
30.0,30.0,-0.16,6.650974025974025,9.03498380875854,0.5667014340182189,22.33333333333333,0.0,-0.0573248407643312,0.3087586047269205,-0.3898662190466885,0.1486347243189105,0.0307692307692306,-1.0,-0.1987195180474054,0.124611115990475,0.019169728370579085,0,로제떡볶이
29.0,29.75,-0.0333333333333333,6.396428571428571,9.049773892505248,0.5872521261244666,22.666666666666668,0.0,-0.0366379310344826,0.1782520858859911,-0.264802819448675,0.114296588683638,0.0149253731343284,-1.0,-0.1017266920641774,0.124611115990475,0.019169728370579085,0,로제떡볶이
29.0,29.5,-0.0333333333333333,7.025,8.688275161083078,0.6122000276557426,21.666666666666668,0.3333333333333333,0.0765765765765766,0.1339014173409078,-0.0060667123992453,0.0021067088822446,-0.0298507462686565,0.0,0.0153529968317589,0.124611115990475,0.019169728370579085,0,로제떡볶이
29.0,29.25,-0.0333333333333333,7.090476190476191,8.471605266822685,0.6459702496925478,22.666666666666668,0.3333333333333333,0.1342281879194631,0.1708661189539457,0.0367243081753045,-0.0293931104361889,0.0,0.0,0.0931177406306194,0.124611115990475,0.019169728370579085,0,로제떡볶이
29.0,29.0,-0.0333333333333333,6.914285714285714,8.444839977917914,0.6347908931014266,24.0,0.3333333333333333,0.0711297071129706,-0.005446869463606,0.039589943861362,-0.0653176412190733,0.0746268656716417,0.0,0.1201504972387605,0.124611115990475,0.019169728370579085,0,로제떡볶이
31.285714285714285,29.57142857142857,0.0788177339901476,5.242063492063491,8.939799393649016,0.5867288775975507,25.33333333333333,0.0,-0.1597633136094675,-0.2939915015289306,-0.1804702524970532,-0.0121521819398502,0.1176470588235292,0.0,-0.0008910117199049,0.124611115990475,0.019169728370579085,0,로제떡볶이
33.0,30.57142857142857,0.1379310344827586,4.189268461007591,9.116381970700033,0.4973954933678041,24.0,0.0,-0.3691406249999999,-0.4402703321129705,-0.4036628525256097,0.0492740850951116,0.1076923076923075,-1.0,-0.1875278162393293,0.124611115990475,0.019169728370579085,0,로제떡볶이
33.0,31.57142857142857,0.1379310344827586,4.074549846288977,8.799006038892486,0.502160227544303,21.33333333333333,0.3333333333333333,-0.3450704225352112,-0.1853071089257437,-0.4253489135522599,0.0386468398559596,-0.0588235294117648,0.0,-0.2226263859933051,0.124611115990475,0.019169728370579085,0,로제떡볶이
33.0,32.57142857142857,0.1379310344827586,4.349802371541503,8.70813556069854,0.5144392755162305,21.0,0.3333333333333333,-0.1021671826625386,0.2669734423374612,-0.3708963512233363,0.0311782796913984,-0.125,0.0,-0.1895925396742678,0.124611115990475,0.019169728370579085,0,로제떡볶이
31.857142857142858,32.714285714285715,0.0182648401826484,5.031565656565657,8.733392621364798,0.5499211191297304,20.33333333333333,0.3333333333333333,0.2258064516129032,0.5708768741481145,-0.0401555295574975,-0.0230885239361022,-0.1973684210526316,0.0,-0.0627338450061213,0.124611115990475,0.019169728370579085,0,로제떡볶이
29.0,31.714285714285715,-0.1212121212121212,4.994269619269619,9.177505416035942,0.5188834100098294,22.33333333333333,0.6666666666666666,0.2482758620689655,0.3504430447315042,0.1921579306159841,0.0067047920471476,-0.0694444444444445,0.0,0.0432008671741941,0.124611115990475,0.019169728370579085,1,로제떡볶이
29.0,30.714285714285715,-0.1212121212121212,8.191239316239317,8.849316341599161,0.6046436139143633,25.0,1.6666666666666667,1.0029239766081872,0.777117524995284,1.0103421544099511,0.0057177256708653,0.171875,4.000000000000001,0.2040850325228489,0.124611115990475,0.019169728370579085,1,로제떡볶이
29.0,29.714285714285715,-0.1212121212121212,8.732905982905981,8.19054642636845,0.6529736116424747,28.666666666666668,2.0,1.2182320441988952,0.9699561821299296,1.0076558052478082,-0.0594374227091811,0.3650793650793651,5.0,0.2692919120283488,0.124611115990475,0.019169728370579085,1,로제떡볶이
29.0,29.0,-0.0896860986547085,9.027777777777777,8.14223197548885,0.6327500820011368,28.0,1.3333333333333333,0.186861313868613,-0.8160626627395742,0.7942283563362609,-0.0676896907657366,0.3770491803278688,3.0,0.1506197161558118,0.124611115990475,0.019169728370579085,1,로제떡볶이
23.857142857142858,27.714285714285715,-0.1773399014778325,7.887992831541219,8.143030698635487,0.6271142663495854,28.0,0.6666666666666666,-0.1021170610211706,-1.3203491052200658,0.5794086889315337,-0.1127185079719929,0.2537313432835821,0.0,0.2085841525318872,0.124611115990475,0.019169728370579085,0,로제떡볶이
23.0,26.214285714285715,-0.2068965517241379,7.776881720430108,8.683652130354346,0.6222996747839391,26.33333333333333,0.3333333333333333,-0.1894218942189421,-0.3762832080875552,-0.050585458416254,-0.0187205660697261,0.0533333333333332,-0.8,0.0292007729235299,0.124611115990475,0.019169728370579085,0,로제떡볶이
23.0,24.714285714285715,-0.2068965517241379,7.818548387096775,8.558546200478867,0.6364002230826006,26.33333333333333,0.3333333333333333,-0.0818307905686547,0.0202862704525159,-0.1047025580716194,0.0449298196913563,-0.0813953488372093,-0.8333333333333334,-0.0253814063300135,0.124611115990475,0.019169728370579085,0,로제떡볶이
23.0,23.214285714285715,-0.2068965517241379,6.236111111111111,8.969405331476683,0.5522609064590197,24.0,0.3333333333333333,-0.2807283763277693,-0.0913064821088271,-0.3092307692307692,0.1015904924445696,-0.1428571428571429,-0.75,-0.1272053182317446,0.124611115990475,0.019169728370579085,0,로제떡볶이
26.42857142857143,23.857142857142858,0.1077844311377245,5.85515873015873,8.989463682259053,0.5408922750903883,24.0,0.3333333333333333,-0.3323262839879153,-0.2504954934192606,-0.257712468152091,0.1039456947847934,-0.1428571428571429,-0.5,-0.1374900809721535,0.124611115990475,0.019169728370579085,0,로제떡볶이
31.0,25.857142857142858,0.3478260869565217,5.396825396825396,8.822713531154559,0.556307735474402,23.666666666666668,0.3333333333333333,-0.1371308016877637,0.1435975746400056,-0.3060424999588499,0.0160141607140287,-0.10126582278481,0.0,-0.1060452736576622,0.124611115990475,0.019169728370579085,1,로제떡볶이
31.0,27.857142857142858,0.3478260869565217,4.774220032840723,8.808771524687243,0.5384068644813272,25.33333333333333,0.0,-0.1312217194570136,0.2011045645309016,-0.389372579605725,0.0292368958871047,-0.0379746835443037,-1.0,-0.1539807106393085,0.124611115990475,0.019169728370579085,1,로제떡볶이
31.0,29.857142857142858,0.3478260869565217,4.82183908045977,8.663042654140172,0.5440314482309109,26.0,0.0,0.0,0.1371308016877637,-0.2267874971200367,-0.0341564090387775,0.0833333333333332,-1.0,-0.0149013955756426,0.124611115990475,0.019169728370579085,1,로제떡볶이
30.0,30.75,0.1351351351351351,6.641283524904215,8.52690896964491,0.5954300304336436,26.33333333333333,0.3333333333333333,0.40625,0.5374717194570137,0.1342619100480258,-0.051455206780245,0.0972222222222221,0.0,0.1008292369014542,0.124611115990475,0.019169728370579085,1,로제떡볶이
24.0,29.0,-0.2258064516129032,7.5770202020202015,8.081913713689746,0.6329890117727482,24.0,0.3333333333333333,0.4034229828850855,0.4034229828850855,0.4039772727272728,-0.0839650766001772,0.0140845070422535,0.0,0.1378396729158453,0.124611115990475,0.019169728370579085,0,로제떡볶이
24.0,27.25,-0.2258064516129032,7.280353535353536,8.20452346223556,0.6009742127338668,22.33333333333333,0.3333333333333333,-0.0462962962962963,-0.4525462962962964,0.5249304567602076,-0.0685961783386289,-0.1184210526315789,0.0,0.1162083033856071,0.124611115990475,0.019169728370579085,0,로제떡볶이
24.0,25.5,-0.2258064516129032,4.990909090909091,8.626582422557478,0.518407200196037,22.666666666666668,0.0,-0.3832752613240419,-0.7866982442091274,0.0350633871492036,-0.0042087096922314,-0.1282051282051282,0.0,-0.0471006742683701,0.124611115990475,0.019169728370579085,0,로제떡볶이
24.0,24.0,-0.1999999999999999,4.506060606060606,8.881202468627036,0.4724129260138434,23.33333333333333,0.0,-0.374757281553398,-0.3284609852571016,-0.3215075686554738,0.0415500505802723,-0.1139240506329114,-1.0,-0.2066021163396958,0.124611115990475,0.019169728370579085,0,로제떡볶이
24.714285714285715,24.17857142857143,0.0297619047619048,4.1797113997114,9.012668020093,0.4621078334810728,22.0,0.0,-0.1977401129943502,0.1855351483296916,-0.4483700335658341,0.1151650882917336,-0.0833333333333333,-1.0,-0.2699591542878536,0.124611115990475,0.019169728370579085,0,로제떡볶이
25.0,24.42857142857143,0.0416666666666667,3.886378066378066,8.943146669616672,0.4316648905381299,22.0,0.0,-0.1863354037267081,0.1884218778266899,-0.4661827825385485,0.0900263386144126,-0.0149253731343282,-1.0,-0.2817247705613505,0.124611115990475,0.019169728370579085,0,로제떡볶이
25.0,24.67857142857143,0.0416666666666667,4.238650793650794,8.74753854736839,0.4941290240806948,22.33333333333333,0.3333333333333333,0.0492957746478872,0.2470358876422375,-0.1507257061901871,0.0140213260461785,-0.0147058823529412,0.0,-0.046832250991424,0.124611115990475,0.019169728370579085,0,로제떡볶이
25.0,24.92857142857143,0.0416666666666667,4.136358024691358,8.641845411387662,0.4838552738895285,24.0,0.6666666666666666,0.1832061068702291,0.3695415105969372,-0.0820456300281451,-0.0269509740471413,0.0285714285714286,0.0,0.0242210728064409,0.124611115990475,0.019169728370579085,0,로제떡볶이
23.714285714285715,24.678571428571427,-0.0404624277456647,4.3676400759734095,8.86766570853064,0.5098121619516797,24.33333333333333,0.6666666666666666,0.1107382550335569,0.0614424803856696,0.0449621177852102,-0.016088722145217,0.1060606060606059,0.0,0.1032320272765094,0.124611115990475,0.019169728370579085,0,로제떡볶이
22.0,23.92857142857143,-0.12,3.254985754985755,9.08402459307894,0.4573363839259256,25.0,0.3333333333333333,-0.1612903225806451,-0.3444964294508742,-0.1624629154982704,0.0157526124379558,0.1363636363636364,0.0,0.0594708857507328,0.124611115990475,0.019169728370579085,0,로제떡볶이
22.0,23.17857142857143,-0.12,3.919183285849953,9.098355012891252,0.514976496031267,26.33333333333333,0.3333333333333333,-0.0060422960725075,-0.1167805511060644,-0.0753700937759207,0.0401045921230496,0.1791044776119403,0.0,0.0421903408514769,0.124611115990475,0.019169728370579085,0,로제떡볶이
22.0,22.42857142857143,-0.12,5.188414055080721,8.824483495909009,0.5748843942462732,26.666666666666668,0.6666666666666666,0.6461538461538459,0.807444168734491,0.2543435611978641,0.0211341531613928,0.1111111111111111,0.0,0.1881329506341769,0.124611115990475,0.019169728370579085,0,로제떡볶이
22.0,22.0,-0.072289156626506,5.809401709401709,8.735444670106553,0.6294124746744698,28.0,0.6666666666666666,0.4984802431610942,0.5045225392336017,0.3301008343978473,-0.0149104671702825,0.1506849315068494,0.0,0.2345968214350404,0.124611115990475,0.019169728370579085,0,로제떡볶이
21.0,21.75,-0.0454545454545454,5.543589743589744,8.769778839133004,0.6145211663621089,26.666666666666668,0.3333333333333333,0.0560747663551401,-0.5900790797987057,0.7031072210065648,-0.034593230206065,0.0666666666666666,0.0,0.3436962112807589,0.124611115990475,0.019169728370579085,0,로제떡볶이
21.0,21.5,-0.0454545454545454,4.265934065934066,8.924752118300836,0.5682222451626275,29.0,0.0,-0.2190669371196754,-0.7175471802807696,0.0884752650727112,-0.0190806903384669,0.1012658227848102,-1.0,0.1033945229378539,0.124611115990475,0.019169728370579085,0,로제떡볶이
21.0,21.25,-0.0454545454545454,3.787362637362637,8.999980272316131,0.521616592592321,28.0,0.0,-0.2588495575221238,-0.314924323877264,-0.2700346199906912,0.0198874842350242,0.05,-1.0,-0.0926582843213048,0.124611115990475,0.019169728370579085,0,로제떡볶이
21.0,21.0,-0.0454545454545454,4.552691511387164,8.820430567046223,0.5605585556632792,27.33333333333333,0.3333333333333333,-0.025974025974026,0.1930929111456493,-0.2163235150326641,0.0097288575623974,-0.0238095238095238,-0.5,-0.1093939535386578,0.124611115990475,0.019169728370579085,0,로제떡볶이
20.285714285714285,20.82142857142857,-0.0340136054421769,5.553044245073231,8.704682452841045,0.6161199221001716,25.0,0.3333333333333333,0.2746268656716417,0.5334764231937655,0.001705483616355,-0.0074228082014431,-0.0625,0.0,0.0026016284313317,0.124611115990475,0.019169728370579085,0,로제떡볶이
20.0,20.57142857142857,-0.0476190476190476,6.160187102216088,8.899132060776509,0.6875601030764352,25.33333333333333,0.3333333333333333,0.2746666666666668,0.3006406926406929,0.4440417988193301,-0.0028706744103055,-0.1264367816091954,0.0,0.2100196867154553,0.124611115990475,0.019169728370579085,0,로제떡볶이
20.0,20.32142857142857,-0.0476190476190476,5.125627458960793,9.18876974630265,0.6149152063025433,26.0,0.0,-0.0234192037470726,-0.2980460694187143,0.3533500617015295,0.0209766542008136,-0.0714285714285714,0.0,0.1788643517771329,0.124611115990475,0.019169728370579085,0,로제떡볶이
20.0,20.07142857142857,-0.0476190476190476,3.995750915750916,9.491164835378015,0.5679161029161028,25.33333333333333,0.0,-0.3326359832635984,-0.6073026499302653,-0.1223321620283808,0.0760432569854023,-0.073170731707317,-1.0,0.0131253857041178,0.124611115990475,0.019169728370579085,0,로제떡볶이
20.0,20.0,-0.0140845070422535,7.741092530657748,9.129381404773085,0.6117485836478971,24.0,0.3333333333333333,0.3213429256594724,0.344762129406545,0.3940268056617406,0.0487897122305047,-0.04,0.0,-0.0070949474209078,0.124611115990475,0.019169728370579085,0,로제떡볶이
20.0,20.0,0.0,10.00103948025987,8.54454859708769,0.7190645967110366,24.666666666666668,0.6666666666666666,1.376175548589342,1.7088115318529402,0.6234960585307645,-0.0398447243244841,-0.026315789473684,1.0,0.0458207122455722,0.124611115990475,0.019169728370579085,0,로제떡볶이
20.0,20.0,0.0,12.967016491754125,4.172213256017394,0.8018426647477254,25.666666666666668,1.0,0.8675136116152451,0.5461706859557727,1.5298398285042651,-0.5459443025334053,-0.0128205128205127,0.0,0.3039889996690248,0.124611115990475,0.019169728370579085,0,로제떡볶이
20.0,20.0,0.0,9.85977011494253,5.066313205812043,0.7686012036069506,26.0,0.6666666666666666,0.0936675461741425,-1.2825080024151994,1.467563750301887,-0.4662074367386898,0.0263157894736842,0.0,0.3533710343136627,0.124611115990475,0.019169728370579085,0,로제떡볶이
19.857142857142858,19.964285714285715,-0.0071428571428571,8.218704284221525,7.725074731843907,0.7076721369307575,24.33333333333333,0.3333333333333333,-0.3692905733722059,-1.236804184987451,0.0616982359624624,-0.1538227630839224,0.0138888888888888,0.0,0.1568022482550952,0.124611115990475,0.019169728370579085,0,로제떡볶이
19.0,19.714285714285715,-0.05,7.006060606060605,7.794229151431968,0.6856499267927839,24.0,0.3333333333333333,-0.3546441495778045,-0.448311695751947,-0.2994667584415378,-0.0878126488637983,-0.027027027027027,-0.5,-0.0464696357894542,0.124611115990475,0.019169728370579085,1,로제떡볶이
19.0,19.464285714285715,-0.05,6.861616161616162,7.858094414094434,0.6650339807975275,25.666666666666668,1.0,-0.140215716486903,0.2290748568853029,-0.4708407931786357,0.883435465040302,0.0,0.0,-0.1706178655300668,0.124611115990475,0.019169728370579085,1,로제떡볶이
19.0,19.214285714285715,-0.05,6.934126984126984,6.325146104382147,0.6854810964059334,27.0,1.0,0.1140186915887848,0.4686628411665894,-0.2967252883900122,0.2484711954101017,0.0384615384615385,0.5,-0.1081446487605598,0.124611115990475,0.019169728370579085,1,로제떡볶이
19.0,19.0,-0.0431654676258993,8.13925518925519,6.01336079642522,0.6986446524266322,26.666666666666668,1.3333333333333333,0.2060931899641578,0.3463089064510608,-0.0096668638046588,-0.2215789484032753,0.0958904109589042,3.0,-0.0127565916941118,0.124611115990475,0.019169728370579085,1,로제떡볶이
13.857142857142858,17.714285714285715,-0.2706766917293233,10.202540213409778,6.39880436290244,0.7034724239036295,24.0,1.0,0.2885906040268458,0.1745719124380609,0.4562449266545101,-0.1790330719585218,0.0,2.0,0.0259935812933178,0.124611115990475,0.019169728370579085,0,로제떡볶이
13.0,16.214285714285715,-0.3157894736842105,10.789400883603784,6.594278995118792,0.7235189689242479,23.666666666666668,1.0,0.2035661218424962,-0.0025270681216615,0.5724285109329816,-0.1608297574929664,-0.0779220779220779,0.0,0.0879428567794138,0.124611115990475,0.019169728370579085,0,로제떡볶이
13.0,14.714285714285714,-0.3157894736842105,8.264828234031132,7.176313674848532,0.643807845864501,23.0,0.3333333333333333,-0.2135416666666666,-0.5021322706935124,0.1919060976169426,0.1345688394259676,-0.1481481481481481,-0.6666666666666667,-0.0607941645071331,0.124611115990475,0.019169728370579085,0,로제떡볶이
13.0,13.214285714285715,-0.3157894736842105,13.856244064577396,6.757610346290571,0.7123211192501618,23.666666666666668,0.6666666666666666,0.3320987654320988,0.1285326435896026,0.7023970550609262,0.123765989612296,-0.1125,-0.5,0.0195757124541446,0.124611115990475,0.019169728370579085,0,로제떡볶이
14.714285714285714,13.428571428571429,0.0618556701030927,12.782169990503322,6.93336689102401,0.6784664985935107,23.33333333333333,0.6666666666666666,0.6423841059602649,0.8559257726269315,0.2528419122232903,0.0835410020066775,-0.0277777777777777,-0.3333333333333333,-0.0355464186802927,0.124611115990475,0.019169728370579085,0,로제떡볶이
17.0,14.428571428571429,0.3076923076923077,12.979392212725545,6.712492286326073,0.712464075939712,24.666666666666668,1.0,-0.0389249304911955,-0.3710236959232943,0.2029761756697541,0.0179266438824903,0.0422535211267605,0.0,-0.0152793409148246,0.124611115990475,0.019169728370579085,0,로제떡볶이
17.0,15.428571428571429,0.3076923076923077,7.501234567901233,6.713974032269944,0.6835133847204413,25.33333333333333,1.3333333333333333,-0.371975806451613,-1.0143599124118778,-0.0923907484230267,-0.0644257850933957,0.1014492753623188,3.0,0.0616729651727434,0.124611115990475,0.019169728370579085,0,로제떡볶이
17.0,16.42857142857143,0.3076923076923077,7.774162257495589,7.139896195303908,0.6656116820255512,26.0,1.3333333333333333,-0.373191899710704,-0.3342669692195085,-0.4389415904292753,0.0565711589486932,0.0985915492957745,1.0,-0.0655735678225857,0.124611115990475,0.019169728370579085,0,로제떡볶이
16.857142857142858,16.964285714285715,0.1456310679611652,7.141482518933498,8.208760453533214,0.6026543778917764,27.0,1.0,-0.0272873194221507,0.3446884870294622,-0.4412934169832387,0.1839501042646882,0.1571428571428572,0.5,-0.1117404040713815,0.124611115990475,0.019169728370579085,0,로제떡볶이
16.0,16.714285714285715,-0.0588235294117647,3.9316059757236217,8.788438578345366,0.494726210423219,29.666666666666668,0.3333333333333333,-0.4169230769230769,-0.0437311772123729,-0.6970885915698803,0.3092660972211729,0.2027027027027026,-0.6666666666666667,-0.3056124131301712,0.124611115990475,0.019169728370579085,0,로제떡볶이
16.0,16.464285714285715,-0.0588235294117647,3.495098039215685,9.06590059283138,0.4505171413174147,32.333333333333336,1.3333333333333333,-0.3877887788778877,-0.360501459455737,-0.5340636254501802,0.35030319588029,0.2763157894736843,0.0,-0.3408802938048134,0.124611115990475,0.019169728370579085,0,로제떡볶이
16.0,16.214285714285715,-0.0588235294117647,5.335585585585584,8.666685801165068,0.5573918115907778,33.333333333333336,2.0,0.5435356200527706,0.9604586969758476,-0.3136771000063461,0.2138391881474926,0.2820512820512821,0.5,-0.1625870959858231,0.124611115990475,0.019169728370579085,0,로제떡볶이
16.0,16.0,-0.0508474576271186,5.51151151151151,8.230141488141287,0.5892566334666373,33.0,1.6666666666666667,0.628032345013477,1.0158211238913648,-0.2282398651961422,0.002604660561007,0.2222222222222223,0.6666666666666667,-0.0222312239264029,0.124611115990475,0.019169728370579085,0,로제떡볶이
16.0,16.0,0.0,7.826326326326327,6.739463345166397,0.7095927250141992,33.666666666666664,1.6666666666666667,0.4598290598290599,-0.0837065602237105,0.9906181785894432,-0.2331443993051991,0.1348314606741572,4.000000000000001,0.434313990372918,0.124611115990475,0.019169728370579085,0,로제떡볶이
16.0,16.0,0.0,6.561728395061728,6.884115075378071,0.6721332091135556,31.33333333333333,1.0,0.0993377483443709,-0.5286945966691061,0.8774089657680126,-0.2406584426017751,-0.0309278350515465,-0.25,0.4919148406830536,0.124611115990475,0.019169728370579085,0,로제떡볶이
16.0,16.0,0.0,6.049294532627865,7.052426247356273,0.6405948727792355,31.666666666666668,1.0,-0.2903981264637003,-0.7502271862927603,0.1337639394203347,-0.1862603065166835,-0.05,-0.5,0.149272126820448,0.124611115990475,0.019169728370579085,0,로제떡볶이
16.0,16.0,0.0,3.617813051146383,7.816303130494244,0.5349387732991826,28.666666666666668,0.0,-0.5120481927710844,-0.6113859411154553,-0.3435896770622525,-0.0502832616235501,-0.1313131313131312,-1.0,-0.0921803117393841,0.124611115990475,0.019169728370579085,0,로제떡볶이
15.714285714285714,15.928571428571429,-0.0178571428571429,3.043951833607005,8.63605160749151,0.471894304331286,29.0,0.0,-0.5313531353135313,-0.240955008849831,-0.61106249513674,0.2814153242164843,-0.1386138613861385,-1.0,-0.3349786607214114,0.124611115990475,0.019169728370579085,0,로제떡볶이
15.0,15.678571428571429,-0.0625,3.626706016361188,8.992298754699405,0.4948042686621884,29.666666666666668,0.3333333333333333,0.0925925925925925,0.6046407853636769,-0.4472940972243532,0.3062388783798118,-0.053191489361702,-0.6666666666666667,-0.2638300533985485,0.124611115990475,0.019169728370579085,0,로제떡볶이
15.0,15.428571428571429,-0.0625,4.206585896241067,9.429038821410147,0.5475110094684361,32.0,0.3333333333333333,0.5528169014084505,1.0841700367219818,-0.3046154599429481,0.3369921911547522,0.0105263157894737,-0.6666666666666667,-0.1453084738361282,0.124611115990475,0.019169728370579085,0,로제떡볶이
15.0,15.178571428571429,-0.0625,4.870570570570569,9.448865772998785,0.5981941898098732,32.333333333333336,0.6666666666666666,0.423728813559322,0.3311362209667294,0.3462748079332687,0.2088663419584275,0.127906976744186,0.0,0.1182479559680613,0.124611115990475,0.019169728370579085,0,로제떡볶이
15.0,15.0,-0.0454545454545454,4.550250250250249,9.477465702650589,0.55977152896269,29.0,0.3333333333333333,-0.0158730158730159,-0.5686899172814665,0.4948496227873353,0.097430415356617,0.0,0.0,0.1862222616904296,0.124611115990475,0.019169728370579085,0,로제떡볶이
16.0,15.25,0.0666666666666666,3.9370370370370353,9.301627161550956,0.4963777466512387,26.666666666666668,0.3333333333333333,-0.3174603174603174,-0.7411891310196395,0.0855682868354503,0.0343992582196954,-0.101123595505618,0.0,0.0031800008381182,0.124611115990475,0.019169728370579085,0,로제떡볶이
16.0,15.5,0.0666666666666666,3.7863425925925913,8.91433477341026,0.5225693255474825,26.666666666666668,0.3333333333333333,-0.216589861751152,-0.2007168458781361,-0.0999012771910821,-0.0545871172818983,-0.1666666666666666,0.0,-0.0455546710287503,0.124611115990475,0.019169728370579085,1,로제떡볶이
16.0,15.75,0.0666666666666666,3.49236111111111,8.910858997784995,0.5243995854122077,28.33333333333333,0.3333333333333333,-0.0436046511627906,0.2738556662975268,-0.2829667365435601,-0.0569387679049483,-0.1237113402061856,-0.5,-0.1233622887930756,0.124611115990475,0.019169728370579085,1,로제떡볶이
16.0,16.0,0.0666666666666666,3.3754528985507237,8.927531339056225,0.5086952478646694,27.0,0.6666666666666666,-0.1205882352941175,0.0960016264570344,-0.2581830200734378,-0.058025465968245,-0.0689655172413793,1.0,-0.0912448712650139,0.124611115990475,0.019169728370579085,1,로제떡볶이
14.285714285714288,15.571428571428571,-0.1071428571428569,2.7150362318840564,9.33806176351284,0.4234604984093317,25.0,0.3333333333333333,-0.3434650455927052,-0.2998603944299145,-0.3103859053540023,0.0039170138008208,-0.0625,0.0,-0.1468987051370367,0.124611115990475,0.019169728370579085,0,로제떡볶이
13.0,14.821428571428571,-0.1875,2.86086956521739,9.347034085577764,0.4164424425718173,24.0,0.3333333333333333,-0.2608695652173912,-0.1402813299232737,-0.2444240067408981,0.0485397198070418,-0.1,0.0,-0.2030867059877246,0.124611115990475,0.019169728370579085,0,로제떡볶이
13.0,14.071428571428571,-0.1875,2.7354166666666657,9.360240371719517,0.4145661485759581,25.666666666666668,0.3333333333333333,0.0833333333333332,0.4267983789260384,-0.216742891230861,0.0504307580275062,-0.0941176470588234,0.0,-0.2094460786995364,0.124611115990475,0.019169728370579085,0,로제떡볶이
13.0,13.321428571428571,-0.1875,2.668749999999999,9.378892595976255,0.4084123024221119,26.0,0.3333333333333333,0.0361990950226243,0.2970686602400155,-0.2093653562323897,0.0505583503185715,-0.037037037037037,-0.5,-0.1971375708019905,0.124611115990475,0.019169728370579085,0,로제떡볶이
14.428571428571429,13.357142857142856,0.0099999999999997,2.623295454545454,9.411646350451829,0.4219520942020939,24.0,0.3333333333333333,-0.123931623931624,-0.2072649572649573,-0.0337898906324872,0.0078800707044484,-0.04,0.0,-0.0035620895287844,0.124611115990475,0.019169728370579085,0,로제떡볶이
18.0,14.607142857142858,0.3846153846153846,2.904545454545454,9.5212143346141,0.4661656931031929,25.0,0.0,0.0131004366812226,-0.0230986583414016,0.0152666482453718,0.0186348147916879,0.0416666666666667,-1.0,0.1194000549614984,0.124611115990475,0.019169728370579085,0,로제떡볶이
18.0,15.857142857142858,0.3846153846153846,4.233957219251336,9.169327478641772,0.5621255616660026,28.0,1.0,0.907317073170732,1.031248697102356,0.5478289910439011,-0.0203961528225874,0.0909090909090908,2.0,0.355936956253938,0.124611115990475,0.019169728370579085,0,로제떡볶이
18.0,17.107142857142858,0.3846153846153846,6.203940066592673,8.597200283070915,0.6480736141995694,37.0,4.333333333333333,2.418103448275862,2.40500301159464,1.3246613832665766,-0.0833459073026066,0.4230769230769231,12.0,0.5868121757256888,0.124611115990475,0.019169728370579085,0,로제떡볶이
18.0,18.0,0.2475247524752475,8.909722379517843,5.073788597002633,0.7316045377034829,41.0,6.333333333333333,2.1867007672634267,1.2793836940926946,2.39638539916643,-0.4609031822834,0.7083333333333333,18.0,0.7338568708538769,0.124611115990475,0.019169728370579085,0,로제떡볶이
17.142857142857142,17.785714285714285,-0.0476190476190476,14.48745347195482,5.013500937302296,0.7844699219888969,46.0,7.333333333333333,1.935687263556116,-0.4824161847197459,3.987855655446105,-0.4734389163915933,0.8400000000000001,0.0,0.6828135008537455,0.124611115990475,0.019169728370579085,0,로제떡볶이
17.0,17.535714285714285,-0.0555555555555555,13.380535232961108,5.4818349670557165,0.7362590531414593,45.333333333333336,5.0,0.7271268057784914,-1.4595739614849352,2.160290607595488,-0.4021551766119574,0.6190476190476191,4.0,0.3097768601010915,0.124611115990475,0.019169728370579085,0,로제떡볶이
17.0,17.285714285714285,-0.0555555555555555,11.183256321396485,6.158756085770445,0.6690612921760657,46.0,3.333333333333333,-0.2143470790378007,-2.150034342593917,0.8026054735145998,-0.2836323590253103,0.2432432432432432,-0.2307692307692307,0.0323847129656991,0.124611115990475,0.019169728370579085,0,로제떡볶이
17.0,17.035714285714285,-0.0555555555555555,4.833689221829384,6.709015850139539,0.5595336636892961,43.66666666666666,1.6666666666666667,-0.6696096654275093,-1.3967364712060006,-0.4574814998791283,0.322289197090893,0.0650406504065039,-0.7368421052631579,-0.2351965647374464,0.124611115990475,0.019169728370579085,0,로제떡볶이
16.428571428571427,16.857142857142858,-0.0416666666666667,4.492269635126778,6.97953350234041,0.5466223112806109,40.66666666666666,0.6666666666666666,-0.6675779114270093,-0.4532308323892086,-0.6899199956829523,0.3921476408651103,-0.1159420289855073,-0.9090909090909092,-0.3031953221421948,0.124611115990475,0.019169728370579085,0,로제떡볶이
16.0,16.607142857142858,-0.0588235294117647,4.194083694083694,7.446316252787973,0.5485968518178158,38.66666666666666,0.6666666666666666,-0.2447257383966244,0.4248839270308848,-0.6865533686760044,0.3583619896509538,-0.1470588235294119,-0.8666666666666667,-0.2548861036382903,0.124611115990475,0.019169728370579085,0,로제떡볶이
16.0,16.357142857142858,-0.0588235294117647,3.976190476190476,7.531009927529554,0.5684037837188126,38.333333333333336,0.6666666666666666,-0.1759868421052631,0.4915910693217461,-0.6444514583303445,0.2228134744497585,-0.1666666666666666,-0.8,-0.150445870407288,0.124611115990475,0.019169728370579085,0,로제떡볶이
16.0,16.107142857142858,-0.0588235294117647,5.411111111111111,7.277626631776099,0.6502877255633553,38.333333333333336,1.3333333333333333,0.3184357541899441,0.5631614925865686,0.1194578018533001,0.0847532327151578,-0.1221374045801525,-0.2,0.1621958923358972,0.124611115990475,0.019169728370579085,0,로제떡볶이
15.428571428571429,15.857142857142858,-0.0608695652173911,6.965945165945165,6.460102588691875,0.7210761546356247,36.333333333333336,1.3333333333333333,0.8383233532934131,1.0143101953986764,0.550651615271659,-0.0744220102209348,-0.1065573770491802,1.0,0.3191487792481584,0.124611115990475,0.019169728370579085,0,로제떡볶이
14.000000000000002,15.357142857142858,-0.1249999999999998,8.391174906964379,5.744914495187496,0.7597394796147391,34.666666666666664,1.3333333333333333,0.5098870056497173,0.1914512514597732,1.00071708602316,-0.2284890541633194,-0.1034482758620689,1.0,0.3848775783114444,0.124611115990475,0.019169728370579085,0,로제떡볶이
14.000000000000002,14.857142857142858,-0.1249999999999998,6.750334066123539,6.635347866252222,0.6857243242937531,33.0,0.6666666666666666,-0.1129207383279045,-0.9512440916213176,0.6976888070490337,-0.1189298739340716,-0.1391304347826087,0.0,0.2064035179487449,0.124611115990475,0.019169728370579085,0,로제떡볶이
14.000000000000002,14.357142857142858,-0.1249999999999998,5.4872150712972285,6.835585192871011,0.6328314832652088,34.0,0.6666666666666666,-0.4050514499532273,-0.9149384556029446,0.0140643868927115,-0.0607397797758701,-0.1130434782608695,-0.5,-0.0268438748140662,0.124611115990475,0.019169728370579085,0,로제떡볶이
14.000000000000002,14.000000000000002,-0.0925925925925924,5.18896945726214,6.643601757340893,0.6331524533432639,34.333333333333336,1.0,-0.2545899632802937,-0.1416692249523892,-0.2550947023485388,0.0284049929749143,-0.055045871559633,-0.25,-0.1219340020150723,0.124611115990475,0.019169728370579085,0,로제떡볶이
13.142857142857142,13.785714285714286,-0.0612244897959185,5.223047013078826,6.450869675414251,0.6487952469231528,37.66666666666666,1.6666666666666667,0.0188679245283018,0.4239193744815291,-0.3775547440032645,0.122883496493835,0.0865384615384614,0.2500000000000002,-0.1460293109262213,0.124611115990475,0.019169728370579085,0,로제떡볶이
13.0,13.535714285714286,-0.0714285714285715,4.834650856389987,6.634704411939221,0.6226501663168187,39.0,2.333333333333333,0.0032840722495894,0.2578740355298832,-0.2837908747875727,-9.69737120000147e-05,0.1818181818181818,2.5000000000000004,-0.0919818004733844,0.124611115990475,0.019169728370579085,0,로제떡볶이
13.0,13.285714285714285,-0.0714285714285715,3.390206411945542,7.492920145775726,0.5496014201911494,38.333333333333336,1.6666666666666667,-0.3179012345679012,-0.3367691590962031,-0.3821626512000255,0.0961636691457323,0.1274509803921568,1.5000000000000004,-0.1315201049173766,0.124611115990475,0.019169728370579085,0,로제떡볶이
13.0,13.035714285714285,-0.0714285714285715,2.946969696969697,7.844911508109657,0.5149691283621536,38.66666666666666,1.0,-0.3682487725040917,-0.3715328447536812,-0.4320703328008007,0.1808220592755078,0.1262135922330096,0.0,-0.1866585596518839,0.124611115990475,0.019169728370579085,0,로제떡볶이
13.0,13.0,-0.0108695652173912,2.842592592592592,8.091015325301893,0.5081005787452667,36.0,0.0,-0.2171945701357467,0.1007066644321544,-0.4557597154544908,0.2542518656265238,-0.0442477876106194,-1.0,-0.2168552695863859,0.124611115990475,0.019169728370579085,0,로제떡볶이
13.0,13.0,0.0,2.791798941798941,8.14117444665039,0.4995433240341658,35.0,0.0,-0.1450777202072538,0.2231710522968378,-0.4225438351749839,0.2270591033415536,-0.1025641025641025,-1.0,-0.1977143008101491,0.124611115990475,0.019169728370579085,0,로제떡볶이
13.0,13.0,0.0,3.108465608465609,8.141460764714392,0.5170805470453693,33.0,0.3333333333333333,0.054913294797688,0.2721078649334347,-0.0831043214617278,0.0865537876183415,-0.1391304347826087,-0.8,-0.0591717414676066,0.124611115990475,0.019169728370579085,0,로제떡볶이
13.0,13.0,0.0,2.8126209833526907,8.195410773584255,0.4812450240988796,35.0,0.6666666666666666,0.0454545454545454,0.1905322656617992,-0.0455887665744082,0.0446785492879391,-0.0948275862068964,-0.3333333333333333,-0.0654876232494413,0.124611115990475,0.019169728370579085,0,로제떡볶이
13.714285714285712,13.178571428571429,0.0549450549450547,3.158736271573242,8.238437909432715,0.5181440899453139,36.66666666666666,0.6666666666666666,0.0739726027397258,0.0190593079420378,0.111216668827069,0.0182205295879007,0.0185185185185183,0.0,0.0197667777211536,0.124611115990475,0.019169728370579085,0,로제떡볶이
18.0,14.428571428571429,0.3846153846153846,4.401593414430384,7.905211984865819,0.578291838772308,37.0,1.0,0.5594202898550726,0.5139657444005272,0.5766154748930972,-0.0289838356039228,0.0571428571428571,0.0,0.1576410111983728,0.124611115990475,0.019169728370579085,1,로제떡볶이
18.0,15.678571428571429,0.3846153846153846,7.2135410991246225,7.238635387596879,0.708169542067146,37.66666666666666,2.0,1.3928571428571432,1.3188845401174174,1.320611519548176,-0.11089230829809,0.1414141414141414,5.0,0.3695536335947487,0.124611115990475,0.019169728370579085,1,로제떡볶이
18.0,16.92857142857143,0.3846153846153846,7.457902001380262,6.349612930464475,0.7092695142197497,37.333333333333336,2.0,0.8271375464684014,0.2677172566133288,1.6515844280199885,-0.2252233468356733,0.0666666666666666,2.0,0.4738220214283581,0.124611115990475,0.019169728370579085,1,로제떡볶이
18.0,18.0,0.3125000000000002,7.338080088875422,6.365423938131922,0.7039801049399931,36.0,2.0,0.0245202558635393,-1.368336886993604,1.3231062861796352,-0.2273506205777504,-0.018181818181818,2.0,0.3586570195450704,0.124611115990475,0.019169728370579085,1,로제떡볶이
12.0,16.5,-0.3333333333333333,5.371660859465737,7.443514001324575,0.6236040665951245,34.333333333333336,1.0,-0.323499491353001,-1.1506370378214026,0.220390061893277,-0.0584042508189716,-0.072072072072072,0.0,0.0783552953453614,0.124611115990475,0.019169728370579085,0,로제떡볶이
11.0,14.75,-0.3888888888888888,5.4338301716350506,7.896279243980225,0.6082371468803786,33.333333333333336,1.0,-0.327783558792924,-0.3523038146564633,-0.2467180685649026,0.0908519107772982,-0.1150442477876104,-0.5,-0.1411136588775972,0.124611115990475,0.019169728370579085,0,로제떡볶이
11.0,13.0,-0.3888888888888888,4.246492340809933,8.390763989322789,0.5392434662245179,35.0,0.6666666666666666,-0.2180451127819548,0.1054543785710462,-0.430604969061806,0.3214607065361705,-0.0625000000000001,-0.6666666666666667,-0.2397199436694714,0.124611115990475,0.019169728370579085,0,로제떡볶이
11.0,11.25,-0.3888888888888888,3.712743049828651,8.50675295539394,0.4908467115440322,35.0,0.6666666666666666,-0.2863777089783282,0.0414058498145957,-0.4940443542641086,0.3364000635424198,-0.0277777777777777,-0.6666666666666667,-0.3027548532982026,0.124611115990475,0.019169728370579085,0,로제떡볶이
11.428571428571429,11.107142857142858,-0.0476190476190475,3.72200230908791,8.462729750714907,0.5031448481899949,35.666666666666664,1.3333333333333333,-0.0769230769230769,0.1411220358588778,-0.3071040025676343,0.1369266920447738,0.0388349514563104,0.3333333333333332,-0.1931661848564208,0.124611115990475,0.019169728370579085,0,로제떡볶이
12.0,11.357142857142858,0.0909090909090908,3.6699306405548753,8.390348598580328,0.5000927268191092,33.666666666666664,1.0,-0.036876355748373,0.2495013532299552,-0.3246144018795152,0.0625698939125993,0.0099999999999997,0.0,-0.1777997621748972,0.124611115990475,0.019169728370579085,0,로제떡볶이
12.0,11.607142857142858,0.0909090909090908,3.609022556390977,8.5527848560214,0.5277489637776717,33.333333333333336,0.6666666666666666,-0.0979166666666666,-0.0209935897435896,-0.150116786575287,0.0193094296186595,-0.0476190476190475,0.0,-0.0213159790832967,0.124611115990475,0.019169728370579085,0,로제떡볶이
12.0,11.857142857142858,0.0909090909090908,3.2488075026275367,8.76205636946226,0.5115471198156328,31.33333333333333,0.0,-0.1914414414414413,-0.1545650856930683,-0.1249576232383024,0.0300118523962114,-0.1047619047619048,-1.0,0.0421728571970756,0.124611115990475,0.019169728370579085,0,로제떡볶이
12.0,12.0,0.05,4.187403993855607,8.517510418872064,0.5860938283336333,31.0,0.3333333333333333,0.0623556581986142,0.1602723248652808,0.1250406759908069,0.0064731676150393,-0.130841121495327,-0.75,0.1648610344357846,0.124611115990475,0.019169728370579085,0,로제떡볶이
17.0,13.25,0.4166666666666667,4.238884045335658,8.456067112872873,0.5670907929371553,30.33333333333333,0.3333333333333333,0.2534818941504178,0.4449233355918591,0.155031105627315,0.0078326321630624,-0.0990099009900989,-0.6666666666666667,0.1339712867735432,0.124611115990475,0.019169728370579085,1,로제떡볶이
17.0,14.5,0.4166666666666667,4.034058448692595,8.269333502929399,0.5439096590114442,32.666666666666664,0.3333333333333333,-0.0021739130434783,-0.0645295712420925,0.1177703618252399,-0.0331414104135266,-0.0200000000000001,-0.5,0.030621936456479,0.124611115990475,0.019169728370579085,1,로제떡볶이
17.0,15.75,0.4166666666666667,2.8887593033934498,8.68565420256069,0.4500681251699103,34.0,0.0,-0.2511111111111112,-0.504593005261529,-0.1108247253624263,-0.0087196616501862,0.0851063829787235,0.0,-0.1201824666081204,0.124611115990475,0.019169728370579085,1,로제떡볶이
17.0,17.0,0.4166666666666667,2.6931689762241757,8.671532980345368,0.4565765770447225,34.333333333333336,0.0,-0.3071895424836601,-0.3050156294401818,-0.3568404242399347,0.0180830493769681,0.1075268817204302,-1.0,-0.220983816972021,0.124611115990475,0.019169728370579085,1,로제떡볶이
13.428571428571429,16.107142857142858,-0.2100840336134454,3.1142702326912857,8.481713748014327,0.510145360850122,35.0,0.6666666666666666,0.1335311572700297,0.3846422683811409,-0.2653089352330513,0.0030329271041866,0.1538461538461539,1.0,-0.1004167812213872,0.124611115990475,0.019169728370579085,0,로제떡볶이
12.0,14.857142857142858,-0.2941176470588235,3.583893702314755,8.231987223724797,0.5482781246971715,32.333333333333336,1.0,0.3490566037735849,0.6562461462572451,-0.1115910322329947,-0.0045162381214123,-0.0102040816326529,2.0,0.0080316015966088,0.124611115990475,0.019169728370579085,0,로제떡볶이
12.0,13.607142857142858,-0.2941176470588235,3.608956358956359,8.149852589542617,0.5644295452090077,32.666666666666664,1.3333333333333333,0.1596858638743454,0.0261547066043157,0.2493101639575465,-0.0616881124348824,-0.0392156862745098,0.0,0.2540980212627219,0.124611115990475,0.019169728370579085,0,로제떡볶이
12.0,12.357142857142858,-0.2941176470588235,3.136229086229086,8.469288564209853,0.5109844800320988,31.666666666666668,0.6666666666666666,-0.1375291375291375,-0.4865857413027225,0.1645125552523187,-0.0233227984710334,-0.0776699029126214,0.0,0.1191649018430636,0.124611115990475,0.019169728370579085,0,로제떡볶이
12.85714285714286,12.214285714285715,-0.0425531914893615,3.932275132275132,8.244232728521716,0.578221153475884,33.666666666666664,0.6666666666666666,0.020316027088036,-0.1393698367863094,0.2626634294599872,-0.0279991787683483,-0.0380952380952381,0.0,0.1334439119711261,0.124611115990475,0.019169728370579085,0,로제떡볶이
15.0,12.964285714285715,0.25,4.483378500451671,7.632869363214808,0.6192802148601486,33.666666666666664,1.0,0.3972972972972974,0.534826434826435,0.2509797647056215,-0.0727792505293638,0.0412371134020617,0.0,0.1295001331709038,0.124611115990475,0.019169728370579085,0,로제떡볶이
15.0,13.714285714285715,0.25,4.840355244637718,4.514227860611396,0.6775166489686758,36.0,1.3333333333333333,0.263274336283186,0.2429583091951499,0.34120636638495,-0.4460969924285782,0.1020408163265307,0.0,0.2003564567439362,0.124611115990475,0.019169728370579085,0,로제떡볶이
15.0,14.464285714285715,0.25,5.820760068065797,4.492743612174632,0.702202866617217,36.66666666666666,2.0,0.4352030947775629,0.0379057974802654,0.85597413582581,-0.4695252643580476,0.1578947368421051,2.0,0.3742156446182205,0.124611115990475,0.019169728370579085,0,로제떡볶이
15.0,15.0,0.1666666666666665,5.560132890365448,5.58719178343014,0.6879914174972313,35.333333333333336,1.3333333333333333,0.2049036777583186,-0.0583706585248673,0.4139735149072523,-0.3222908707925344,0.0495049504950495,1.0,0.1898413148005411,0.124611115990475,0.019169728370579085,0,로제떡볶이
17.0,15.5,0.1333333333333333,5.872454391793437,5.82457414854246,0.7003417610673641,32.0,1.6666666666666667,-0.0498652291105121,-0.4850683238880751,0.3098279324848048,-0.2369089694351497,-0.0495049504950494,0.6666666666666667,0.1308963927186364,0.124611115990475,0.019169728370579085,0,로제떡볶이
17.0,16.0,0.1333333333333333,3.690197716513506,7.533451602903974,0.5745283632734711,32.666666666666664,0.6666666666666666,-0.376453488372093,-0.5813571661304117,-0.2376184122845919,0.6688239573896171,-0.0925925925925926,-0.5,-0.1520084943329064,0.124611115990475,0.019169728370579085,1,로제떡볶이
17.0,16.5,0.1333333333333333,3.492426693210568,8.238936535151886,0.5098690420981925,35.666666666666664,1.0,-0.3687943262411347,-0.3189290971306225,-0.4000050418894728,0.83383189568745,-0.0272727272727272,-0.5,-0.273900654159347,0.124611115990475,0.019169728370579085,1,로제떡볶이
17.0,17.0,0.1333333333333333,2.882884545157508,8.570216833259153,0.4405298113777607,37.0,1.0,-0.1048951048951049,0.2715583834769881,-0.481507977956256,0.533904180392685,0.0471698113207545,-0.25,-0.3596870539747197,0.124611115990475,0.019169728370579085,1,로제떡볶이
14.714285714285714,16.428571428571427,-0.1344537815126051,2.8310326933056555,8.600141315303107,0.4245461012408247,35.0,1.3333333333333333,-0.1820224719101124,0.1867718543310222,-0.5179132089536649,0.4765270551934177,0.09375,-0.2,-0.3938015339913612,0.124611115990475,0.019169728370579085,0,로제떡볶이
13.0,15.428571428571429,-0.2352941176470588,2.6702212138400445,8.553272115340004,0.4334709711874662,33.0,1.0,-0.1380208333333333,-0.0331257284382284,-0.2764015863185601,0.1353722790285016,0.0102040816326531,0.5,-0.2455185872500827,0.124611115990475,0.019169728370579085,0,로제떡볶이
13.0,14.428571428571429,-0.2352941176470588,2.667302723116676,8.692068700009663,0.4293873713931851,33.666666666666664,1.0,-0.1071428571428571,0.0748796147672553,-0.2362609275945489,0.054998865803185,-0.0560747663551401,0.0,-0.1578477296323237,0.124611115990475,0.019169728370579085,0,로제떡볶이
13.0,13.428571428571429,-0.2352941176470588,2.643228649042602,8.808556811978953,0.4391630124188261,33.666666666666664,1.0,-0.0574018126888217,0.0806190206445116,-0.0831305910316335,0.0278102623722253,-0.0900900900900901,0.0,-0.0031026253471015,0.124611115990475,0.019169728370579085,0,로제떡볶이
13.571428571428571,13.142857142857142,-0.0776699029126213,2.532763532763532,8.889293947081818,0.4154293517929879,34.666666666666664,1.0,-0.0769230769230768,0.0302197802197802,-0.1053570173341409,0.0336218465694502,-0.0095238095238096,-0.25,-0.0214741094575858,0.124611115990475,0.019169728370579085,0,로제떡볶이
15.0,13.642857142857142,0.1538461538461537,2.6978557504873284,9.13594275246561,0.446627977728456,34.0,0.6666666666666666,0.0128205128205127,0.0702223255093345,0.0103491562811541,0.0681225417908317,0.0303030303030302,-0.3333333333333333,0.030352681991477,0.124611115990475,0.019169728370579085,0,로제떡볶이
15.0,14.142857142857142,0.1538461538461537,2.539947842579421,9.18081377643822,0.4466553330189692,34.0,0.3333333333333333,0.0033333333333331,0.08025641025641,-0.0477466916047848,0.0562288556725296,0.0099009900990099,-0.6666666666666667,0.0402153458071128,0.124611115990475,0.019169728370579085,0,로제떡볶이
15.0,14.642857142857142,0.1538461538461537,3.564947842579421,8.891525567576684,0.563423634902508,33.0,1.3333333333333333,0.3132911392405064,0.3004706264199936,0.3487095956948989,0.0094191088697868,-0.0198019801980197,0.3333333333333332,0.2829487433362796,0.124611115990475,0.019169728370579085,0,로제떡볶이
15.0,15.0,0.1052631578947369,4.213652938652938,7.973876849782266,0.6155789099679998,33.0,1.3333333333333333,0.6943521594684385,0.6910188261351053,0.6636582468697207,-0.102979730758039,-0.048076923076923,0.3333333333333332,0.481789640792517,0.124611115990475,0.019169728370579085,0,로제떡볶이
15.0,15.0,0.0,4.836660561660561,5.157163077993832,0.675143197602463,33.666666666666664,1.6666666666666667,0.4144578313253011,0.1011666920847946,0.792779528997015,-0.4355083850977486,-0.0098039215686275,1.5000000000000004,0.5116455557402211,0.124611115990475,0.019169728370579085,0,로제떡볶이
15.0,15.0,0.0,4.198915463621344,7.788838798747758,0.6194250369368691,31.666666666666668,0.6666666666666666,-0.0392156862745097,-0.7335678457429483,0.6531502707383052,-0.1516178207712748,-0.0686274509803921,1.0,0.3868076593872493,0.124611115990475,0.019169728370579085,1,로제떡볶이
15.0,15.0,0.0,5.273230037935919,7.773482742332666,0.6510284008931743,30.0,1.0,-0.0647359454855195,-0.4791937768108206,0.4791885522006596,-0.1257425192951148,-0.0909090909090909,-0.25,0.1554864946441676,0.124611115990475,0.019169728370579085,1,로제떡볶이
15.0,15.0,0.0,5.154931669637551,7.744073981240558,0.6492218603392876,30.666666666666668,1.3333333333333333,0.1285714285714285,0.1677871148459383,0.2233878168631349,-0.0288194654709249,-0.0707070707070707,0.0,0.0546525389783687,0.124611115990475,0.019169728370579085,1,로제떡볶이
12.85714285714286,14.464285714285715,-0.1428571428571426,4.971380471380471,5.979316637837944,0.6321210684546285,31.33333333333333,1.3333333333333333,-0.0163934426229508,0.0483425028625686,0.027853910358691,0.1594197327892015,-0.0693069306930692,-0.2,-0.0637229691428614,0.124611115990475,0.019169728370579085,0,로제떡볶이
12.0,13.714285714285715,-0.1999999999999999,3.09712063160339,7.7028833749456656,0.5417212245649631,30.33333333333333,1.3333333333333333,-0.379746835443038,-0.5083182640144666,-0.2623998605267738,-0.011035717392933,-0.0421052631578947,1.0,-0.1254450623374229,0.124611115990475,0.019169728370579085,0,로제떡볶이
12.0,12.964285714285715,-0.1999999999999999,2.592911877394636,8.456670152981703,0.4746383628961141,28.33333333333333,0.6666666666666666,-0.5185185185185185,-0.5021250758955677,-0.5082877365976681,0.0878869141792197,-0.0555555555555555,-0.3333333333333333,-0.2709406191113366,0.124611115990475,0.019169728370579085,0,로제떡볶이
12.0,12.214285714285715,-0.1999999999999999,2.2444713315856686,8.892822780667013,0.4299968061408518,29.33333333333333,0.6666666666666666,-0.3411078717201166,0.0386389637229214,-0.5645972681256743,0.148339078656688,-0.0434782608695653,-0.5,-0.3376735559764844,0.124611115990475,0.019169728370579085,0,로제떡볶이
12.85714285714286,12.214285714285715,0.0,1.8818461925422871,8.9993584755911,0.3638472854166363,29.33333333333333,0.3333333333333333,-0.2384615384615385,0.28005698005698,-0.6214640574432377,0.5050814366715275,-0.0638297872340425,-0.75,-0.4244025336694625,0.124611115990475,0.019169728370579085,0,로제떡볶이
14.000000000000002,12.714285714285715,0.1666666666666667,1.7466610073571018,9.010661110292626,0.3148505614199123,29.0,0.3333333333333333,-0.15929203539823,0.1818158363218865,-0.4360371405834298,0.1697776886510611,-0.0439560439560439,-0.75,-0.4187959652628387,0.124611115990475,0.019169728370579085,0,로제떡볶이
14.000000000000002,13.214285714285715,0.1666666666666667,1.8358422939068093,9.20232704997432,0.3375527678215848,28.33333333333333,0.3333333333333333,-0.0101010101010101,0.2283605283605283,-0.2919765959221613,0.088173818240943,0.0,-0.5,-0.2888211442456322,0.124611115990475,0.019169728370579085,0,로제떡볶이
14.000000000000002,13.714285714285715,0.1666666666666667,3.4539682539682537,8.89292848741459,0.4903553045507067,29.666666666666668,0.6666666666666666,0.963157894736842,1.122449930135072,0.5388783119489,1.1886748469525088e-05,0.0113636363636364,0.0,0.1403696435598256,0.124611115990475,0.019169728370579085,0,로제떡볶이
14.000000000000002,14.000000000000002,0.0888888888888888,5.1992063492063485,8.44224992320643,0.6422729696426456,29.666666666666668,1.6666666666666667,1.795918367346939,1.8060193774479487,1.7628221529531385,-0.0619053629095575,0.0113636363636364,4.000000000000001,0.765226773389797,0.124611115990475,0.019169728370579085,0,로제떡볶이
14.000000000000002,14.000000000000002,0.0,5.979761904761904,2.675597152839937,0.7308364766524803,30.0,2.0,0.7426273458445041,-0.2205305488923379,2.423538900550582,-0.7030631692735978,0.0344827586206897,5.0,1.321217003255626,0.124611115990475,0.019169728370579085,0,로제떡볶이
14.000000000000002,14.000000000000002,0.0,4.958272283272282,4.820823160254276,0.6644315937380464,31.0,2.0,0.0164233576642336,-1.7794950096827054,1.7008160231022398,-0.4761299903737143,0.0941176470588236,5.0,0.9683784494672992,0.124611115990475,0.019169728370579085,0,로제떡볶이
14.000000000000002,14.000000000000002,0.0,3.500872025872025,7.350353184885037,0.5762350544640075,31.33333333333333,1.0,-0.3707692307692307,-1.1133965766137348,0.013579676608169,-0.1734608913939462,0.0561797752808987,0.5,0.1751378013377238,0.124611115990475,0.019169728370579085,0,로제떡볶이
14.000000000000002,14.000000000000002,0.0,2.7350918840280536,8.108670190493553,0.4686618285153758,33.666666666666664,0.6666666666666666,-0.4039497307001795,-0.4203730883644131,-0.4739405016218366,-0.0395131316588861,0.1348314606741572,-0.6000000000000001,-0.2703074071821288,0.124611115990475,0.019169728370579085,0,로제떡볶이
14.714285714285714,14.17857142857143,0.051020408163265,2.617979681809468,8.151116877954527,0.4775283611983352,35.666666666666664,0.3333333333333333,-0.1589242053789731,0.2118450253902576,-0.562193324164851,2.0464664193945468,0.1888888888888888,-0.8333333333333334,-0.3466002635971268,0.124611115990475,0.019169728370579085,0,로제떡볶이
15.0,14.42857142857143,0.0714285714285714,2.690398254228041,8.0528750137617,0.4779702632758574,39.333333333333336,1.0,0.183734939759036,0.5876846704592155,-0.4573919904913986,0.6704356799797957,0.2688172043010752,-0.5,-0.280632848015505,0.124611115990475,0.019169728370579085,0,로제떡볶이
15.0,14.678571428571429,0.0714285714285714,4.389341661378134,7.22473802974946,0.6215988718295086,40.0,1.3333333333333333,0.8808139534883719,1.0397381588673449,0.2537852366325221,-0.0170896760979984,0.2765957446808511,0.3333333333333332,0.0787245014236366,0.124611115990475,0.019169728370579085,0,로제떡볶이
15.0,14.928571428571429,0.0714285714285714,4.351753008895865,7.329212872242841,0.5797831484577437,36.0,1.3333333333333333,0.4987277353689567,0.3149927956099208,0.5910811019946083,-0.0961264054326113,0.0693069306930693,1.0,0.2371034148319211,0.124611115990475,0.019169728370579085,0,로제떡볶이
15.285714285714286,15.071428571428571,0.0388349514563108,4.284089191232048,6.812339848268758,0.5779846079268088,32.666666666666664,0.6666666666666666,-0.168469860896445,-1.0492838143848169,0.6364104049390542,-0.1642446120858135,-0.0841121495327102,1.0,0.2103670795099654,0.124611115990475,0.019169728370579085,0,로제떡볶이
16.0,15.321428571428571,0.0666666666666666,2.508109833971902,7.281180575119912,0.4317383333512364,27.0,1.0,-0.5942275042444822,-1.092955239613439,-0.0677551808434558,-0.0958284385791441,-0.3135593220338983,0.0,-0.0967255360359908,0.124611115990475,0.019169728370579085,0,로제떡볶이
16.0,15.571428571428571,0.0666666666666666,2.162948543649321,7.798030732725678,0.4067906033631839,27.33333333333333,0.6666666666666666,-0.6096654275092936,-0.4411955666128486,-0.5072271172961701,0.079351348189451,-0.3166666666666666,-0.5,-0.3455737746661195,0.124611115990475,0.019169728370579085,0,로제떡볶이
16.0,15.821428571428571,0.0666666666666666,2.0511251818259595,8.133090264564702,0.3783166406786949,24.0,0.6666666666666666,-0.2635983263598327,0.3306291778846495,-0.528666912475721,0.1096812722367912,-0.3333333333333333,-0.5,-0.3474859666324577,0.124611115990475,0.019169728370579085,0,로제떡볶이
16.0,16.0,0.0467289719626167,2.954294809133518,7.958515437925945,0.4927504524809278,26.666666666666668,0.6666666666666666,0.3,0.9096654275092936,-0.3104030571585972,0.1682499134197581,-0.1836734693877549,0.0,-0.1474678638097476,0.124611115990475,0.019169728370579085,0,로제떡볶이
16.0,16.0,0.0,2.8957523957523947,8.011749755189603,0.4703336452562458,28.666666666666668,1.0,0.5738636363636362,0.837461962723469,0.1545556564269807,0.1003366380674688,0.0617283950617284,0.0,0.0893951473000442,0.124611115990475,0.019169728370579085,0,로제떡볶이
16.0,16.0,0.0,3.135997657736787,8.03009634643498,0.5337607157361528,36.0,1.3333333333333333,0.2967032967032967,-0.0032967032967032,0.4498715963190414,0.029759515147254,0.3170731707317074,1.0,0.3121264634021292,0.124611115990475,0.019169728370579085,0,로제떡볶이
16.0,16.0,0.0,4.179591490804303,8.454411950049108,0.5464141024496899,37.0,1.3333333333333333,0.7906137184115525,0.2167500820479162,1.0377066830623831,0.03950794532361,0.5416666666666667,1.0,0.4443300761748951,0.124611115990475,0.019169728370579085,0,로제떡볶이
16.0,16.0,0.0,4.181540808543095,8.536880970069634,0.5595146643118617,37.333333333333336,1.0,0.4124293785310733,0.1157260818277765,0.4154108099216824,0.072672540080467,0.4000000000000001,0.5,0.1354929488035692,0.124611115990475,0.019169728370579085,0,로제떡볶이
17.142857142857142,16.285714285714285,0.0714285714285714,4.832147937411094,8.183121157188477,0.6140966960515831,34.0,1.3333333333333333,0.1008064516129032,-0.6898072667986492,0.6687020425154724,0.0213900093282204,0.1860465116279068,0.3333333333333332,0.3056618471702417,0.124611115990475,0.019169728370579085,0,로제떡볶이
18.0,16.785714285714285,0.125,3.223570939360412,7.601060826630982,0.5562412553171893,36.0,1.3333333333333333,-0.2339999999999998,-0.6464293785310732,0.0279251744361395,-0.0534284398710199,0.0,0.0,0.042117261383749,0.124611115990475,0.019169728370579085,0,로제떡볶이
18.0,17.285714285714285,0.125,3.873241991991991,4.673738769946943,0.6468473861591996,34.333333333333336,1.3333333333333333,-0.2051282051282051,-0.3059346567411084,-0.0732965170128049,-0.4471834590553876,-0.072072072072072,0.0,0.1838043404429827,0.124611115990475,0.019169728370579085,0,로제떡볶이
18.0,17.785714285714285,0.125,3.00430854241338,7.141437326979959,0.5314591869000325,33.0,0.6666666666666666,-0.1540469973890339,0.0799530026109659,-0.2815307371207692,-0.1634605950325547,-0.1160714285714286,-0.3333333333333333,-0.0501425238717098,0.124611115990475,0.019169728370579085,0,로제떡볶이
17.714285714285715,17.92857142857143,0.0333333333333334,2.700604838709676,7.760697221213625,0.4520357160698005,30.0,0.0,-0.3940092165898616,-0.1888810114616564,-0.4411171028516624,-0.0516213713399286,-0.1176470588235294,-1.0,-0.2639014035147484,0.124611115990475,0.019169728370579085,0,로제떡볶이
16.0,17.42857142857143,-0.1111111111111111,3.2526881720430096,7.73770652930648,0.4840080942328921,31.0,0.3333333333333333,0.0771604938271603,0.2312074912161943,0.0090326018041269,0.0179771884204305,-0.1388888888888888,-0.75,-0.1298594097323958,0.124611115990475,0.019169728370579085,0,로제떡볶이
16.0,16.92857142857143,-0.1111111111111111,3.8939393939393927,7.071048561369089,0.5619857604293522,30.666666666666668,0.6666666666666666,0.585551330798479,0.9795605473883406,0.0053436893409175,0.5129319179833753,-0.1067961165048544,-0.5,-0.1311926546286785,0.124611115990475,0.019169728370579085,0,로제떡볶이
16.0,16.42857142857143,-0.1111111111111111,4.085858585858585,6.013183229754016,0.6230390302221178,29.666666666666668,0.6666666666666666,0.2378223495702005,0.1606618557430401,0.3599996565520493,-0.1579869773502681,-0.101010101010101,0.0,0.1723177349821814,0.124611115990475,0.019169728370579085,0,로제떡볶이
16.0,16.0,-0.0967741935483871,4.252525252525252,6.027518526019621,0.6236885648711248,32.333333333333336,0.6666666666666666,0.1390887290167866,-0.4464626017816924,0.5746566071314116,-0.2233277044305263,0.0777777777777779,0.0,0.3797329341445639,0.124611115990475,0.019169728370579085,0,로제떡볶이
17.714285714285715,16.428571428571427,0.1071428571428572,4.824397824397823,6.046114164542155,0.6647254667775918,33.666666666666664,0.3333333333333333,0.3125,0.0746776504297994,0.4832032980793312,-0.2186167643289954,0.086021505376344,0.0,0.3733767569137864,0.124611115990475,0.019169728370579085,0,로제떡볶이
18.0,16.928571428571427,0.125,4.727716727716726,7.363374963940614,0.6295565507263229,35.666666666666664,0.3333333333333333,0.1831578947368422,0.0440691657200555,0.2141218055614941,0.0413413088645122,0.1630434782608694,-0.5,0.1202357693998281,0.124611115990475,0.019169728370579085,0,로제떡볶이
18.0,17.428571428571427,0.125,3.505494505494504,8.05712591419476,0.5185984108566184,34.0,0.0,-0.2804232804232804,-0.5929232804232805,-0.1420421358616662,0.3399102615611391,0.146067415730337,-1.0,-0.1676309417216857,0.124611115990475,0.019169728370579085,0,로제떡볶이
18.0,17.928571428571427,0.125,2.181958962446766,8.459351102747432,0.4038064769417668,35.666666666666664,0.0,-0.5427046263345195,-0.7258625210713617,-0.486902761799929,0.403455014900421,0.1030927835051545,-1.0,-0.3525510973169647,0.124611115990475,0.019169728370579085,0,로제떡볶이
17.571428571428573,17.892857142857146,-0.0080645161290322,2.2105303910181946,8.606814636835288,0.3995465802119906,35.0,0.0,-0.3627450980392156,-0.0823218176159351,-0.5418018017006898,0.4235283030728287,0.0396039603960396,-1.0,-0.3989299339637404,0.124611115990475,0.019169728370579085,0,로제떡볶이
17.0,17.642857142857146,-0.0555555555555555,2.313094493582297,8.764671676185111,0.4069066991235261,34.666666666666664,0.0,0.0311284046692605,0.5738330310037801,-0.5107375025196534,0.1903063091458503,-0.02803738317757,-1.0,-0.3536614007842892,0.124611115990475,0.019169728370579085,0,로제떡볶이
17.0,17.392857142857146,-0.0555555555555555,2.402299552299551,8.799098192009906,0.4182642283106323,32.333333333333336,0.0,0.0192307692307691,0.3819758672699848,-0.3147045164286544,0.0920889515339415,-0.0490196078431371,0.0,-0.1934718279993463,0.124611115990475,0.019169728370579085,0,로제떡볶이
17.0,17.142857142857146,-0.0555555555555555,2.3582001734175635,9.112023882841608,0.4100741260454539,35.0,0.0,0.0754716981132075,0.0443432934439469,0.0807720099250479,0.0771540006043962,-0.0186915887850466,0.0,0.0155214179602942,0.124611115990475,0.019169728370579085,0,로제떡볶이
16.714285714285715,16.92857142857143,-0.048780487804878,2.153296889566912,9.413385870360358,0.4006843504318664,35.0,0.0,-0.0226415094339622,-0.0418722786647314,-0.0258912981625739,0.0937130945138657,0.0,0.0,0.0028476535058119,0.124611115990475,0.019169728370579085,0,로제떡볶이
15.0,16.42857142857143,-0.1176470588235294,2.7906097343265643,9.251881316878553,0.4877980913153059,38.333333333333336,0.3333333333333333,0.3087719298245612,0.2333002317113537,0.2064400058316413,0.0555878940699239,0.1057692307692308,0.0,0.1987959214385488,0.124611115990475,0.019169728370579085,0,로제떡볶이
15.0,15.928571428571429,-0.1176470588235294,2.8340879951961298,9.156818528966316,0.5082043841161754,38.0,0.3333333333333333,0.4633204633204633,0.4859619727544255,0.1797396342530464,0.0406542044594118,0.1752577319587627,0.0,0.2150319097782065,0.124611115990475,0.019169728370579085,0,로제떡볶이
15.0,15.428571428571429,-0.1176470588235294,2.8530938431493458,8.86507293180752,0.4958003943437646,36.333333333333336,0.3333333333333333,0.0107238605898123,-0.2980480692347489,0.2098607553804772,-0.0271016575690838,0.0380952380952381,0.0,0.2090506639007225,0.124611115990475,0.019169728370579085,0,로제떡볶이
15.0,15.0,-0.1025641025641026,2.194825832697685,9.132000856180271,0.4044473671683331,34.0,0.0,-0.3007915567282322,-0.7641120200486955,0.0192862133094551,-0.0298920088961905,-0.0285714285714285,0.0,0.0093914741926177,0.124611115990475,0.019169728370579085,0,로제떡볶이
14.000000000000002,14.75,-0.0666666666666665,2.0346003898635465,9.03626481770494,0.3758717145077653,32.0,0.0,-0.4058355437665782,-0.4165594043563906,-0.2709118853716962,-0.0233051518700585,-0.1652173913043478,-1.0,-0.2294522647797588,0.124611115990475,0.019169728370579085,0,로제떡볶이
14.000000000000002,14.5,-0.0666666666666665,2.0601559454191025,9.235086036456478,0.397970479939864,29.33333333333333,0.0,-0.2339622641509433,0.0668292925772888,-0.2730797530242064,0.0085474564383438,-0.2280701754385965,-1.0,-0.216908605320319,0.124611115990475,0.019169728370579085,0,로제떡볶이
14.000000000000002,14.250000000000002,-0.0666666666666665,4.5020105820105805,8.996935346449435,0.5306358029392801,28.666666666666668,1.0,1.0223214285714284,1.4281569723380063,0.5779398889456444,0.0148743744869597,-0.2110091743119266,2.0,0.07026095378892,0.124611115990475,0.019169728370579085,0,로제떡볶이
14.000000000000002,14.000000000000002,-0.0666666666666665,4.917835497835497,9.368654863160332,0.6132963814438485,30.0,1.0,1.5763546798029555,1.8103169439538989,1.240649542470042,0.0259148034157159,-0.1176470588235294,0.0,0.5163811937699949,0.124611115990475,0.019169728370579085,0,로제떡볶이
16.285714285714285,14.571428571428571,0.1632653061224487,5.237051184110006,9.383199647936983,0.6528447570484578,32.666666666666664,1.3333333333333333,0.2693156732891832,-0.7530057552822451,1.5739949771961048,0.0383936103280511,0.0208333333333332,0.0,0.7368818451886205,0.124611115990475,0.019169728370579085,0,로제떡볶이
18.0,15.571428571428571,0.2857142857142856,2.9916469759151005,9.535149608126558,0.5685696680097913,35.333333333333336,0.6666666666666666,-0.3097514340344168,-1.8861061138373725,0.4521458836974124,0.0324916920628077,0.2045454545454545,0.0,0.4286729711603378,0.124611115990475,0.019169728370579085,0,로제떡볶이
18.0,16.57142857142857,0.2857142857142856,2.693940178208303,9.34155936099493,0.5120311541637865,34.0,0.6666666666666666,-0.4678260869565217,-0.737141760245705,-0.4016139835448367,0.0383046005417275,0.1860465116279068,-0.3333333333333333,-0.0350610506724939,0.124611115990475,0.019169728370579085,0,로제떡볶이
18.0,17.57142857142857,0.2857142857142856,2.3005578252671266,9.275435404899008,0.453127442039862,33.333333333333336,0.3333333333333333,-0.2742382271468144,0.0355132068876024,-0.532201142905313,-0.0099501432834168,0.1111111111111111,-0.6666666666666667,-0.2611607442178443,0.124611115990475,0.019169728370579085,0,로제떡볶이
18.285714285714285,18.07142857142857,0.1228070175438595,2.934121621621621,9.073920276673157,0.4958663489158558,30.666666666666668,0.3333333333333333,0.0326797385620913,0.5005058255186131,-0.4397378374830126,-0.0329609709766567,-0.0612244897959182,-0.75,-0.240452889355057,0.124611115990475,0.019169728370579085,0,로제떡볶이
19.0,18.32142857142857,0.0555555555555555,2.9262112722478566,8.911642776740875,0.4837188651257038,33.0,0.3333333333333333,0.2366412213740458,0.5108794485208603,-0.0218728025713087,-0.0653903564191886,-0.0660377358490567,-0.5,-0.1492355425520628,0.124611115990475,0.019169728370579085,1,로제떡볶이
19.0,18.57142857142857,0.0555555555555555,3.169266827803412,8.563186405436735,0.5351118685636381,36.66666666666666,0.6666666666666666,0.1835443037974684,0.150864565235377,0.1764429119251049,-0.0833236642276492,0.0784313725490195,0.0,0.0450767774815292,0.124611115990475,0.019169728370579085,1,로제떡볶이
19.0,18.82142857142857,0.0555555555555555,2.2736538234947554,9.207228929975486,0.4231752977398639,38.66666666666666,0.3333333333333333,-0.0987654320987654,-0.3354066534728113,-0.0116945557624691,-0.0073534526354952,0.1599999999999999,0.0,-0.0661009277327396,0.124611115990475,0.019169728370579085,1,로제떡볶이
19.0,19.0,0.0390625,2.526064487136276,9.160536051362795,0.4729056238988628,38.333333333333336,0.6666666666666666,-0.1203208556149733,-0.3038651594124417,-0.1390730130197608,0.0095455736934682,0.25,1.0,-0.0463042613542812,0.124611115990475,0.019169728370579085,1,로제떡볶이
15.571428571428571,18.142857142857142,-0.1804511278195488,2.724894896493001,9.10826606091079,0.4737374365333677,36.333333333333336,0.6666666666666666,0.1678082191780823,0.2665736512768477,-0.0687976215744012,0.0220636406884593,0.101010101010101,1.0,-0.0206347722033588,0.124611115990475,0.019169728370579085,0,로제떡볶이
15.0,17.142857142857142,-0.2105263157894736,2.8678461481399053,8.889748982113657,0.491713281817469,33.666666666666664,0.6666666666666666,0.0030395136778114,0.1233603692927847,-0.0951073847803526,0.0381356379757877,-0.0818181818181817,0.0,-0.0811018953151998,0.124611115990475,0.019169728370579085,0,로제떡볶이
15.0,16.142857142857142,-0.2105263157894736,2.6089314194577344,9.066989475707436,0.4465405351289415,30.666666666666668,0.3333333333333333,-0.1818181818181818,-0.3496264009962642,0.1474620245608169,-0.0152314507801016,-0.2068965517241379,0.0,0.0552140862518888,0.124611115990475,0.019169728370579085,0,로제떡볶이
15.0,15.142857142857142,-0.2105263157894736,2.34103194103194,9.148815670151372,0.428963857535286,30.33333333333333,0.0,-0.2545454545454545,-0.2575849682232659,-0.07324933589249,-0.0012794427253719,-0.2086956521739131,-1.0,-0.0929186800556517,0.124611115990475,0.019169728370579085,0,로제떡볶이
14.428571428571429,14.857142857142858,-0.073394495412844,2.390551527136892,9.058338999559227,0.4482471413224769,33.0,0.3333333333333333,-0.028673835125448,0.1531443466927338,-0.1226995469757076,-0.0054815110820961,-0.091743119266055,-0.5,-0.0538067993895925,0.124611115990475,0.019169728370579085,0,로제떡볶이
14.000000000000002,14.607142857142858,-0.0666666666666665,2.4398268894557327,9.171400117638798,0.4429250153999369,35.666666666666664,0.3333333333333333,0.2276422764227643,0.4821877309682189,-0.1492476362310395,0.0316826871143187,0.0594059405940594,-0.5,-0.0992209651876822,0.124611115990475,0.019169728370579085,0,로제떡볶이
14.000000000000002,14.357142857142858,-0.0666666666666665,2.773340402969246,9.09987273219464,0.4724206242019041,39.333333333333336,1.0,0.4169741697416975,0.4456480048671456,0.0630177482954625,0.0036267006347923,0.2826086956521738,2.0,0.0579568640179319,0.124611115990475,0.019169728370579085,0,로제떡볶이
14.000000000000002,14.10714285714286,-0.0666666666666665,2.9039130434782594,9.230135673537468,0.4784628093788685,40.5,1.0,0.3956953642384104,0.1680530878156461,0.240441444894681,0.0088885825573477,0.3351648351648353,0.0,0.1153918936853806,0.124611115990475,0.019169728370579085,0,로제떡볶이
64.7239263803681,64.7239263803681,0.0,23.884848484848483,2.155839795880278,0.8151633298155103,71.5,63.5,0.0,0.0,0.0,0.0,0.0,0.0,0.0,0.9191436396935164,0.00021100890169296722,1,밤티라미수
100.0,82.36196319018404,0.0,19.286868686868686,2.3958055487577035,0.7933756549956271,78.33333333333333,61.0,0.0,0.0,0.0,0.0,0.0,0.0,0.0,0.9191436396935164,0.00021100890169296722,1,밤티라미수
75.920245398773,80.21472392638037,0.0,9.782785299806577,3.730803063855492,0.7302255851192698,86.66666666666667,51.66666666666666,-0.475209763539283,0.0,0.0,0.0,0.0,0.0,0.0,0.9191436396935164,0.00021100890169296722,1,밤티라미수
51.84049079754601,73.12116564417178,0.0,6.280346275416332,3.797077606536328,0.6719128089821836,84.0,41.66666666666666,-0.6048943270300333,0.0,0.0,0.0,0.0,0.0,0.0,0.9191436396935164,0.00021100890169296722,1,밤티라미수
40.33742331288344,67.02453987730061,-0.376777251184834,3.972265467335524,4.00301748869012,0.5919671003815042,70.66666666666667,29.0,-0.6555232558139534,-0.1803134922746704,-0.8336909915984874,0.8568251204656874,-0.0116550116550115,-0.5433070866141732,-0.2738055323029807,0.9191436396935164,0.00021100890169296722,1,밤티라미수
32.97546012269939,50.268404907975466,-0.6702453987730062,3.220684098732878,4.1626621028438295,0.5539533437703592,54.0,18.666666666666668,-0.6722972972972974,-0.067402970267264,-0.8330115608177674,0.7374791142804948,-0.3106382978723404,-0.6939890710382514,-0.3017767305030144,0.9191436396935164,0.00021100890169296722,1,밤티라미수
23.466257668711656,37.15490797546012,-0.6909090909090909,2.946355446355446,4.318664581719977,0.5232045054490055,40.0,11.0,-0.610759493670886,0.0447637621430674,-0.6988224359361438,0.1575696995533653,-0.5384615384615385,-0.7870967741935484,-0.2835029118247766,0.9191436396935164,0.00021100890169296722,1,밤티라미수
21.165644171779142,29.486196319018404,-0.5917159763313609,2.353762853762853,6.006059260369417,0.4102538159681017,28.666666666666668,5.666666666666667,-0.6168384879725086,0.0554588093247887,-0.6252176630807161,0.5817583633346146,-0.6587301587301587,-0.864,-0.3894240287075998,0.9191436396935164,0.00021100890169296722,1,밤티라미수
13.03680981595092,22.66104294478528,-0.6768060836501901,3.911195286195286,5.895867937397639,0.4923537548900745,22.0,3.6666666666666665,-0.3468834688346883,0.2638760248361976,-0.0153741439595178,0.4728559028421588,-0.6886792452830188,-0.8735632183908046,-0.1682751379717421,0.9191436396935164,0.00021100890169296722,1,밤티라미수
10.429447852760736,17.02453987730061,-0.6837209302325582,3.5879629629629632,6.925069973706729,0.4394522912743251,15.0,1.3333333333333333,-0.2511210762331838,0.3657174117393248,0.1140375314594137,0.6636156869364174,-0.7222222222222222,-0.9285714285714286,-0.2066980076638013,0.9191436396935164,0.00021100890169296722,1,밤티라미수
7.208588957055214,12.960122699386504,-0.6928104575163399,3.825,7.244618708918536,0.5173358891579231,12.333333333333334,1.0,-0.3236514522821576,0.0232320165525307,0.2982140375260598,0.6775136322425974,-0.6916666666666667,-0.9090909090909092,-0.0112166776661185,0.9191436396935164,0.00021100890169296722,1,밤티라미수
0.0,7.668711656441717,-1.0,1.9857142857142855,7.707000161744459,0.3698107448107448,12.0,0.3333333333333333,-0.5748502994011976,-0.3237292231680138,-0.1563660363915529,0.2832041489498091,-0.5813953488372093,-0.9411764705882352,-0.0985806093282053,0.9191436396935164,0.00021100890169296722,0,밤티라미수
4.601226993865031,5.559815950920246,-0.6470588235294117,1.8428571428571427,7.833629222624324,0.3422133422133422,12.666666666666666,0.6666666666666666,-0.5766871165644172,-0.2530356642822595,-0.5288250757098276,0.3286642960462897,-0.4242424242424243,-0.8181818181818181,-0.3049441812630299,0.9191436396935164,0.00021100890169296722,1,밤티라미수
1.2269938650306749,3.2592024539877302,-0.8823529411764706,8.267857142857142,7.49508502366849,0.4760548905285747,12.0,1.0,2.084507042253521,2.6593573416547187,1.3043317972350228,0.0823118108735374,-0.1999999999999999,-0.25,0.0832914061003282,0.9191436396935164,0.00021100890169296722,1,밤티라미수
0.0,1.4570552147239264,-1.0,10.31547619047619,6.904572162682964,0.5769981139717982,10.333333333333334,1.3333333333333333,2.9565217391304346,3.533208855694852,1.696856520385932,-0.0469378113463661,-0.1621621621621621,0.3333333333333332,0.1153258957366913,0.9191436396935164,0.00021100890169296722,0,밤티라미수
0.0,1.4570552147239264,0.0,11.025,7.098189441275508,0.6804964174701017,8.666666666666666,1.6666666666666667,0.3150684931506848,-1.7694385491028362,4.552158273381295,-0.0789945124811244,-0.2777777777777778,4.000000000000001,0.8401207293702464,0.9191436396935164,0.00021100890169296722,0,밤티라미수
0.0,0.3067484662576687,-1.0,4.714814814814815,7.946970850022721,0.5531483756483756,9.0,1.0,-0.4908424908424907,-3.447364229972925,1.558426643697962,0.0144685973994089,-0.2894736842105263,0.5,0.6163845981888472,0.9191436396935164,0.00021100890169296722,0,밤티라미수
0.0,0.0,-1.0,3.5148148148148146,7.959024938629445,0.5180726180726181,7.666666666666667,1.0,-0.71875,-1.0338184931506849,-0.5748820094392448,0.0618992197547985,-0.361111111111111,0.0,0.0882623587741953,0.9191436396935164,0.00021100890169296722,0,밤티라미수
4.601226993865031,1.1503067484662577,0.0,4.337037037037038,7.475289054741596,0.5408954408954408,6.666666666666667,0.6666666666666666,-0.4172661870503598,0.0735763037921309,-0.5795601718279155,0.0826578213119673,-0.3548387096774194,-0.5,-0.0625698285698763,0.9191436396935164,0.00021100890169296722,1,밤티라미수
1.8404907975460123,1.6104294478527608,0.0,8.93888888888889,4.965493605028673,0.6161479661479662,5.0,1.0,0.5308641975308643,1.2496141975308643,-0.1892164273116653,-0.3004563140912172,-0.423076923076923,-0.4,-0.0945610434825877,0.9191436396935164,0.00021100890169296722,1,밤티라미수
0.0,1.6104294478527608,0.0,8.972222222222223,8.200536312583882,0.6482093204315427,5.333333333333333,0.6666666666666666,0.5925925925925926,1.0098587796429523,0.9029850746268656,0.0319071841770297,-0.4074074074074074,-0.3333333333333333,0.1718543323420971,0.9191436396935164,0.00021100890169296722,0,밤티라미수
0.0,1.6104294478527608,0.0,8.440476190476192,8.87568191815969,0.6387713109935332,5.333333333333333,0.3333333333333333,0.0,-0.5308641975308643,1.401399969893121,0.1151720200148154,-0.3043478260869565,-0.6666666666666667,0.2329763988877653,0.9191436396935164,0.00021100890169296722,0,밤티라미수
0.0,0.4601226993865031,-1.0,3.83862433862434,9.286948281495704,0.5837208059430282,6.666666666666667,0.0,-0.3720930232558139,-0.9646856158484064,-0.1149200927168475,0.2423530666824136,0.0,-1.0,0.0791749417903964,0.9191436396935164,0.00021100890169296722,0,밤티라미수
0.0,0.0,-1.0,8.005291005291006,8.889588828138375,0.5229606994312876,5.333333333333333,0.3333333333333333,-0.2903225806451613,-0.2903225806451613,-0.1044422741128769,0.7902729386532044,0.0666666666666666,-0.6666666666666667,-0.1512417014037499,0.9191436396935164,0.00021100890169296722,0,밤티라미수
1.0736196319018405,0.2684049079754601,0.0,18.02534113060429,8.205065700201889,0.5772186848202921,9.333333333333334,5.333333333333333,7.814814814814815,8.18690783807063,1.0090163489218402,0.000552328219199,0.7500000000000002,7.0,-0.1095180729027296,0.9191436396935164,0.00021100890169296722,0,밤티라미수
0.3067484662576687,0.3450920245398773,0.0,25.81578947368421,3.2955641950881382,0.6234037848061957,10.0,8.0,10.795454545454549,11.085777126099709,2.0585702620443915,-0.6286973524428138,0.875,23.0,-0.0240579467531738,0.9191436396935164,0.00021100890169296722,0,밤티라미수
0.0,0.0,0.0,34.81481481481482,1.6943788605272296,0.3756419234360411,25.5,25.5,0.0,0.0,0.0,0.0,0.0,0.0,0.0,0.8372536870318845,2.864454750613959,0,버터떡
30.19197207678883,15.095986038394416,0.0,35.78978521900896,2.039041429605283,0.5078561202358166,62.333333333333336,51.66666666666666,0.0,0.0,0.0,0.0,0.0,0.0,0.0,0.8372536870318845,2.864454750613959,0,버터떡
100.0,43.39732402559628,0.0,31.72532849709368,2.0776169614786184,0.7683550831260747,118.0,76.66666666666667,8.075033200531209,0.0,0.0,0.0,0.0,0.0,0.0,0.8372536870318845,2.864454750613959,1,버터떡
97.38219895287958,56.8935427574171,0.0,34.95856572633889,2.619681000330057,0.7813232166750422,152.33333333333334,76.0,1.6525944120356155,0.0,0.0,0.0,0.0,0.0,0.0,0.8372536870318845,2.864454750613959,1,버터떡
87.43455497382199,78.7521815008726,0.0,28.892713275439405,2.9304922718685598,0.7803041590398152,156.0,51.333333333333336,0.0984854027950536,-7.976547797736155,-0.1701029165565277,0.7295377911860255,5.117647058823529,1.0130718954248366,1.077255253892539,0.8372536870318845,2.864454750613959,1,버터떡
79.9301919720768,91.18673647469458,1.6473988439306364,22.359190199374893,3.370052244696249,0.8016312551801753,149.0,33.666666666666664,-0.3551710168412524,-2.007765428876868,-0.3752633590128588,0.6527630070511232,1.390374331550802,-0.3483870967741935,0.5784613461150137,0.8372536870318845,2.864454750613959,1,버터떡
68.06282722513089,83.20244328097732,-0.3193717277486911,19.83091827606822,3.5849261269142,0.8247731239310934,138.33333333333334,23.33333333333333,-0.3816692200093252,-0.4801546228043789,-0.3749184258916371,0.7254990661814993,0.1723163841807911,-0.6956521739130435,0.0734270417987998,0.8372536870318845,2.864454750613959,1,버터떡
55.49738219895288,72.73123909249564,-0.4301075268817204,16.27453400884058,4.4331151916689775,0.823520137537015,126.66666666666669,16.0,-0.3576557171064441,-0.0024847002651917,-0.534462193436648,0.6922347381648541,-0.1684901531728665,-0.7894736842105263,0.0540069973109769,0.8372536870318845,2.864454750613959,1,버터떡
48.86561954624782,63.089005235602095,-0.4411177644710579,11.55570939910688,5.302910044778234,0.7827409104623197,114.66666666666669,9.333333333333334,-0.509318108370139,-0.1276488883608137,-0.6000476213866024,0.809562883234276,-0.2649572649572649,-0.8181818181818181,0.0031228225484571,0.8372536870318845,2.864454750613959,1,버터떡
34.72949389179755,51.788830715532285,-0.5655021834061136,6.299691079370224,6.002546434062987,0.6852504125059203,100.66666666666669,5.666666666666667,-0.6942853150761492,-0.336629597969705,-0.7182504812027428,0.7811434358353728,-0.3243847874720358,-0.8316831683168316,-0.1451800212656343,0.8372536870318845,2.864454750613959,1,버터떡
31.239092495637,42.582897033158815,-0.541025641025641,6.792235571914716,5.859348818624622,0.7070636563290268,87.33333333333333,4.666666666666667,-0.5901207464324918,-0.0808026380623527,-0.657492634614327,0.6344406024534122,-0.3686746987951808,-0.8,-0.1427173900151246,0.8372536870318845,2.864454750613959,1,버터떡
26.00349040139616,35.20942408376963,-0.5314465408805031,7.027843398431634,5.573302154694505,0.7202295102745944,74.66666666666667,4.333333333333333,-0.2404021937842779,0.4538831212918712,-0.568169300908155,0.2571976846368096,-0.4105263157894736,-0.7291666666666667,-0.1254257455942029,0.8372536870318845,2.864454750613959,1,버터떡
20.418848167539267,28.097731239092496,-0.5821428571428572,7.517829392829392,5.08160678295987,0.7445505191127012,66.66666666666667,4.0,-0.12747723620782,0.4626435102246717,-0.3494272715606338,-0.0417324186059465,-0.4186046511627906,-0.5714285714285714,-0.0487905906528658,0.8372536870318845,2.864454750613959,1,버터떡
15.532286212914483,23.298429319371728,-0.5527638190954773,6.360010603431657,5.488727074953832,0.7199382312245953,61.333333333333336,2.6666666666666665,-0.2635379061371841,-0.0231357123529061,0.0095749971389806,-0.0856002306276808,-0.390728476821192,-0.5294117647058825,0.0506206462420411,0.8372536870318845,2.864454750613959,1,버터떡
12.739965095986038,18.673647469458988,-0.5921787709497206,5.594540517961572,5.761542430784332,0.6872203136340166,52.66666666666666,2.6666666666666665,-0.4352363413136894,-0.3077591051058693,-0.1763329674408682,-0.0166923647777037,-0.3969465648854962,-0.4285714285714286,-0.0280644359491393,0.8372536870318845,2.864454750613959,1,버터떡
11.867364746945896,15.13961605584642,-0.5436241610738256,8.0972461456672,5.322864304571744,0.7640432390548714,49.0,1.3333333333333333,-0.0318627450980392,0.2316751610391448,0.1521665590149914,-0.0449352723343399,-0.34375,-0.6923076923076923,0.0608330096937748,0.8372536870318845,2.864454750613959,1,버터떡
12.041884816753926,13.045375218150086,-0.4102564102564102,6.688181818181818,6.44062078907612,0.6821264074430475,43.66666666666666,1.0,-0.0228260869565217,0.4124102543571676,-0.1103573293960226,0.2674378526637333,-0.3450000000000001,-0.75,-0.0838413379176016,0.8372536870318845,2.864454750613959,1,버터떡
10.296684118673648,11.736474694589877,-0.3370786516853932,6.042784992784994,7.067096433214697,0.612174017089608,41.0,0.3333333333333333,-0.340084388185654,-0.3082216430876148,-0.049878157510539,0.2875656480467543,-0.3315217391304348,-0.875,-0.1496853611339453,0.8372536870318845,2.864454750613959,1,버터떡
9.07504363001745,10.82024432809773,-0.2876712328767125,2.685387488328665,7.55740835064829,0.4826468952360818,37.66666666666666,0.0,-0.6551724137931034,-0.6323463268365817,-0.5199985629370125,0.3116988100735869,-0.2848101265822784,-1.0,-0.2976824379887024,0.8372536870318845,2.864454750613959,1,버터떡
7.329842931937172,9.68586387434555,-0.3823529411764704,2.777663911092892,7.651209528185524,0.4890359119564377,38.0,1.0,-0.5856777493606138,-0.2455933611749597,-0.6569619027106879,0.4374233665160303,-0.2244897959183673,-0.25,-0.3599368635715175,0.8372536870318845,2.864454750613959,1,버터떡
5.7591623036649215,8.115183246073297,-0.5217391304347826,2.72624914228682,7.735052347201704,0.4996395252235366,39.0,1.3333333333333333,0.0548387096774194,0.7100111234705229,-0.59237813558305,0.2009793155841528,-0.1068702290076335,0.3333333333333332,-0.2675264880941399,0.8372536870318845,2.864454750613959,0,버터떡
5.235602094240837,6.849912739965095,-0.4915254237288137,2.8046805148358387,7.79906715776598,0.5117462547077832,38.66666666666666,1.6666666666666667,0.0339506172839507,0.6196283666445646,-0.5358629310517269,0.1035744639214328,-0.0569105691056911,4.000000000000001,-0.1640510044174652,0.8372536870318845,2.864454750613959,0,버터떡
4.18848167539267,5.6282722513089,-0.5384615384615383,2.699441129108648,7.875438482733,0.4952794765648244,31.0,3.0,-0.1987767584097859,-0.2536154680872053,0.0052333753847679,0.0420819039184812,-0.1769911504424778,0.0,0.0261735472732369,0.8372536870318845,2.864454750613959,0,버터떡
4.886561954624781,5.017452006980802,-0.3333333333333333,2.86437908496732,7.891751257413662,0.4997002280103798,25.5,4.0,-0.3149253731343283,-0.3488759904182791,0.0312187423136836,0.0314383926282544,-0.3289473684210526,3.0,0.0218068158047501,0.8372536870318845,2.864454750613959,0,버터떡
0.0,0.0,0.0,331.5,3.768817989695082,0.0,1.0,0.5,0.0,0.0,0.0,0.0,0.0,0.0,0.0,0.0257951198141735,4.220645950303489,0,소떡소떡
0.0,0.0,0.0,224.66666666666663,3.55021852577069,0.106060606060606,1.3333333333333333,0.6666666666666666,0.0,0.0,0.0,0.0,0.0,0.0,0.0,0.0257951198141735,4.220645950303489,0,소떡소떡
0.0,0.0,0.0,35.666666666666664,3.5497796767184093,0.2651515151515151,1.6666666666666667,0.6666666666666666,-0.8592257415786828,0.0,0.0,0.0,0.0,0.0,0.0,0.0257951198141735,4.220645950303489,0,소떡소떡
66.0,16.5,0.0,39.25,2.106587105383847,0.488111200500581,2.6666666666666665,1.3333333333333333,-0.4087591240875913,0.0,0.0,0.0,0.0,0.0,0.0,0.0257951198141735,4.220645950303489,0,소떡소떡
72.42857142857143,34.60714285714286,0.0,36.91666666666666,6.40564939788971,0.5487172611066417,3.6666666666666665,1.0,1.878571428571429,2.737797170150112,-0.8886375062845651,0.6996441365447743,2.6666666666666665,1.0,0.0,0.0257951198141735,4.220645950303489,0,소떡소떡
71.0,52.35714285714286,0.0,32.13888888888889,6.407966060299104,0.4959065452524475,4.0,1.3333333333333333,-0.0567901234567901,0.3519690006308011,-0.856948565776459,0.8049497555669609,2.0,1.0,3.675690283808791,0.0257951198141735,4.220645950303489,0,소떡소떡
70.14285714285714,69.89285714285714,0.0,14.222222222222223,7.459104025944131,0.2729468599033816,3.0,0.6666666666666666,-0.8163771712158809,-2.6949485997873097,-0.6012461059190031,1.101286475570702,0.7999999999999998,0.0,0.0293995859213249,0.0257951198141735,4.220645950303489,0,소떡소떡
61.0,68.64285714285714,-0.0757575757575758,18.88888888888889,7.033008613947152,0.3122987117552335,2.6666666666666665,1.0,-0.6701570680628273,-0.6133669446060371,-0.5187544232130219,2.338579542223889,0.0,-0.25,-0.3601894170120324,0.0257951198141735,4.220645950303489,0,소떡소떡
81.0,70.78571428571428,0.1183431952662721,18.166666666666668,7.921614866886132,0.3802609427609427,3.0,0.3333333333333333,0.689189189189189,1.50556636040507,-0.5079006772009029,0.2366606997716491,-0.1818181818181817,-0.6666666666666667,-0.30700021720833,0.0257951198141735,4.220645950303489,0,소떡소떡
81.0,73.28571428571428,0.1408450704225352,9.547619047619047,7.397426325312394,0.5919011544011544,5.0,0.6666666666666666,0.0317460317460318,0.7019030998088591,-0.7029262871959502,0.1544109715473596,0.25,-0.5,0.1935739910426865,0.0257951198141735,4.220645950303489,0,소떡소떡
96.0,79.75,0.3686354378818737,26.658730158730155,7.397926506132768,0.6038313538313539,4.666666666666667,0.6666666666666666,1.128,0.4388108108108111,0.874441964285714,-0.0082017249791096,0.5555555555555556,0.0,1.2122670839485004,0.0257951198141735,4.220645950303489,0,소떡소떡
100.0,89.5,0.639344262295082,27.047619047619047,4.151256417891304,0.5407000407000407,4.333333333333333,0.6666666666666666,1.0307692307692309,0.9990231990231988,0.4319327731092437,-0.4097467178329695,0.625,-0.3333333333333333,0.7313553349647453,0.0257951198141735,4.220645950303489,1,소떡소떡
100.0,94.25,0.2345679012345678,27.416666666666668,6.69760987071546,0.4857264957264957,3.333333333333333,0.6666666666666666,-0.0488721804511279,-1.1768721804511282,0.5091743119266054,-0.1545145802640882,0.1111111111111111,1.0,0.277350474649866,0.0257951198141735,4.220645950303489,1,소떡소떡
100.0,99.0,0.2345679012345678,5.722222222222222,7.398112031894323,0.4491503267973855,5.0,0.6666666666666666,-0.7007575757575757,-1.7315268065268064,-0.4006650041562759,9.26952904665157e-05,0.0,0.0,-0.2411734232013697,0.0257951198141735,4.220645950303489,1,소떡소떡
100.0,100.0,0.0416666666666667,8.299999999999999,7.369964869250404,0.5510021786492375,5.666666666666667,1.0,-0.4822134387351778,-0.4333412582840499,-0.6886573384935992,-0.0037796586461333,0.2142857142857142,0.5,-0.0874899503758979,0.0257951198141735,4.220645950303489,1,소떡소떡
66.0,91.5,-0.3399999999999999,10.105555555555554,7.581494244732848,0.5467164643635232,5.333333333333333,0.6666666666666666,0.7848101265822787,1.4855677023398544,-0.6263791079812207,0.8263131643850581,0.2307692307692308,0.0,0.0111271004449953,0.0257951198141735,4.220645950303489,0,소떡소떡
66.0,83.0,-0.3399999999999999,11.133333333333333,7.745753824138874,0.5825156325156324,4.666666666666667,0.3333333333333333,0.1526717557251908,0.6348851944603687,-0.5939209726443769,0.1564952234686443,0.4000000000000001,-0.5,0.1992667429936476,0.0257951198141735,4.220645950303489,0,소떡소떡
64.28571428571429,74.07142857142858,-0.3571428571428571,12.777777777777777,8.169341837137871,0.5266407921580335,4.0,0.0,-0.0283687943262411,-0.8131789209085198,1.233009708737864,0.1042468405342695,-0.1999999999999999,-1.0,0.1725267927849119,0.0257951198141735,4.220645950303489,0,소떡소떡
64.0,65.07142857142858,-0.36,13.088888888888889,8.209919877472872,0.5837836493008907,4.666666666666667,0.0,0.0927152317880795,-0.0599565239371113,0.5769745649263722,0.1139700152068567,-0.1764705882352941,-1.0,0.0594942668502977,0.0257951198141735,4.220645950303489,0,소떡소떡
64.0,64.57142857142858,-0.0303030303030302,13.533333333333331,8.256999926955231,0.5888341543513956,4.666666666666667,0.3333333333333333,0.2627737226277373,0.2911425169539785,0.3391973611874657,0.0890992804870467,-0.1249999999999998,-0.5,0.0770375372486817,0.0257951198141735,4.220645950303489,0,소떡소떡
64.0,64.07142857142858,-0.0303030303030302,12.866666666666664,8.299321840283183,0.5984126984126984,4.666666666666667,0.6666666666666666,0.0121212121212119,-0.0805940196668675,0.1556886227544909,0.0714672875891264,0.0,1.0,0.0272903678625986,0.0257951198141735,4.220645950303489,0,소떡소떡
62.71428571428571,63.67857142857143,-0.0244444444444446,10.133333333333333,8.34198585731102,0.5828282828282828,4.666666666666667,0.6666666666666666,-0.2716763005780346,-0.534450023205772,-0.2069565217391303,0.0211331614730954,0.1666666666666667,0.0,0.1066903504379293,0.0257951198141735,4.220645950303489,0,소떡소떡
61.0,62.92857142857143,-0.046875,8.33968253968254,8.37897793656228,0.5138151703369095,5.0,0.6666666666666666,-0.4191616766467065,-0.4312828887679185,-0.3628425903468347,0.020591925574485,0.0714285714285714,0.0,-0.1198534406500967,0.0257951198141735,4.220645950303489,0,소떡소떡
61.0,62.17857142857143,-0.046875,14.11746031746032,7.99495277409979,0.5309091874309265,5.0,1.0,0.1825396825396825,0.4542159831177171,0.0431620924231763,-0.0317363637124399,0.0714285714285714,2.0,-0.0983722946306907,0.0257951198141735,4.220645950303489,0,소떡소떡
60.0,61.17857142857143,-0.0625,17.15079365079365,7.347892070122226,0.5283278181828907,4.666666666666667,1.0,0.865979381443299,1.2851410580900056,0.3329632371083149,-0.1146394595210074,0.0,0.5,-0.1171179696147981,0.0257951198141735,4.220645950303489,1,소떡소떡
60.0,60.5,-0.0432801822323462,17.38888888888889,8.04411379982234,0.5084520417853752,4.0,0.6666666666666666,0.1946308724832215,0.0120911899435389,0.7160087719298247,-0.0357075716242819,-0.1428571428571429,0.0,-0.1276126146143475,0.0257951198141735,4.220645950303489,1,소떡소떡
60.0,60.25,-0.0163934426229508,7.722222222222222,8.042490896264221,0.5076978939724038,5.0,0.6666666666666666,-0.4033149171270718,-1.2692942985703708,-0.0740388275599543,-0.0401584826748108,0.0,0.0,-0.0119055970272239,0.0257951198141735,4.220645950303489,1,소떡소떡
57.99999999999999,59.49999999999999,-0.0491803278688526,5.888888888888889,8.569295421952624,0.4089324618736383,4.666666666666667,1.0,-0.5617977528089888,-0.7564286252922103,-0.582864852709692,0.0718381539054811,-0.0666666666666666,0.0,-0.229750639930596,0.0257951198141735,4.220645950303489,1,소떡소떡
47.0,56.25,-0.2166666666666666,6.222222222222222,8.413218135319015,0.4339324618736384,4.333333333333333,1.0,-0.2777777777777778,0.125537139349294,-0.6372049976862564,0.1449839021899335,-0.0714285714285715,0.0,-0.1786681546201974,0.0257951198141735,4.220645950303489,0,소떡소떡
47.0,53.0,-0.2166666666666666,11.666666666666666,8.866676076054226,0.2812289562289562,3.0,0.3333333333333333,0.1282051282051282,0.690002881014117,-0.329073482428115,0.1022564196257458,-0.25,-0.5,-0.4468918735355045,0.0257951198141735,4.220645950303489,0,소떡소떡
46.0,49.5,-0.2333333333333332,12.333333333333334,8.92626930286144,0.3913030303030303,3.6666666666666665,0.0,0.4615384615384614,0.7393162393162392,0.5971223021582734,0.1098886424612228,-0.2666666666666667,-1.0,-0.2292600876451542,0.0257951198141735,4.220645950303489,0,소떡소떡
44.85714285714285,46.21428571428572,-0.2266009852216749,13.444444444444445,9.15944843952728,0.3218585858585858,3.333333333333333,0.3333333333333333,0.3522727272727273,0.2240675990675991,1.283018867924528,0.0688683244672385,-0.2857142857142857,-0.6666666666666667,-0.2129297234465056,0.0257951198141735,4.220645950303489,1,소떡소떡
44.0,45.46428571428572,-0.0638297872340425,8.444444444444445,9.183164566428331,0.3867936507936507,3.6666666666666665,0.3333333333333333,-0.1578947368421053,-0.6194331983805668,0.3571428571428572,0.0915162805391973,-0.1538461538461538,-0.6666666666666667,-0.108631677096595,0.0257951198141735,4.220645950303489,1,소떡소떡
44.0,44.71428571428572,-0.0638297872340425,6.711111111111111,9.206736180972246,0.3341269841269841,3.6666666666666665,0.6666666666666666,-0.4117647058823529,-0.7640374331550802,-0.4247619047619047,0.0383526027116749,0.2222222222222221,1.0,0.1880959507418651,0.0257951198141735,4.220645950303489,1,소떡소떡
41.42857142857143,43.57142857142857,-0.0993788819875776,6.516666666666667,9.058509588613171,0.4414746543778802,4.0,0.6666666666666666,-0.2083333333333333,-0.050438596491228,-0.4716216216216217,0.0148147318061913,0.090909090909091,0.0,0.1282168043421394,0.0257951198141735,4.220645950303489,1,소떡소떡
35.0,41.10714285714285,-0.2197452229299361,8.294444444444444,9.075783501347829,0.502392715295941,4.0,0.6666666666666666,0.3142857142857145,0.7260504201680674,-0.3830578512396694,-0.0091342768870666,0.1999999999999999,1.0,0.5609113361253502,0.0257951198141735,4.220645950303489,0,소떡소떡
35.0,38.85714285714285,-0.2045454545454545,7.694444444444444,9.11306841358642,0.5065877266338096,4.666666666666667,0.3333333333333333,0.1710526315789475,0.3793859649122809,-0.0888157894736842,-0.0076331151788535,0.2727272727272729,0.0,0.3097105539203055,0.0257951198141735,4.220645950303489,0,소떡소떡
29.0,35.107142857142854,-0.3409090909090909,6.51111111111111,9.153008668612667,0.5071765643194214,5.0,0.0,-0.141304347826087,-0.4555900621118015,-0.0298013245033114,-0.005835674152434,0.3636363636363637,-1.0,0.5179156081768908,0.0257951198141735,4.220645950303489,0,소떡소떡
29.0,32.0,-0.3,3.3166666666666664,9.269755255818666,0.4949598021026593,6.666666666666667,0.0,-0.2808988764044944,-0.4519515079834419,-0.4910485933503836,0.023320135077302,0.6666666666666667,-1.0,0.1211511174976729,0.0257951198141735,4.220645950303489,0,소떡소떡
30.5,30.875,-0.1285714285714285,4.15,9.300153915677551,0.4468253968253968,5.666666666666667,0.3333333333333333,-0.1772151898734176,-0.0359108420473306,-0.4996651038178165,0.0247218782043889,0.4166666666666667,-0.5,-0.1106053427502656,0.0257951198141735,4.220645950303489,0,소떡소떡
32.0,30.125,-0.0857142857142857,5.95,9.388210624361058,0.4027777777777777,5.666666666666667,0.6666666666666666,0.4375000000000002,0.7183988764044946,-0.2267148014440432,0.0301920492953216,0.2142857142857142,1.0,-0.2049199840387597,0.0257951198141735,4.220645950303489,0,소떡소떡
35.285714285714285,31.696428571428573,0.2167487684729063,6.2,9.405719542740451,0.4360870610870611,5.0,1.0,0.3999999999999999,0.5772151898734176,-0.0477815699658701,0.0276095962843754,0.0,0.0,-0.1401671690563128,0.0257951198141735,4.220645950303489,0,소떡소떡
37.0,33.69642857142857,0.2758620689655173,5.7,9.47629216081225,0.4633597883597883,5.333333333333333,0.6666666666666666,-0.0326086956521739,-0.4701086956521741,0.7185929648241207,0.0222807290261455,-0.2,0.0,-0.0638435962044383,0.0257951198141735,4.220645950303489,0,소떡소떡
37.0,35.32142857142857,0.2131147540983606,3.722222222222222,9.49342547090615,0.4772486772486773,5.666666666666667,0.3333333333333333,-0.3076923076923077,-0.7076923076923076,-0.1030789825970548,0.0207815437229264,0.0,0.0,0.0680876258140914,0.0257951198141735,4.220645950303489,0,소떡소떡
37.0,36.57142857142857,0.15625,4.155555555555556,9.509593068744602,0.45,5.333333333333333,0.3333333333333333,-0.2584269662921349,-0.2258182706399609,-0.3015873015873015,0.012929241709658,-0.0588235294117648,-0.5,0.117241379310345,0.0257951198141735,4.220645950303489,0,소떡소떡
34.42857142857143,36.35714285714286,-0.0242914979757083,9.377777777777778,9.114102378552554,0.5257062146892655,5.666666666666667,1.0,1.6031746031746033,1.910866910866911,0.5125448028673836,-0.031004237672914,0.1333333333333333,0.0,0.2055074814162227,0.0257951198141735,4.220645950303489,0,소떡소떡
33.0,35.35714285714286,-0.1081081081081081,16.155555555555555,8.440585257930264,0.5503975727139568,4.666666666666667,1.0,2.242424242424242,2.500851208716377,1.8343079922027288,-0.109294530530094,-0.1249999999999998,0.5,0.1878406079696013,0.0257951198141735,4.220645950303489,0,소떡소떡
33.0,34.35714285714286,-0.1081081081081081,16.222222222222225,5.197089759550735,0.5870642393806236,4.666666666666667,0.6666666666666666,0.3109756097560976,-1.2921989934185056,3.3582089552238816,-0.4525590604278824,-0.1764705882352941,1.0,0.2301013441567387,0.0257951198141735,4.220645950303489,0,소떡소떡
33.0,33.35714285714286,-0.1081081081081081,12.133333333333333,5.37660490232953,0.547394060727394,4.333333333333333,0.6666666666666666,-0.3738317757009346,-2.616256018125177,1.919786096256684,-0.4346125156500187,-0.1875,1.0,0.2164312460608757,0.0257951198141735,4.220645950303489,0,소떡소떡
33.42857142857143,33.10714285714286,-0.0290456431535269,6.55,5.018072385064392,0.5485647716682199,4.666666666666667,1.0,-0.5767441860465117,-0.8877197958026093,-0.3015402843601896,-0.449416719646139,-0.1764705882352941,0.0,0.0434816183264368,0.0257951198141735,4.220645950303489,0,소떡소떡
34.0,33.35714285714286,0.0303030303030302,9.55,4.018427142989797,0.5613028669063151,4.333333333333333,1.0,-0.0895522388059701,0.2842795368949644,-0.4088720770288858,-0.5239160531890457,-0.0714285714285715,0.0,0.0198134852568214,0.0257951198141735,4.220645950303489,0,소떡소떡
30.0,32.60714285714286,-0.0909090909090909,9.083333333333334,6.235905251060325,0.5386001642036125,4.333333333333333,0.3333333333333333,0.2637362637362639,0.8404804497827756,-0.4400684931506849,0.1998840773532051,-0.0714285714285715,-0.5,-0.0825532742858646,0.0257951198141735,4.220645950303489,0,소떡소떡
30.0,31.857142857142858,-0.0909090909090909,8.666666666666666,6.26151801278417,0.5219973544973544,5.0,0.3333333333333333,0.0,0.0895522388059701,-0.2857142857142857,0.1645858541830427,0.1538461538461539,-0.5,-0.0463956554374954,0.0257951198141735,4.220645950303489,0,소떡소떡
30.0,31.0,-0.1025641025641026,5.466666666666666,7.087069734097925,0.4862289562289562,5.333333333333333,0.3333333333333333,-0.2347826086956522,-0.4985188724319161,-0.1653944020356235,0.4123091877254743,0.1428571428571428,-0.6666666666666667,-0.1136343758453475,0.0257951198141735,4.220645950303489,0,소떡소떡
30.0,30.0,-0.1176470588235294,5.4,7.265223473029608,0.5188726343898757,5.333333333333333,0.6666666666666666,-0.2868852459016393,-0.2868852459016393,-0.4345549738219895,0.8079769060150546,0.2307692307692308,-0.3333333333333333,-0.0755924029932333,0.0257951198141735,4.220645950303489,0,소떡소떡
30.0,30.0,0.0,4.933333333333334,7.727026231630414,0.4646858388987323,5.0,0.6666666666666666,-0.159090909090909,0.0756916996047432,-0.4568807339449541,0.239118607569694,0.1538461538461539,1.0,-0.137234130654549,0.0257951198141735,4.220645950303489,0,소떡소떡
30.0,30.0,0.0,4.933333333333334,7.837401593358998,0.4525646267775202,5.0,1.3333333333333333,-0.1494252873563217,0.1374599585453175,-0.4307692307692307,0.2516775608338648,0.0,3.0,-0.1330135624666006,0.0257951198141735,4.220645950303489,1,소떡소떡
34.0,31.0,0.1333333333333333,3.777777777777777,7.951121980053892,0.4319844406800927,6.333333333333333,1.3333333333333333,-0.1081081081081081,0.0509828009828009,-0.3089430894308943,0.1219195349241115,0.1875,3.0,-0.1115616724465926,0.0257951198141735,4.220645950303489,1,소떡소떡
34.0,32.0,0.1333333333333333,3.434920634920635,8.026089097492056,0.4511976911976911,7.0,1.3333333333333333,-0.081081081081081,0.0683442062752407,-0.3639035861258082,0.104727077878193,0.3125,1.0,-0.1304268884246733,0.0257951198141735,4.220645950303489,1,소떡소떡
34.0,33.0,0.1333333333333333,3.3682539682539683,8.102721030206308,0.4266666666666665,7.0,1.3333333333333333,0.0151515151515151,0.1232596232596232,-0.3172458172458172,0.0486208778531118,0.3999999999999999,1.0,-0.0818169374865568,0.0257951198141735,4.220645950303489,0,소떡소떡
20.0,30.5,-0.3333333333333333,3.542857142857143,8.190829206804686,0.4298412698412697,6.333333333333333,1.6666666666666667,-0.0294117647058823,0.0516693163751986,-0.2818532818532818,0.0450949985445641,0.2666666666666666,0.2500000000000002,-0.0502101922946383,0.0257951198141735,4.220645950303489,0,소떡소떡
20.0,27.0,-0.4117647058823529,3.4952380952380957,7.8416648829447455,0.4714285714285713,6.333333333333333,1.6666666666666667,-0.0298507462686565,-0.0450022614201717,-0.0747899159663864,-0.0137662454913569,0.0,0.2500000000000002,0.091309146890522,0.0257951198141735,4.220645950303489,0,소떡소떡
27.857142857142858,25.464285714285715,-0.180672268907563,4.317460317460317,8.05513395140759,0.4333333333333333,5.666666666666667,1.0,-0.0303030303030303,-0.000891265597148,0.2569316081330868,0.0036188053188457,-0.1904761904761904,-0.25,-0.0395931943200714,0.0257951198141735,4.220645950303489,0,소떡소떡
29.0,24.214285714285715,-0.1470588235294118,5.698412698412699,7.521328958903336,0.4989417989417988,5.333333333333333,0.6666666666666666,0.323076923076923,0.3529276693455796,0.6918001885014138,-0.071752695068186,-0.2380952380952381,-0.5,0.1693948412698414,0.0257951198141735,4.220645950303489,0,소떡소떡
30.714285714285715,26.892857142857142,0.5357142857142858,9.972222222222223,7.553915401438316,0.5330687830687829,4.333333333333333,0.3333333333333333,0.9843750000000002,1.0146780303030307,1.814740143369176,-0.0777593805566403,-0.3157894736842105,-0.8,0.2401526341703592,0.0257951198141735,4.220645950303489,0,소떡소떡
31.0,29.642857142857142,0.55,17.083333333333332,4.760871646859582,0.6280423280423281,5.0,1.3333333333333333,2.197674418604651,1.874597495527728,3.887602179836512,-0.3928748909923127,-0.2105263157894736,-0.2,0.3322109988776658,0.0257951198141735,4.220645950303489,0,소떡소떡
31.0,30.428571428571427,0.1128205128205128,16.845238095238095,5.591919899269811,0.6234728234728234,5.0,1.0,1.181102362204724,0.1967273622047238,2.901654411764706,-0.3057943005041332,-0.1176470588235294,0.0,0.4387834387834388,0.0257951198141735,4.220645950303489,0,소떡소떡
31.0,30.928571428571427,0.0689655172413792,13.228571428571428,6.104748278527589,0.6043370210036877,5.0,1.0,-0.1309090909090908,-2.328583509513742,1.3214484679665737,-0.1883418060978274,-0.0625,0.5,0.2112375076319936,0.0257951198141735,4.220645950303489,0,소떡소떡
33.142857142857146,31.53571428571429,0.0790697674418605,24.704761904761902,6.079566253469363,0.672626706570261,5.666666666666667,0.6666666666666666,0.8339350180505418,-0.3471673441541822,1.4773577397532829,-0.195176814885725,0.3076923076923079,1.0,0.2618009681566191,0.0257951198141735,4.220645950303489,0,소떡소떡
36.0,32.78571428571429,0.1612903225806452,27.609523809523807,5.594874177859878,0.682789559590257,6.0,0.6666666666666666,1.3807531380753135,1.5116622289844046,0.6161672473867597,0.1751785372223655,0.1999999999999999,-0.5,0.087171244840426,0.0257951198141735,4.220645950303489,0,소떡소떡
36.0,34.03571428571429,0.1612903225806452,27.22619047619048,6.027370924197266,0.6592783032358634,7.0,0.6666666666666666,0.1338582677165354,-0.7000767503340064,0.6162544169611308,0.0778714704021985,0.3999999999999999,-0.3333333333333333,0.0574290946052771,0.0257951198141735,4.220645950303489,1,소떡소떡
36.0,35.28571428571429,0.1612903225806452,7.916666666666667,6.759464280356982,0.5761076652883376,7.0,0.0,-0.6924428822495606,-2.0731960203248745,-0.4015478761699064,0.1072470103529485,0.3999999999999999,-1.0,-0.0467112798558436,0.0257951198141735,4.220645950303489,1,소떡소떡
36.0,36.0,0.0862068965517239,4.783333333333333,7.273107246212201,0.5096677559912853,6.333333333333333,0.0,-0.8298611111111112,-0.9637193788276466,-0.8063801079414032,0.1963200897862957,0.1176470588235292,-1.0,-0.2422724952595283,0.0257951198141735,4.220645950303489,1,소떡소떡
32.0,35.0,-0.1111111111111111,5.533333333333334,7.499570751485513,0.5151353276353275,5.333333333333333,0.3333333333333333,-0.4857142857142857,0.2067285965352748,-0.7995860641600552,0.3404359978572762,-0.1111111111111111,-0.5,-0.2455430514425836,0.0257951198141735,4.220645950303489,1,소떡소떡
28.428571428571423,33.107142857142854,-0.2103174603174604,10.7,7.216601048241977,0.5688205128205128,4.666666666666667,0.6666666666666666,0.5714285714285716,1.4012896825396828,-0.6069960647135986,0.1973049508651394,-0.3333333333333332,0.0,-0.1372072916268691,0.0257951198141735,4.220645950303489,0,소떡소떡
27.0,30.85714285714285,-0.25,10.0,7.39208405238812,0.5846935286935286,5.0,0.6666666666666666,0.6333333333333333,1.119047619047619,0.263157894736842,0.0935902233952965,-0.2857142857142857,0.0,0.0149032271613569,0.0257951198141735,4.220645950303489,0,소떡소떡
27.0,28.60714285714285,-0.25,10.5,7.47472940402023,0.5614563492063492,5.0,0.3333333333333333,-0.0064935064935065,-0.5779220779220782,1.1951219512195124,0.0277215983461582,-0.2105263157894736,0.0,0.1016124575397887,0.0257951198141735,4.220645950303489,0,소떡소떡
27.0,27.35714285714285,-0.15625,4.785714285714286,7.910178038368509,0.4625992063492062,5.666666666666667,0.0,-0.5034013605442177,-1.136734693877551,-0.1351118760757316,0.0547507718093949,0.0625000000000002,-1.0,-0.1019850871561899,0.0257951198141735,4.220645950303489,0,소떡소떡
27.285714285714285,27.071428571428573,-0.0402010050251254,4.685714285714286,8.088156612836272,0.4529761904761904,6.666666666666667,0.0,-0.4509803921568627,-0.4444868856633561,-0.5620827770360481,0.1207709223175934,0.4285714285714286,-1.0,-0.2036570758848076,0.0257951198141735,4.220645950303489,0,소떡소떡
30.571428571428573,27.96428571428571,0.1322751322751323,3.752380952380953,8.45789736749097,0.4403159340659339,7.0,0.0,0.0684931506849315,0.5718945112291492,-0.6247619047619047,0.1441830622527247,0.3999999999999999,-1.0,-0.2469286686825488,0.0257951198141735,4.220645950303489,0,소떡소떡
31.0,28.964285714285715,0.1481481481481481,4.266666666666667,8.885029542240389,0.4983245920745919,6.333333333333333,0.0,-0.0476190476190475,0.4033613445378151,-0.5936507936507937,0.188675744898757,0.2666666666666666,-1.0,-0.1124428590414867,0.0257951198141735,4.220645950303489,0,소떡소떡
31.0,29.964285714285715,0.1481481481481481,4.866666666666667,8.671873397686285,0.5254079254079252,5.333333333333333,0.3333333333333333,0.0,-0.0684931506849315,0.0169154228855723,0.0962930740146623,-0.0588235294117648,0.0,0.1357735123551122,0.0257951198141735,4.220645950303489,0,소떡소떡
36.0,32.14285714285714,0.3193717277486911,5.704761904761905,8.160598006201456,0.6093314093314092,6.0,0.6666666666666666,0.3249999999999999,0.3726190476190475,0.217479674796748,0.00895647757985,-0.1,0.0,0.3451731506922044,0.0257951198141735,4.220645950303489,0,소떡소떡
36.0,33.5,0.1775700934579438,15.438095238095238,3.236804875311693,0.6791005291005291,6.0,1.0,2.230769230769231,2.230769230769231,3.1142131979695424,-0.6173038363231063,-0.1428571428571429,0.0,0.5423028706447834,0.0257951198141735,4.220645950303489,0,소떡소떡
36.0,34.75,0.1612903225806452,15.326984126984128,7.547185152610487,0.6378306878306876,6.0,0.6666666666666666,1.3584905660377355,1.0334905660377356,2.592261904761905,-0.1505728690343285,-0.0526315789473683,0.0,0.2799502532582492,0.0257951198141735,4.220645950303489,0,소떡소떡
36.0,36.0,0.1612903225806452,14.588888888888889,8.24229281237357,0.5163780663780663,5.0,0.3333333333333333,-0.1349206349206348,-2.3656898656898657,1.9977168949771684,-0.0495372298017323,-0.0625,0.0,-0.0171863776566526,0.0257951198141735,4.220645950303489,0,소떡소떡
36.0,36.0,0.0,4.555555555555556,8.662162742256482,0.4046717171717169,6.0,0.0,-0.688,-2.0464905660377357,-0.2014468558708958,0.0614617624436193,0.0,-1.0,-0.3358758288601201,0.0257951198141735,4.220645950303489,0,소떡소떡
31.714285714285715,34.92857142857143,-0.119047619047619,4.4,8.6884758330888,0.4110209235209234,5.666666666666667,0.6666666666666666,-0.6743119266055047,-0.5393912916848698,-0.7149907464528069,1.6842754406850458,-0.0555555555555554,-0.3333333333333333,-0.3947568792718775,0.0257951198141735,4.220645950303489,0,소떡소떡
31.0,33.67857142857143,-0.1388888888888888,4.455555555555556,8.297659021219754,0.4763473908081749,7.0,2.0,0.2820512820512821,0.970051282051282,-0.7092999171499585,0.0994375854618707,0.1666666666666667,2.0,-0.2531758037101195,0.0257951198141735,4.220645950303489,0,소떡소떡
31.0,32.42857142857143,-0.1388888888888888,5.029629629629629,7.648742900380276,0.5019510719969625,7.0,2.333333333333333,0.6760563380281688,1.3503682646336734,-0.6552424473216553,-0.0720127184880207,0.3999999999999999,6.000000000000001,-0.0279388210314514,0.0257951198141735,4.220645950303489,0,소떡소떡
33.142857142857146,31.714285714285715,-0.0793650793650793,5.074074074074074,5.12297114764362,0.5230065597191169,8.333333333333334,2.0,0.3699999999999999,0.0879487179487177,0.113821138211382,-0.4085805935448066,0.388888888888889,0.0,0.2924218262013753,0.0257951198141735,4.220645950303489,0,소떡소떡
34.0,32.285714285714285,0.072072072072072,3.9544159544159543,6.646333695051697,0.4524741872259601,10.0,1.0,-0.0252100840336134,-0.7012664220617822,-0.101269101269101,-0.2350403197601011,0.7647058823529411,0.5,0.1008543880198022,0.0257951198141735,4.220645950303489,0,소떡소떡
34.0,33.035714285714285,0.096774193548387,3.2136752136752134,8.03560432655153,0.4515986071541625,10.0,0.6666666666666666,-0.2992700729927007,-0.6692700729927006,-0.2787262612699023,-0.0315817622775371,0.4285714285714286,-0.6666666666666667,-0.0519553253184056,0.0257951198141735,4.220645950303489,0,소떡소떡
34.0,33.785714285714285,0.096774193548387,26.531135531135533,8.005040360139377,0.5400058788947676,9.333333333333334,0.6666666666666666,3.974137931034483,3.999348015068097,4.274968036381881,0.0465824860894967,0.3333333333333335,-0.7142857142857143,0.0758137775190075,0.0257951198141735,4.220645950303489,0,소떡소떡
32.57142857142857,33.64285714285714,-0.0172413793103449,27.5952380952381,8.05369035651519,0.6304390568279455,7.666666666666667,0.3333333333333333,5.15625,5.455520072992701,4.438477580813347,0.5720741195701629,-0.08,-0.8333333333333334,0.2054132880599541,0.0257951198141735,4.220645950303489,0,소떡소떡
29.0,32.39285714285714,-0.1470588235294118,28.071428571428573,8.061724877450976,0.5948622613945194,7.333333333333333,0.6666666666666666,0.0311958405545926,-3.94294209047989,6.098754631535611,0.212958188279511,-0.2666666666666667,-0.3333333333333333,0.3146877284680383,0.0257951198141735,4.220645950303489,0,소떡소떡
29.0,31.142857142857142,-0.1470588235294118,4.934523809523809,8.64137155224584,0.4474568889891469,7.666666666666667,0.6666666666666666,-0.8071065989847716,-5.963356598984771,0.5354768237082068,0.0753853974234037,-0.2333333333333332,0.0,-0.0091712376863061,0.0257951198141735,4.220645950303489,0,소떡소떡
29.0,29.892857142857142,-0.1470588235294118,4.642857142857143,8.916331276679028,0.3789167579490158,7.333333333333333,1.0,-0.8201680672268907,-0.8513639077814834,-0.8250034516084496,0.1138396404691934,-0.2142857142857144,0.5,-0.2983099392833529,0.0257951198141735,4.220645950303489,0,소떡소떡
29.0,29.0,-0.1096491228070174,4.416666666666667,8.941425362971083,0.4295141295141294,8.666666666666666,0.6666666666666666,0.0614035087719297,0.8685101077567013,-0.8399482312338222,0.1102271092081088,0.1304347826086955,1.0,-0.3187063446303122,0.0257951198141735,4.220645950303489,0,소떡소떡
27.0,28.5,-0.0689655172413793,4.1990740740740735,8.958657566328856,0.4193364417048626,8.666666666666666,0.3333333333333333,0.1214953271028038,0.9416633943296946,-0.8504146640278956,0.1112581615612613,0.1818181818181818,-0.5,-0.2950696843302454,0.0257951198141735,4.220645950303489,0,소떡소떡
27.0,28.0,-0.0689655172413793,3.890740740740741,8.980090764286333,0.4722643696327905,9.666666666666666,0.0,-0.0082644628099174,-0.0696679715818472,-0.2115266050127328,0.0391973901356506,0.2608695652173911,-1.0,0.0554410519853352,0.0257951198141735,4.220645950303489,0,소떡소떡
27.0,27.5,-0.0689655172413793,3.5990740740740743,8.99743539608896,0.4140115515973638,8.666666666666666,0.0,-0.1833333333333333,-0.3048286604361372,-0.2248148148148148,0.0090961312330402,0.1818181818181818,-1.0,0.0926187425394104,0.0257951198141735,4.220645950303489,0,소떡소떡
27.0,27.0,-0.0689655172413793,3.969444444444445,9.201446933064062,0.4868673020846932,8.666666666666666,0.0,-0.0999999999999999,-0.0917355371900825,-0.1012578616352202,0.0290805503079856,0.0,-1.0,0.133530351226029,0.0257951198141735,4.220645950303489,0,소떡소떡
28.714285714285715,27.42857142857143,0.0634920634920634,3.8789682539682535,9.282003073823049,0.4857948010121922,7.666666666666667,0.0,-0.0306122448979591,0.1527210884353742,-0.0762324775555205,0.0360930758989479,-0.1153846153846153,-1.0,0.1584845787242701,0.0257951198141735,4.220645950303489,0,소떡소떡
30.0,28.17857142857143,0.1111111111111111,4.212301587301588,9.310067906309,0.4867298173749785,7.666666666666667,0.6666666666666666,-0.0462962962962962,0.0537037037037037,0.0826477187733734,0.0367454127896993,-0.2068965517241379,0.0,0.0306299790378759,0.0257951198141735,4.220645950303489,0,소떡소떡
30.571428571428573,29.071428571428573,0.1322751322751323,3.4761904761904763,9.175882961816807,0.4552483358934971,7.666666666666667,0.6666666666666666,-0.1578947368421053,-0.1272824919441462,-0.0341431144106729,0.01983315888052,-0.1153846153846153,0.0,0.0996029800063091,0.0257951198141735,4.220645950303489,0,소떡소떡
32.0,30.321428571428573,0.1851851851851851,4.111111111111111,9.13240199840626,0.4936081242532855,8.333333333333334,0.6666666666666666,0.0097087378640774,0.0560050341603737,0.0356892932120362,-0.0075037040543807,-0.0384615384615383,0.0,0.0138452965309623,0.0257951198141735,4.220645950303489,0,소떡소떡
32.0,31.142857142857142,0.1144278606965174,4.694444444444444,9.150181588977958,0.5888888888888888,8.333333333333334,0.3333333333333333,0.4750000000000001,0.6328947368421054,0.2102301790281329,-0.0142018359395776,0.0869565217391303,0.0,0.2122173552740618,0.0257951198141735,4.220645950303489,0,소떡소떡
32.0,31.642857142857142,0.0666666666666666,4.837962962962963,9.167722770368917,0.5624999999999999,8.666666666666666,1.0,0.2019230769230768,0.1922143390589994,0.1485319516407597,-0.0152893767663737,0.1304347826086955,0.5,0.1556719558166037,0.0257951198141735,4.220645950303489,0,소떡소떡
32.0,32.0,0.0467289719626167,4.851851851851852,8.78103995330728,0.5636843238587425,8.333333333333334,1.0,0.0169491525423728,-0.4580508474576272,0.395738203957382,-0.0430305192592984,0.0869565217391303,0.5,0.2381908497313285,0.0257951198141735,4.220645950303489,0,소떡소떡
33.714285714285715,32.42857142857143,0.0535714285714286,9.110185185185186,8.101847682509742,0.6105844848893381,9.0,1.6666666666666667,1.072,0.8700769230769232,1.2159909909909912,-0.1128459211581318,0.0799999999999998,1.5000000000000004,0.2369822433798283,0.0257951198141735,4.220645950303489,0,소떡소떡
34.0,32.92857142857143,0.0625,12.16742424242424,4.278681191302967,0.7240945858994392,9.333333333333334,1.3333333333333333,2.058333333333333,2.0413841807909603,1.591877353415815,-0.5323938492699487,0.1199999999999998,3.0,0.2295945798292364,0.0257951198141735,4.220645950303489,1,소떡소떡
34.0,33.42857142857143,0.0625,12.842424242424244,8.16209577237182,0.6396770288074635,8.333333333333334,1.3333333333333333,0.3938223938223939,-0.6781776061776061,1.6545106568073078,-0.1096921256440468,-0.0384615384615383,0.3333333333333332,0.1372036067688242,0.0257951198141735,4.220645950303489,1,소떡소떡
34.0,33.92857142857143,0.0625,7.792424242424243,8.860463584259179,0.5258253008253008,7.333333333333333,0.3333333333333333,-0.4468664850136239,-2.505199818346957,0.6060721721027065,0.0090449003050014,-0.1200000000000001,-0.6666666666666667,-0.0671635194221385,0.0257951198141735,4.220645950303489,0,소떡소떡
31.428571428571427,33.357142857142854,-0.0677966101694915,4.8,9.283830706671893,0.4303707553707553,6.666666666666667,0.0,-0.7423822714681441,-1.136204665290538,-0.4731171867059661,0.1458905512027599,-0.2592592592592592,-1.0,-0.2951495394633956,0.0257951198141735,4.220645950303489,0,소떡소떡
28.000000000000004,31.857142857142858,-0.176470588235294,3.1666666666666665,9.305156528255829,0.4298076923076923,7.333333333333333,0.0,-0.625615763546798,-0.1787492785331741,-0.7397422327376876,1.1747721113622327,-0.2142857142857144,-1.0,-0.406420513731913,0.0257951198141735,4.220645950303489,0,소떡소떡
28.000000000000004,30.357142857142858,-0.176470588235294,3.9583333333333335,8.919730078194318,0.4819444444444443,7.666666666666667,0.3333333333333333,0.021505376344086,0.7638876478122301,-0.6917767815007079,0.0928235010898845,-0.08,-0.75,-0.2465815986187227,0.0257951198141735,4.220645950303489,0,소떡소떡
30.428571428571427,29.464285714285715,-0.1050420168067227,4.041666666666667,8.2544966606433,0.4919444444444443,8.0,1.0,0.381578947368421,1.007194710915219,-0.4813338518374489,-0.0683899795821512,0.090909090909091,2.0,-0.0644336746970509,0.0257951198141735,4.220645950303489,0,소떡소떡
45.0,32.85714285714286,0.4318181818181819,4.351190476190476,8.307864662912143,0.4659523809523808,8.0,1.0,0.1473684210526316,0.1258630447085456,-0.093501984126984,-0.1051253598429324,0.1999999999999999,0.0,0.0826766808329544,0.0257951198141735,4.220645950303489,1,소떡소떡
45.0,37.10714285714286,0.607142857142857,4.328042328042328,8.467865342442458,0.46021164021164,8.0,0.6666666666666666,0.0857142857142856,-0.2958646616541354,0.3667502088554721,-0.0899814187188435,0.090909090909091,0.0,0.0707384917675741,0.0257951198141735,4.220645950303489,1,소떡소떡
45.0,41.35714285714286,0.607142857142857,4.423280423280423,9.070124832991636,0.4525925925925924,7.333333333333333,0.0,-0.0458715596330276,-0.1932399806856592,0.1174603174603174,0.0168609087359021,-0.0434782608695653,-1.0,-0.0609029779058598,0.0257951198141735,4.220645950303489,1,소떡소떡
37.142857142857146,43.035714285714285,0.2206572769953052,4.328042328042328,9.095283221882354,0.5225781625781624,7.0,0.6666666666666666,-0.1052631578947368,-0.1909774436090224,0.0708558337424316,0.1018580048917883,-0.125,-0.3333333333333333,0.0622706862119621,0.0257951198141735,4.220645950303489,0,소떡소떡
34.0,40.285714285714285,-0.2444444444444444,4.101190476190476,9.243997596275497,0.5317377067377066,7.0,0.6666666666666666,-0.125,-0.0791284403669723,-0.0574555403556771,0.1126803301866994,-0.125,-0.3333333333333333,0.1411846542148023,0.0257951198141735,4.220645950303489,0,소떡소떡
34.0,37.535714285714285,-0.2444444444444444,8.577380952380953,9.051243793057864,0.6351171230203486,6.666666666666667,0.6666666666666666,0.8137254901960784,0.9189886480908152,0.9818154034229828,0.0688932129909303,-0.1666666666666666,0.0,0.3800544521826388,0.0257951198141735,4.220645950303489,0,소떡소떡
35.285714285714285,35.10714285714286,-0.2158730158730158,9.596428571428572,9.069674254291034,0.6512042616881325,6.333333333333333,0.0,1.1318681318681325,1.2568681318681325,1.1695275119617223,-4.9677232551670336e-05,-0.1363636363636363,0.0,0.4388310200965288,0.0257951198141735,4.220645950303489,0,소떡소떡
37.0,35.07142857142857,-0.0038461538461539,9.804761904761904,9.297047226523311,0.6386103740942449,5.666666666666667,0.0,0.0162162162162162,-0.7975092739798622,1.2654034229828852,0.0221833668857649,-0.1904761904761904,-1.0,0.2220380027815027,0.0257951198141735,4.220645950303489,1,소떡소떡
37.0,35.82142857142857,0.0882352941176469,5.423809523809524,9.48235457804753,0.5435642911449361,6.0,0.0,-0.5051546391752577,-1.63702277104339,0.3224963715529754,0.0257850544950455,-0.1428571428571429,-1.0,0.0222413875438465,0.0257951198141735,4.220645950303489,1,소떡소떡
37.0,36.57142857142857,0.0882352941176469,4.390476190476191,9.495096835671754,0.5338868717900974,7.333333333333333,0.0,-0.4893617021276595,-0.5055779183438758,-0.4881332408049965,0.0490377955518464,0.0999999999999998,-1.0,-0.1593883199823725,0.0257951198141735,4.220645950303489,1,소떡소떡
37.0,37.0,0.048582995951417,4.075661375661376,9.097619864654414,0.4920456958025799,8.333333333333334,1.3333333333333333,0.0833333333333332,0.588487972508591,-0.5752939392686323,0.0030812143391101,0.3157894736842106,0.0,-0.2444065176615429,0.0257951198141735,4.220645950303489,0,소떡소떡
31.0,35.5,-0.1621621621621621,4.036700336700337,9.124115392765455,0.5552027768168039,9.666666666666666,1.6666666666666667,0.2604166666666667,0.7497783687943262,-0.5882918549261434,-0.0186007266118325,0.7058823529411762,0.0,-0.1306079585627463,0.0257951198141735,4.220645950303489,0,소떡소떡
31.0,34.0,-0.1621621621621621,4.86050986050986,8.920231486824735,0.5221530308638321,8.666666666666666,1.6666666666666667,0.2403846153846154,0.1570512820512821,-0.1038568299323348,-0.0592809609254815,0.4444444444444444,0.0,-0.0393904835727976,0.0257951198141735,4.220645950303489,0,소떡소떡
31.0,32.5,-0.1621621621621621,5.091991341991342,8.941727415310496,0.5866613545184972,8.0,0.3333333333333333,0.0743801652892561,-0.1860365013774105,0.1597811082626699,-0.0582794920302789,0.090909090909091,0.0,0.0988495606783688,0.0257951198141735,4.220645950303489,0,소떡소떡
36.0,32.25,-0.0270270270270269,7.7552910052910065,8.073673523267196,0.6035307285307284,7.0,0.0,0.4961240310077519,0.2557394156231365,0.9028300662079712,-0.1125510140696688,-0.16,-1.0,0.2265745512646022,0.0257951198141735,4.220645950303489,0,소떡소떡
38.0,34.0,0.2258064516129032,7.6759259259259265,8.571318226804719,0.5820105820105819,7.0,0.3333333333333333,0.4307692307692308,0.3563890654799746,0.901534740178497,-0.0605863847797292,-0.2758620689655172,-0.8,0.0482847102233128,0.0257951198141735,4.220645950303489,1,소떡소떡
38.0,35.75,0.2258064516129032,7.306878306878307,8.613228083300788,0.5463647144681626,7.0,0.3333333333333333,-0.1036269430051812,-0.5997509740129332,0.5033151904997526,-0.0344165287613211,-0.1923076923076923,-0.8,0.0463689420020707,0.0257951198141735,4.220645950303489,0,소떡소떡
34.57142857142857,36.64285714285714,0.1152073732718892,3.992063492063493,9.24356983828518,0.4431239737274219,7.0,0.3333333333333333,-0.564516129032258,-0.9952853598014888,-0.2160113354587317,0.0337566120007029,-0.125,0.0,-0.2446682054059683,0.0257951198141735,4.220645950303489,0,소떡소떡
32.0,35.64285714285714,-0.1111111111111111,3.769841269841271,9.271744332730648,0.4411398467432948,6.666666666666667,0.0,-0.5549132947976878,-0.4512863517925065,-0.5139007334129285,0.1483922784356808,-0.0476190476190475,0.0,-0.2690681254668967,0.0257951198141735,4.220645950303489,0,소떡소떡
32.0,34.14285714285714,-0.1578947368421053,4.055555555555556,9.643994424446126,0.4160714285714284,6.333333333333333,0.3333333333333333,-0.037037037037037,0.5274790919952209,-0.4716525934861277,0.1251471674784949,-0.0952380952380952,0.0,-0.2851136363636364,0.0257951198141735,4.220645950303489,0,소떡소떡
33.0,32.89285714285714,-0.131578947368421,4.430555555555556,9.65698547866165,0.4581691297208537,6.333333333333333,1.0,0.1298701298701299,0.6847834246678177,-0.3936459087617667,0.1211807449270365,-0.0952380952380952,2.0,-0.1614225487331468,0.0257951198141735,4.220645950303489,0,소떡소떡
39.0,34.0,0.1280991735537191,4.075,9.66635178211664,0.505523627075351,7.666666666666667,1.3333333333333333,0.217948717948718,0.2549857549857551,0.0207753479125247,0.0457379509462212,0.0952380952380953,3.0,0.1408175974390249,0.0257951198141735,4.220645950303489,1,소떡소떡
39.0,35.75,0.21875,4.875000000000001,9.339474879234295,0.4616797832315072,7.333333333333333,1.0,0.1724137931034481,0.0425436632333182,0.293157894736842,0.0073050489824821,0.0999999999999998,0.0,0.0465610545949273,0.0257951198141735,4.220645950303489,1,소떡소떡
39.0,37.5,0.21875,4.787878787878789,8.845719604805257,0.4295022295022292,8.0,1.0,0.1578947368421051,-0.0600539811066129,0.1805728518057285,-0.0827742929441516,0.2631578947368422,2.0,0.0322800365718818,0.0257951198141735,4.220645950303489,1,소떡소떡
39.0,39.0,0.1818181818181818,4.445021645021646,7.832546464596108,0.3953752453752452,9.333333333333334,1.6666666666666667,0.0784313725490195,-0.0939824205544286,0.0032650734845094,-0.1889242785025279,0.4736842105263159,0.6666666666666667,-0.1370539398493884,0.0257951198141735,4.220645950303489,1,소떡소떡
33.0,37.5,-0.1538461538461538,2.645021645021646,8.905280327781174,0.4303302003302001,11.0,1.6666666666666667,-0.1545454545454545,-0.3124401913875596,-0.3509149337370194,-0.078734094464004,0.4347826086956521,0.2500000000000002,-0.1487436446446111,0.0257951198141735,4.220645950303489,1,소떡소떡
32.0,35.75,-0.1794871794871795,2.857142857142858,8.786944958515997,0.4695767195767193,10.666666666666666,1.3333333333333333,-0.1272727272727272,-0.2057040998217467,-0.4139194139194138,-0.0591607052712152,0.4545454545454546,0.3333333333333332,0.0171047913121469,0.0257951198141735,4.220645950303489,1,소떡소떡
32.0,34.0,-0.1794871794871795,2.9583333333333344,8.67766145260064,0.4692028985507244,8.666666666666666,0.6666666666666666,-0.1075268817204301,0.0470185728250244,-0.3821202531645569,-0.0189988106918201,0.0833333333333332,-0.3333333333333333,0.0924341396190333,0.0257951198141735,4.220645950303489,1,소떡소떡
32.0,32.25,-0.1794871794871795,4.476851851851852,5.574420684025168,0.524670569611616,8.333333333333334,1.3333333333333333,0.2708333333333332,0.3981060606060604,0.0071608665541269,-0.2883003363947976,-0.1071428571428571,-0.2,0.3270192702976595,0.0257951198141735,4.220645950303489,1,소떡소떡
27.0,30.75,-0.1818181818181817,5.518518518518519,5.837603157993862,0.5200214468045984,7.666666666666667,1.3333333333333333,0.6746987951807228,0.782225676901153,1.08637934169849,-0.3444784506353265,-0.303030303030303,-0.2,0.2084242435357233,0.0257951198141735,4.220645950303489,0,소떡소떡
27.0,29.5,-0.15625,5.790954415954417,5.508606054416734,0.5721860696213951,9.0,1.3333333333333333,0.3442622950819671,0.0734289617486338,1.026834045584045,-0.3730920040556318,-0.15625,0.0,0.2185145595317601,0.0257951198141735,4.220645950303489,0,소떡소떡
26.71428571428571,28.178571428571427,-0.1651785714285715,15.022435897435898,5.733025093631699,0.6407329971006496,8.333333333333334,0.6666666666666666,1.7266187050359711,1.0519199098552483,4.078006500541711,-0.3393352431473864,-0.0384615384615383,0.0,0.365577661774358,0.0257951198141735,4.220645950303489,0,소떡소떡
25.0,26.428571428571427,-0.21875,19.18910256410257,5.964129986997503,0.7243736273386651,8.333333333333334,0.3333333333333333,1.920731707317073,1.5764694122351062,3.286293850926736,0.0699102785853855,0.0,-0.75,0.3806256140398307,0.0257951198141735,4.220645950303489,0,소떡소떡
25.0,25.928571428571427,-0.074074074074074,26.577380952380956,6.227574412010549,0.7973233908961634,7.0,0.3333333333333333,0.6147757255936677,-1.1118429794423037,3.816035474592521,0.0668033169542658,-0.0869565217391304,-0.75,0.5332509760809214,0.0257951198141735,4.220645950303489,0,소떡소떡
25.0,25.428571428571427,-0.074074074074074,20.901455026455025,6.524928982090482,0.7961761758685623,7.333333333333333,0.6666666666666666,0.0292275574112736,-1.8915041499058,2.6093281910267327,0.1844972970718923,-0.1851851851851852,-0.5,0.3914637530329554,0.0257951198141735,4.220645950303489,0,소떡소떡
25.0,25.0,-0.0641711229946523,19.74074074074074,6.734033471449491,0.783362502403009,7.333333333333333,1.0,-0.2663398692810458,-0.8811155948747135,0.3140838726501196,0.1746038716854252,-0.1200000000000001,0.5,0.2226036522978609,0.0257951198141735,4.220645950303489,0,소떡소떡
27.142857142857142,25.535714285714285,0.0857142857142856,21.555026455026454,6.422828405531871,0.80320922173784,8.0,1.0,0.1784989858012169,0.1492714283899432,0.1232951818888012,0.0769095273802522,-0.04,2.0,0.108832778311954,0.0257951198141735,4.220645950303489,0,소떡소떡
28.000000000000004,26.28571428571429,0.1200000000000001,18.905194805194803,5.973030753364879,0.7879829552781771,8.666666666666666,0.6666666666666666,0.175946547884187,0.4422864171652328,-0.2886735213274968,-0.0408736438628103,0.2380952380952379,1.0,-0.0117147392446219,0.0257951198141735,4.220645950303489,0,소떡소떡
28.000000000000004,27.03571428571429,0.1200000000000001,16.024242424242424,5.932267659933496,0.7435828990905103,9.0,0.6666666666666666,-0.1566265060240963,-0.3351254918253132,-0.2333432096492564,-0.0908303099978119,0.2272727272727273,0.0,-0.0660573355145637,0.0257951198141735,4.220645950303489,0,소떡소떡
28.000000000000004,27.78571428571429,0.1200000000000001,7.850168350168349,6.909885508431406,0.6655451850553104,8.666666666666666,0.6666666666666666,-0.5492424242424243,-0.7251889721266114,-0.6023366877025413,0.0261139238062122,0.1818181818181818,-0.3333333333333333,-0.1503994855335649,0.0257951198141735,4.220645950303489,0,소떡소떡
30.28571428571428,28.57142857142857,0.1157894736842104,18.73148148148148,6.851523494512087,0.6992316580178913,9.333333333333334,1.0,0.3040816326530611,0.4607081386771574,-0.1309924151304647,0.066745530459912,0.1666666666666667,0.0,-0.1294526518196351,0.0257951198141735,4.220645950303489,0,소떡소떡
36.0,30.57142857142857,0.2857142857142856,19.32239057239057,6.4591112342800026,0.6963724779822407,10.0,1.3333333333333333,1.7983193277310927,2.347561751973517,0.0220677846218824,0.0813792027843305,0.1538461538461539,1.0,-0.1162594656169887,0.0257951198141735,4.220645950303489,0,소떡소떡
36.0,32.57142857142857,0.2857142857142856,21.257575757575754,2.366389838039445,0.748730367301372,11.0,1.0,0.1830985915492957,-0.1209830411037653,0.3265885022692887,-0.6010986061835967,0.2222222222222223,0.5,0.0069225209686205,0.0257951198141735,4.220645950303489,0,소떡소떡
36.0,34.57142857142857,0.2857142857142856,14.376262626262628,2.157800139728957,0.7394203893035213,10.666666666666666,1.3333333333333333,-0.2687687687687687,-2.067088096499861,0.8313317606690975,-0.6877227362022105,0.2307692307692308,1.0,0.1109995322737877,0.0257951198141735,4.220645950303489,0,소떡소떡
36.0,36.0,0.188679245283019,12.66996891996892,5.506382060421227,0.7351646595575954,11.333333333333334,0.6666666666666666,-0.4193121693121693,-0.6024107608614651,-0.3236002751573683,-0.1963273475115844,0.2142857142857142,-0.3333333333333333,0.0513892658143699,0.0257951198141735,4.220645950303489,0,소떡소떡
32.0,35.0,-0.1111111111111111,10.375524475524475,7.106848329100916,0.680598608668784,10.666666666666666,0.6666666666666666,-0.2915811088295688,-0.0228123400608,-0.463031013856542,0.1002826970037644,0.0666666666666666,-0.5,-0.0226514829522871,0.0257951198141735,4.220645950303489,1,소떡소떡
32.0,34.0,-0.1111111111111111,4.984615384615385,7.715614261149951,0.6339404737753549,10.0,0.0,-0.6309794988610479,-0.2116673295488785,-0.7655134601677723,2.2605000820753784,-0.0909090909090909,-1.0,-0.1533127258344697,0.0257951198141735,4.220645950303489,1,소떡소떡
32.0,33.0,-0.1111111111111111,4.933333333333334,8.029203987034704,0.6366925717655482,8.333333333333334,0.0,-0.6057971014492753,-0.3142159926197065,-0.6568417354646057,2.721013748772515,-0.2187499999999999,-1.0,-0.1389301931946115,0.0257951198141735,4.220645950303489,1,소떡소떡
32.0,32.0,-0.1111111111111111,5.8538461538461535,7.65043809093168,0.6650122053483396,9.666666666666666,1.3333333333333333,0.1666666666666667,0.7976461655277146,-0.5379747029513224,0.3893765465207182,-0.1470588235294119,1.0,-0.0954241383848236,0.0257951198141735,4.220645950303489,1,소떡소떡
22.857142857142858,29.714285714285715,-0.2857142857142857,5.82051282051282,7.726593547259051,0.6493125921697348,11.0,1.3333333333333333,0.5294117647058822,1.1352088661551576,-0.4390150749252994,0.0872039460333522,0.03125,1.0,-0.0459683815108629,0.0257951198141735,4.220645950303489,1,소떡소떡
16.0,25.714285714285715,-0.5,5.82051282051282,7.799305358223128,0.647611911897626,13.333333333333334,1.3333333333333333,0.2486772486772488,0.082010582010582,0.1676954732510287,0.0108469778608013,0.3333333333333335,0.0,0.02156580733969,0.0257951198141735,4.220645950303489,0,소떡소떡
16.0,21.714285714285715,-0.5,4.424242424242425,8.220698400784546,0.612131080672114,12.666666666666666,0.3333333333333333,-0.1682692307692307,-0.697680995475113,-0.1031941031941031,0.0238497382877631,0.5199999999999998,0.0,-0.0385766886290587,0.0257951198141735,4.220645950303489,0,소떡소떡
16.0,17.714285714285715,-0.5,4.174242424242425,8.26346559187353,0.5453143539814377,11.0,0.3333333333333333,-0.4194915254237289,-0.6681687741009777,-0.2869231075538564,0.0801297250765928,0.1379310344827586,-0.75,-0.1799934653894105,0.0257951198141735,4.220645950303489,0,소떡소떡
17.428571428571427,16.357142857142854,-0.2375,6.54090909090909,7.890063957936767,0.5720625307296144,9.666666666666666,0.6666666666666666,0.1098265895953758,0.2780958203646065,0.123768522226672,0.021156853881062,-0.1212121212121212,-0.5,-0.1189720673396808,0.0257951198141735,4.220645950303489,0,소떡소떡
21.0,17.607142857142854,0.3125,6.545238095238094,7.679348893848926,0.5437182981300627,9.666666666666666,0.3333333333333333,0.4963503649635037,0.9158418903872326,0.1245122718690998,-0.0153804036211669,-0.275,-0.75,-0.1604257300690089,0.0257951198141735,4.220645950303489,1,소떡소떡
21.0,18.85714285714285,0.3125,6.417460317460317,7.100768472896417,0.583480524859835,11.333333333333334,0.3333333333333333,0.1927083333333332,0.0828817437379574,0.4505218525766468,-0.1362329419336498,-0.1052631578947367,0.0,-0.0468046088769432,0.0257951198141735,4.220645950303489,1,소떡소떡
21.0,20.10714285714285,0.3125,12.356349206349208,7.076019464511162,0.5977871946420091,11.666666666666666,1.0,1.2682926829268295,0.7719423179633258,1.960141733644456,-0.1436983205363774,0.0606060606060605,2.0,0.0962249393903862,0.0257951198141735,4.220645950303489,1,소떡소떡
21.0,21.0,0.2049180327868853,14.647076023391811,6.130077883227561,0.6894109080134881,14.0,1.6666666666666667,1.6943231441048034,1.5016148107714702,1.2393027971829045,-0.2230636005097021,0.4482758620689655,1.5000000000000004,0.2051320808132746,0.0257951198141735,4.220645950303489,1,소떡소떡
15.857142857142858,19.714285714285715,-0.2448979591836734,16.069298245614036,5.079605531582212,0.7260040868339139,14.333333333333334,2.0,0.4645161290322581,-0.8037765538945714,1.455112864007965,-0.3385369512705797,0.4827586206896552,5.0,0.3352577783951034,0.0257951198141735,4.220645950303489,0,소떡소떡
15.0,18.214285714285715,-0.2857142857142857,7.985964912280701,6.6265416238551405,0.6412984466527695,15.333333333333334,1.3333333333333333,-0.3452188006482982,-2.039541944753102,0.2444120442089641,-0.0667852854027556,0.3529411764705883,3.0,0.0990914337831987,0.0257951198141735,4.220645950303489,0,소떡소떡
15.0,16.714285714285715,-0.2857142857142857,5.777777777777778,7.797480891589409,0.5434188976136901,13.333333333333334,1.0,-0.6182085168869309,-1.082724645919189,-0.532404136424947,0.1019586549608351,0.142857142857143,0.0,-0.0909492500268059,0.0257951198141735,4.220645950303489,0,소떡소떡
15.0,15.214285714285715,-0.2857142857142857,3.9,8.59774580325458,0.4624516473255967,13.0,0.6666666666666666,-0.5717821782178218,-0.2265633775695236,-0.7337352524304793,0.4025508267649875,-0.0714285714285714,-0.6000000000000001,-0.3292075278325174,0.0257951198141735,4.220645950303489,0,소떡소떡
19.0,16.0,0.1981981981981981,3.2535353535353533,8.763642363178127,0.4471558320297815,11.666666666666666,0.3333333333333333,-0.4884615384615385,0.1297469784253924,-0.7975309622233582,0.7252604180955757,-0.186046511627907,-0.8333333333333334,-0.3840863431226439,0.0257951198141735,4.220645950303489,0,소떡소떡
22.0,17.75,0.4666666666666665,2.885281385281385,8.616193456829349,0.4559910327767469,12.0,0.3333333333333333,-0.3468208092485549,0.2249613689692668,-0.6387059776778581,0.3002549362719739,-0.2173913043478261,-0.75,-0.288956592430914,0.0257951198141735,4.220645950303489,0,소떡소떡
22.0,19.5,0.4666666666666665,2.896392496392496,8.17986135952292,0.4806837168679272,12.333333333333334,1.0,-0.1278195488721805,0.360641989589358,-0.4987012987012987,0.0490389746701347,-0.0749999999999999,0.0,-0.1154453424811894,0.0257951198141735,4.220645950303489,0,소떡소떡
22.0,21.25,0.4666666666666665,3.505820105820106,8.316249559533375,0.490817575782274,12.0,1.0,0.1238938053097347,0.4707146145582896,-0.1010717677384344,-0.0327407032218431,-0.0769230769230768,0.5,0.0613381498816585,0.0257951198141735,4.220645950303489,0,소떡소떡
22.857142857142858,22.214285714285715,0.2030075187969924,3.393265993265993,8.440665676294126,0.4693264035558075,11.0,0.6666666666666666,-0.0258620689655172,0.1019574799066632,0.0429473248473559,-0.0368541610325222,-0.057142857142857,1.0,0.0495813091051209,0.0257951198141735,4.220645950303489,0,소떡소떡
25.0,22.964285714285715,0.1363636363636364,4.358345358345358,8.519827200847077,0.4125177151681718,8.666666666666666,0.0,-0.110236220472441,-0.2341300257821758,0.5105443027423522,-0.0111843189762516,-0.2777777777777778,-1.0,-0.0953380976460114,0.0257951198141735,4.220645950303489,0,소떡소떡
25.0,23.714285714285715,0.1363636363636364,3.876863876863877,8.5546014546695,0.3568331107030795,8.666666666666666,0.0,-0.1150442477876104,-0.0891821788220932,0.3385146804835925,0.0458125240362796,-0.2972972972972973,-1.0,-0.2576550896540498,0.0257951198141735,4.220645950303489,0,소떡소떡
25.0,24.464285714285715,0.1363636363636364,3.872201872201873,8.717447080329636,0.3824604245656875,9.666666666666666,0.6666666666666666,-0.0619469026548671,0.0482893178175739,0.1045067217720403,0.0482426023803417,-0.1944444444444445,-0.3333333333333333,-0.2207686858888149,0.0257951198141735,4.220645950303489,0,소떡소떡
25.0,25.0,0.09375,2.911162911162912,8.743957387685198,0.3930550930550928,10.666666666666666,0.6666666666666666,-0.04,0.0750442477876104,-0.1420764193139663,0.0359322028643873,-0.0303030303030303,0.0,-0.1625122940513303,0.0257951198141735,4.220645950303489,0,소떡소떡
26.71428571428571,25.428571428571427,0.0685714285714285,4.055944055944056,8.2953648743392,0.5232859732859731,11.333333333333334,1.3333333333333333,0.320754716981132,0.3827016196359991,-0.0693844286163013,-0.0263458778231512,0.3076923076923079,0.0,0.2685175788696596,0.0257951198141735,4.220645950303489,0,소떡소떡
27.0,25.92857142857143,0.08,4.081585081585081,8.012484407999322,0.4953310014285622,11.0,1.0,0.46875,0.50875,0.0528058789845389,-0.0633713971998386,0.2692307692307694,0.0,0.3881307159321505,0.0257951198141735,4.220645950303489,0,소떡소떡
27.0,26.42857142857143,0.08,4.266433566433566,7.915496732321398,0.5020619049336593,11.0,1.6666666666666667,0.0285714285714286,-0.2921832884097033,0.1018107286869109,-0.0919937156622134,0.1379310344827586,1.5000000000000004,0.3127159640210832,0.0257951198141735,4.220645950303489,0,소떡소떡
27.0,26.92857142857143,0.08,2.8846153846153846,8.336783938336792,0.4060461922512799,12.0,1.3333333333333333,-0.2340425531914893,-0.7027925531914894,-0.0091192170818505,-0.0465662664278144,0.125,1.0,0.0330515986835622,0.0257951198141735,4.220645950303489,0,소떡소떡
28.714285714285715,27.428571428571427,0.0748663101604278,2.525641025641026,8.413144202162815,0.4008577642986243,12.333333333333334,1.6666666666666667,-0.3472222222222222,-0.3757936507936509,-0.3772988505747126,0.0141982094347594,0.0882352941176469,0.2500000000000002,-0.2339604255366546,0.0257951198141735,4.220645950303489,0,소떡소떡
30.0,28.178571428571427,0.1111111111111111,4.087545787545788,8.043931073873933,0.5129957594789397,13.666666666666666,1.3333333333333333,0.5925925925925926,0.8266351457840819,0.0014603899812353,0.003924708526511,0.2424242424242424,0.3333333333333332,0.0356625327294908,0.0257951198141735,4.220645950303489,1,소떡소떡
30.0,28.928571428571427,0.1111111111111111,4.569597069597069,8.143140344825808,0.5255123786622257,13.333333333333334,1.0,0.9787234042553192,1.325945626477541,0.0710578281468299,0.0287592327054941,0.2121212121212121,-0.4,0.0467083311801261,0.0257951198141735,4.220645950303489,1,소떡소떡
30.0,29.678571428571427,0.1111111111111111,4.606456043956044,8.152507463587021,0.516027573344087,14.0,0.3333333333333333,0.127906976744186,-0.4646856158484065,0.5969047619047618,-0.0221040242991512,0.1666666666666667,-0.75,0.2708592844647228,0.0257951198141735,4.220645950303489,1,소떡소떡
28.000000000000004,29.5,-0.0248756218905471,3.201694139194139,8.582178210081173,0.4175915750915749,13.666666666666666,0.0,-0.2741935483870967,-1.252916952642416,0.2676758520667148,0.0200916570376747,0.1081081081081081,-1.0,0.0417450085374533,0.0257951198141735,4.220645950303489,1,소떡소떡
16.0,26.0,-0.4666666666666667,3.509386446886447,8.77676517076823,0.4756230060262316,13.333333333333334,0.0,-0.2422680412371134,-0.3701750179812995,-0.1414441258177257,0.0911039751788134,-0.0243902439024389,-1.0,-0.07285197345621,0.0257951198141735,4.220645950303489,0,소떡소떡
16.0,22.5,-0.4666666666666667,3.891330891330892,8.895025068476423,0.5100118949151206,12.666666666666666,0.0,0.1999999999999999,0.4741935483870967,-0.1484301937207747,0.0923335091637425,-0.05,-1.0,-0.0294959441042359,0.0257951198141735,4.220645950303489,0,소떡소떡
16.0,19.0,-0.4666666666666667,3.9865689865689866,8.898034356489804,0.5434510483542739,12.666666666666666,0.3333333333333333,0.1292517006802722,0.3715197419173857,-0.1345691897354339,0.0914475572371642,-0.0952380952380952,0.0,0.0531434295893737,0.0257951198141735,4.220645950303489,0,소떡소떡
16.0,16.0,-0.4285714285714286,3.277777777777777,8.75878600729497,0.479156871156871,13.0,1.0,-0.1296296296296296,-0.3296296296296296,0.0237635561911571,0.0205784350884654,-0.0487804878048779,0.0,0.1474294495807182,0.0257951198141735,4.220645950303489,0,소떡소떡
22.857142857142858,17.714285714285715,0.4285714285714286,3.348484848484848,8.67706581883957,0.4865414865414864,12.333333333333334,2.0,-0.2168674698795181,-0.3461191705597903,-0.0458489256845315,-0.0113594644483275,-0.0749999999999999,0.0,0.0229561656541326,0.0257951198141735,4.220645950303489,0,소떡소떡
24.0,19.714285714285715,0.5,2.8405483405483403,8.876109534505057,0.448181698181698,11.666666666666666,1.6666666666666667,-0.2624113475177305,-0.1327817178881009,-0.2700316627207121,-0.0021265295854423,-0.0789473684210526,0.0,-0.1212328523116362,0.0257951198141735,4.220645950303489,0,소떡소떡
24.0,21.714285714285715,0.5,3.326262626262626,8.835127164588387,0.4797477590160515,10.666666666666666,1.0,-0.1692307692307693,0.0476367006487488,-0.1656327439788389,-0.0070697852335819,-0.1578947368421053,2.0,-0.1172199217043269,0.0257951198141735,4.220645950303489,0,소떡소떡
24.0,23.714285714285715,0.5,3.477777777777778,8.522495608721824,0.5139927732610658,12.0,0.0,0.2403846153846154,0.502795962902346,0.0610169491525425,-0.0269775284356011,-0.0769230769230768,-1.0,0.0727024993298905,0.0257951198141735,4.220645950303489,0,소떡소떡
30.85714285714285,25.71428571428571,0.3499999999999996,3.609090909090909,8.555249854819293,0.5144978237661163,12.0,0.3333333333333333,0.2129629629629628,0.3821937321937321,0.0778280542986424,-0.0140388429180507,-0.027027027027027,-0.8333333333333334,0.0574593081945666,0.0257951198141735,4.220645950303489,0,소떡소떡
40.0,29.71428571428571,0.6666666666666667,3.393939393939394,8.625972165813687,0.5152330320751372,12.333333333333334,0.3333333333333333,-0.0077519379844961,-0.2481365533691115,0.1948183896367794,-0.0281809691192952,0.0571428571428571,-0.8,0.1496074787646857,0.0257951198141735,4.220645950303489,1,소떡소떡
40.0,33.71428571428571,0.6666666666666667,5.764309764309765,8.657505843636576,0.5581959950381001,10.0,0.6666666666666666,0.2824427480916032,0.0694797851286403,0.7329689239801602,-0.0201039914472002,-0.0625,-0.3333333333333333,0.1635197550123914,0.0257951198141735,4.220645950303489,1,소떡소떡
40.0,37.71428571428571,0.6666666666666667,15.563552188552189,7.783351747375612,0.6949045199761971,11.666666666666666,1.3333333333333333,4.093750000000001,4.101501937984497,3.475142801820118,-0.086728570512818,-0.0277777777777777,0.0,0.35197332749899,0.0257951198141735,4.220645950303489,1,소떡소떡
40.0,40.0,0.2962962962962965,25.79800194931774,5.9061730286972,0.8185225017565338,14.333333333333334,2.0,6.517857142857143,6.23541439476554,6.148060993513732,-0.3096434202479581,0.1944444444444444,5.0,0.5909153818474129,0.0257951198141735,4.220645950303489,1,소떡소떡
33.0,38.25,-0.175,24.149853801169588,4.6526649788984775,0.7877584043257698,17.333333333333332,2.333333333333333,0.9539877300613496,-3.139762269938651,6.115581923558897,-0.4606213781516889,0.4054054054054052,6.000000000000001,0.5289361420656933,0.0257951198141735,4.220645950303489,0,소떡소떡
33.0,36.5,-0.175,14.597076023391812,5.583044208549113,0.6911431194809129,16.666666666666668,1.6666666666666667,-0.3570863024544735,-6.874943445311617,1.532319847515986,-0.3551209425226375,0.6666666666666667,1.5000000000000004,0.238172838258609,0.0257951198141735,4.220645950303489,0,소떡소떡
33.0,34.75,-0.175,4.444444444444445,6.155560744795531,0.5509252842586174,13.666666666666666,1.0,-0.8430141287284144,-1.797001858789764,-0.7144325157521836,-0.2091375355262517,0.1714285714285714,-0.25,-0.2071928323656773,0.0257951198141735,4.220645950303489,0,소떡소떡
33.0,33.0,-0.175,4.988888888888889,5.97067705999655,0.5983085649752314,12.666666666666666,0.6666666666666666,-0.7463054187192117,-0.3892191162647382,-0.8066172373081464,0.0109214597990838,-0.1162790697674419,-0.6666666666666667,-0.2690383420232521,0.0257951198141735,4.220645950303489,0,소떡소떡
30.85714285714285,32.464285714285715,-0.0649350649350651,4.979166666666667,6.111943533897513,0.5843516885183551,13.0,0.3333333333333333,0.0449999999999999,0.8880141287284143,-0.7938220782758725,0.3136435917087072,-0.25,-0.8571428571428572,-0.258209515367224,0.0257951198141735,4.220645950303489,0,소떡소떡
30.0,31.71428571428571,-0.0909090909090909,4.606944444444444,7.973039271172633,0.5709786380485303,13.666666666666666,0.6666666666666666,-0.0145631067961164,0.7317423119230952,-0.6843926525379592,0.4280809847365721,-0.18,-0.6000000000000001,-0.1738633837845811,0.0257951198141735,4.220645950303489,0,소떡소떡
30.0,30.96428571428571,-0.0909090909090909,2.9160353535353534,8.61718234878979,0.4617668621700878,12.666666666666666,0.3333333333333333,-0.444976076555024,-0.4899760765550239,-0.3438920454545455,0.3999020895172769,-0.073170731707317,-0.6666666666666667,-0.1618339630364041,0.0257951198141735,4.220645950303489,0,소떡소떡
30.0,30.21428571428571,-0.0909090909090909,2.436868686868687,8.95613094174186,0.3988006617038873,12.0,0.3333333333333333,-0.5714285714285714,-0.5568654646324549,-0.5115407977323345,0.5000193197096201,-0.0526315789473683,-0.5,-0.3334531961440385,0.0257951198141735,4.220645950303489,0,소떡소떡
30.85714285714285,30.214285714285715,0.0,2.4646464646464645,8.706678441160546,0.4386752136752135,12.0,0.3333333333333333,-0.2413793103448276,0.2035967662101964,-0.5050082414099151,0.4245351569222371,-0.0769230769230768,0.0,-0.249295890994188,0.0257951198141735,4.220645950303489,0,소떡소떡
33.0,30.964285714285715,0.1,3.022222222222222,8.394331384775034,0.4422105672105671,11.666666666666666,1.0,0.1724137931034481,0.7438423645320196,-0.3439855290925535,0.052839588427167,-0.1463414634146341,0.5,-0.2255216960096124,0.0257951198141735,4.220645950303489,0,소떡소떡
33.0,31.714285714285715,0.1,3.483760683760684,8.726410818185402,0.526126651126651,11.666666666666666,1.0,0.3636363636363637,0.6050156739811914,0.1946908255200095,0.0126756595107857,-0.0789473684210526,2.0,0.1393772360669243,0.0257951198141735,4.220645950303489,0,소떡소떡
33.0,32.464285714285715,0.1,3.7430199430199433,8.752992161074758,0.5271720513655996,10.666666666666666,0.6666666666666666,0.1666666666666665,-0.0057471264367816,0.5359957486382358,-0.0226815331294825,-0.1111111111111111,1.0,0.3218936225262061,0.0257951198141735,4.220645950303489,0,소떡소떡
33.0,33.0,0.0694444444444446,3.10968660968661,9.173277026327538,0.536599660793209,11.0,0.0,-0.125,-0.4886363636363637,0.2617171080285836,0.053590882943507,-0.0833333333333333,-1.0,0.2232276729236333,0.0257951198141735,4.220645950303489,0,소떡소떡
33.0,33.0,0.0,2.9814814814814814,9.190920106015035,0.5280708632019114,11.666666666666666,0.3333333333333333,-0.084033613445378,-0.2507002801120446,-0.0134803921568626,0.0948960297999181,0.0,-0.6666666666666667,0.1941615654572548,0.0257951198141735,4.220645950303489,0,소떡소떡
33.0,33.0,0.0,2.833333333333333,9.352883415322108,0.495358796296296,12.0,0.6666666666666666,0.0285714285714284,0.1535714285714284,-0.1867026496565259,0.0717904084725382,0.0285714285714286,-0.3333333333333333,-0.058479939696019,0.0257951198141735,4.220645950303489,0,소떡소떡
33.0,33.0,0.0,3.466666666666667,8.892027122309113,0.5389614898989897,13.0,0.6666666666666666,0.3211009174311925,0.4051345308765706,-0.0738316334297458,0.0158842780475292,0.21875,0.0,0.0223635500077259,0.0257951198141735,4.220645950303489,0,소떡소떡
33.0,33.0,0.0,3.4250000000000003,8.015621209838725,0.5086550285463328,13.0,1.3333333333333333,0.3148148148148149,0.2862433862433864,0.101397159871736,-0.1261987197341049,0.1818181818181818,0.0,-0.0520772454562643,0.0257951198141735,4.220645950303489,0,소떡소떡
31.857142857142858,32.714285714285715,-0.0346320346320345,11.091666666666669,5.162290800072691,0.6505424929337972,13.666666666666666,1.6666666666666667,1.9444444444444449,1.623343527013252,2.720186335403727,-0.4383270945099164,0.1714285714285714,4.000000000000001,0.2319227176998362,0.0257951198141735,4.220645950303489,0,소떡소떡
31.0,32.214285714285715,-0.0606060606060605,12.342948717948715,4.95240997144219,0.7035398100820577,13.0,1.6666666666666667,2.2676056338028165,1.9527908189880017,3.356334841628959,-0.4704937769961893,0.0833333333333332,1.5000000000000004,0.4202630807049188,0.0257951198141735,4.220645950303489,0,소떡소떡
31.0,31.71428571428571,-0.0606060606060605,12.230769230769232,7.736289164153958,0.6957550224059657,12.0,0.6666666666666666,0.0636792452830188,-1.8807651991614256,2.52810650887574,-0.129974632584682,-0.0769230769230768,0.0,0.290917877149927,0.0257951198141735,4.220645950303489,0,소떡소떡
31.0,31.214285714285715,-0.0606060606060605,9.564102564102564,7.736000179811595,0.6839910148086248,12.666666666666666,1.0,-0.1185344827586205,-2.386140116561437,1.7924387048474637,-0.0348845114691687,-0.0256410256410256,-0.25,0.3447051074347549,0.0257951198141735,4.220645950303489,0,소떡소떡
29.85714285714286,30.714285714285715,-0.0627802690582958,8.023931623931624,7.81920348994037,0.6150989006334916,13.666666666666666,2.0,-0.2106430155210643,-0.2743222608040832,-0.2765801691421526,0.5146770673651833,0.0,0.1999999999999999,-0.0544831316713273,0.0257951198141735,4.220645950303489,0,소떡소떡
27.0,29.714285714285715,-0.1290322580645161,9.427777777777775,5.650989681012825,0.682028884230142,13.333333333333334,2.333333333333333,-0.0122249388753057,0.1063095438833148,-0.2361810785077469,0.1410585378833653,0.0256410256410257,0.4000000000000001,-0.0305752788167122,0.0257951198141735,4.220645950303489,0,소떡소떡
27.0,28.714285714285715,-0.1290322580645161,9.05,5.677923367932813,0.67864236200304,13.666666666666666,2.0,0.0870786516853932,0.2977216672064575,-0.2600628930817611,-0.2660662951636514,0.1388888888888888,2.0,-0.0245958129684051,0.0257951198141735,4.220645950303489,0,소떡소떡
27.0,27.714285714285715,-0.1290322580645161,9.3484126984127,5.052902466066584,0.6659796949885776,13.333333333333334,1.3333333333333333,-0.0198019801980197,-0.0075770413227139,-0.0225520234903611,-0.3468326850284995,0.0526315789473685,0.3333333333333332,-0.0263326848307892,0.0257951198141735,4.220645950303489,0,소떡소떡
26.857142857142858,26.964285714285715,-0.1004784688995216,8.0359126984127,5.4573389025666765,0.6189117937540096,15.0,1.3333333333333333,-0.0697674418604651,-0.1568460935458583,0.0014931675695417,-0.3020594860349012,0.0975609756097561,-0.3333333333333333,0.006198829353444,0.0257951198141735,4.220645950303489,0,소떡소떡
26.0,26.714285714285715,-0.037037037037037,3.108134920634921,6.109174329052577,0.4755081925243214,13.666666666666666,1.0,-0.6666666666666667,-0.646864686468647,-0.6703215758902263,0.0810804255366524,0.0249999999999999,-0.5714285714285714,-0.3028034390932522,0.0257951198141735,4.220645950303489,0,소떡소떡
26.0,26.464285714285715,-0.037037037037037,2.898611111111111,5.949993229168581,0.4708918128654969,12.333333333333334,1.3333333333333333,-0.7,-0.6302325581395348,-0.6797114794352364,0.0479171421672113,-0.0975609756097559,-0.3333333333333333,-0.3061267035030925,0.0257951198141735,4.220645950303489,0,소떡소떡
26.0,26.214285714285715,-0.037037037037037,2.766666666666666,6.6151294631342425,0.4385642266586004,11.0,1.0,-0.303030303030303,0.3636363636363637,-0.704049579760591,0.3091741840573798,-0.175,-0.25,-0.3414750780560623,0.0257951198141735,4.220645950303489,1,소떡소떡
26.0,26.0,-0.0319148936170212,2.9055555555555554,7.693610392801528,0.4396753377697115,10.0,0.6666666666666666,-0.1944444444444444,0.5055555555555555,-0.6384286807733144,0.4097732484935279,-0.3333333333333333,-0.5,-0.2895993545334453,0.0257951198141735,4.220645950303489,1,소떡소떡
30.28571428571428,27.07142857142857,0.1648351648351647,3.5972222222222228,7.688994076550587,0.4814726501997228,9.0,1.0,0.0434782608695651,0.3465085638998681,0.1573571656559209,0.2585979155947597,-0.3414634146341463,0.0,0.0125433331521334,0.0257951198141735,4.220645950303489,1,소떡소떡
27.285714285714285,27.392857142857142,0.0494505494505495,3.919871794871795,7.441984744851057,0.5452202053265882,9.0,1.3333333333333333,0.2758620689655173,0.4703065134099617,0.3523275957391916,0.2507551619333452,-0.2702702702702703,0.0,0.1578460071513752,0.0257951198141735,4.220645950303489,1,소떡소떡
21.0,26.142857142857142,-0.1923076923076923,5.419871794871796,3.654831818971713,0.6376364310761473,9.333333333333334,2.0,0.6041666666666667,0.5606884057971016,0.958989805375348,-0.4475041132089867,-0.1515151515151515,1.0,0.4539180177422777,0.0257951198141735,4.220645950303489,0,소떡소떡
21.0,24.892857142857142,-0.1923076923076923,4.705982905982906,4.57898162864124,0.6272092105425437,11.666666666666666,1.3333333333333333,0.4684684684684685,0.1926063995029512,0.6196499485218416,-0.4048331804109119,0.1666666666666665,1.0,0.4265280689249318,0.0257951198141735,4.220645950303489,0,소떡소떡
21.0,22.571428571428573,-0.3066037735849055,4.5777777777777775,5.623349078533962,0.6205114638447969,11.0,1.6666666666666667,-0.0324675324675325,-0.6366341991341993,0.2725868725868723,-0.268649575932995,0.2222222222222223,0.6666666666666667,0.288778217386592,0.0257951198141735,4.220645950303489,0,소떡소떡
21.0,21.0,-0.2303664921465968,4.611111111111111,6.328958748118143,0.6431187122736417,11.333333333333334,1.3333333333333333,-0.0368098159509202,-0.5052782844193888,0.1763423276097027,-0.1495603706394308,0.2592592592592593,0.0,0.1795577383057769,0.0257951198141735,4.220645950303489,0,소떡소떡
29.0,23.0,0.3809523809523809,8.283333333333333,6.706101157728491,0.7097943467458864,10.666666666666666,1.6666666666666667,0.8657718120805371,0.8982393445480696,0.5283264340626845,0.8348590276898851,0.1428571428571428,-0.1666666666666666,0.1131646690073169,0.0257951198141735,4.220645950303489,0,소떡소떡
29.0,25.0,0.3809523809523809,11.30897435897436,6.890397067222072,0.8065845911794428,11.333333333333334,1.0,1.5796178343949046,1.6164276503458248,1.4031057028695968,0.5047881005075614,-0.0285714285714284,-0.25,0.2859897106449331,0.0257951198141735,4.220645950303489,0,소떡소떡
29.0,27.0,0.3809523809523809,10.173076923076922,7.042043572584832,0.7580141084540305,12.0,1.0,0.3741007194244603,-0.4916710926560768,1.2222740851381628,0.2522863998371467,0.0909090909090908,-0.4,0.2215956555536351,0.0257951198141735,4.220645950303489,0,소떡소떡
29.0,29.0,0.3809523809523809,6.784188034188034,7.191566640722626,0.6714250540683661,11.666666666666666,0.6666666666666666,-0.3580246913580246,-1.937642525752929,0.4712696941612606,0.1362953886942257,0.0294117647058822,-0.5,0.0440141784938148,0.0257951198141735,4.220645950303489,0,소떡소떡
29.714285714285715,29.178571428571427,0.0246305418719212,12.133547008547009,6.862644490378788,0.6864866614866614,12.666666666666666,2.0,0.4476439790575917,0.0735432596331313,0.4648145281948097,0.0233434195172983,0.1875,0.1999999999999999,-0.0328372371040726,0.0257951198141735,4.220645950303489,0,소떡소떡
30.0,29.428571428571427,0.0344827586206897,12.259920634920634,6.347853362152788,0.6917964102174627,13.0,2.333333333333333,1.1615384615384614,1.519563152896486,0.0840877559503565,-0.0787391060016249,0.1470588235294117,1.3333333333333337,-0.1423138778217036,0.0257951198141735,4.220645950303489,0,소떡소떡
30.0,29.678571428571427,0.0344827586206897,12.3765873015873,5.118496569136071,0.7164073848284372,14.0,2.6666666666666665,0.0506329113924048,-0.3970110676651868,0.2166021544093377,-0.2731518178810003,0.1666666666666667,1.6666666666666663,-0.0548891150726075,0.0257951198141735,4.220645950303489,0,소떡소떡
30.0,29.928571428571427,0.0344827586206897,4.084920634920635,5.853763096202259,0.6174045358255883,12.666666666666666,1.6666666666666667,-0.697508896797153,-1.8590473583356144,-0.3978762654668166,-0.186023937669573,0.0857142857142856,1.5000000000000004,-0.0804565124811045,0.0257951198141735,4.220645950303489,0,소떡소떡
28.857142857142858,29.714285714285715,-0.0288461538461538,3.883333333333333,6.265154831795002,0.6029067529067528,13.0,1.0,-0.7160068846815835,-0.7666397960739884,-0.6799506912036629,-0.0870640551789397,0.0263157894736842,-0.5,-0.1217502294930352,0.0257951198141735,4.220645950303489,0,소떡소떡
26.0,28.714285714285715,-0.1333333333333333,3.1833333333333336,6.602725452454615,0.5431204960616723,12.0,0.6666666666666666,-0.2647058823529412,0.4328030144442117,-0.7403463343583103,0.0401509101992536,-0.0769230769230768,-0.7142857142857143,-0.21491281533111,0.0257951198141735,4.220645950303489,0,소떡소떡
26.0,27.714285714285715,-0.1333333333333333,3.039393939393939,7.614191248026026,0.4963646831768272,11.666666666666666,0.6666666666666666,-0.2909090909090909,0.4250977937724925,-0.7544239081960714,0.4875835404362092,-0.1666666666666667,-0.75,-0.3071474503355449,0.0257951198141735,4.220645950303489,0,소떡소떡
26.0,26.714285714285715,-0.1333333333333333,3.617171717171717,7.525125816729267,0.5288433156554597,10.333333333333334,0.6666666666666666,-0.0639999999999999,0.2007058823529413,-0.1145062437077202,0.2855193647333176,-0.1842105263157893,-0.6000000000000001,-0.1434411557273469,0.0257951198141735,4.220645950303489,0,소떡소떡
26.0,26.0,-0.0990099009900989,3.922727272727273,7.415328647672983,0.5208367797077473,9.333333333333334,0.6666666666666666,-0.0341880341880342,0.2567210567210566,0.0101443620756926,0.1835826642369586,-0.282051282051282,-0.3333333333333333,-0.136123824792685,0.0257951198141735,4.220645950303489,0,소떡소떡
32.285714285714285,27.57142857142857,0.2417582417582418,3.598717948717949,6.390964289726214,0.4536324786324785,10.333333333333334,1.0,-0.0940170940170939,-0.0300170940170939,0.130487313733387,-0.0320717806992378,-0.1388888888888888,0.5,-0.164766415699827,0.0257951198141735,4.220645950303489,0,소떡소떡
34.0,29.57142857142857,0.3076923076923077,3.557692307692308,6.304738302797223,0.4496697746697746,11.0,1.6666666666666667,0.0619469026548673,0.0961349368429016,0.1705268808957745,-0.1719753159034819,-0.057142857142857,1.5000000000000004,-0.0940737930994534,0.0257951198141735,4.220645950303489,0,소떡소떡
34.0,31.57142857142857,0.3076923076923077,4.736263736263736,6.094219797006224,0.5438107643989997,12.0,2.0,0.811320754716981,0.9053378487340747,0.3093831608213067,-0.1901504446001376,0.161290322580645,2.0,0.0283022367882044,0.0257951198141735,4.220645950303489,0,소떡소떡
34.0,33.57142857142857,0.3076923076923077,5.065323565323565,4.578482018787631,0.6304120715885421,11.333333333333334,1.3333333333333333,0.6833333333333331,0.6213864306784658,0.291275995795115,-0.3825651921409563,0.2142857142857142,1.0,0.2103831682975225,0.0257951198141735,4.220645950303489,0,소떡소떡
33.5,33.875,0.0376106194690266,4.255368814192344,7.563592687895015,0.5925614690320572,12.333333333333334,1.6666666666666667,-0.0572916666666666,-0.8686124213836476,0.1824679996686953,0.1834822328852405,0.1935483870967742,0.6666666666666667,0.3062589143052419,0.0257951198141735,4.220645950303489,0,소떡소떡
33.0,33.625,-0.0294117647058823,2.3823529411764706,8.019477825497054,0.4150871459694988,12.0,1.0,-0.5099009900990099,-1.193234323432343,-0.3303656597774245,0.2719763200859664,0.0909090909090908,-0.4,-0.0769067227737783,0.0257951198141735,4.220645950303489,0,소떡소떡
33.0,33.375,-0.0294117647058823,2.6230936819172115,8.01610952818319,0.4141339869281045,11.333333333333334,1.3333333333333333,-0.4640883977900553,-0.4067967311233886,-0.4461681553260643,0.3153627199532731,-0.0555555555555554,-0.3333333333333333,-0.2384593795494455,0.0257951198141735,4.220645950303489,0,소떡소떡
32.57142857142857,33.017857142857146,-0.0420168067226891,5.5740740740740735,7.14278289717031,0.4430152979066021,7.666666666666667,0.3333333333333333,-0.0101010101010101,0.4997999799979997,0.1004379092844802,0.5600766515758204,-0.3235294117647058,-0.75,-0.2972607634395843,0.0257951198141735,4.220645950303489,0,소떡소떡
30.0,32.142857142857146,-0.1044776119402984,6.318518518518519,5.670152118642996,0.574852904744209,7.333333333333333,0.3333333333333333,0.2061855670103092,0.6702739648003645,0.4848345218504297,-0.2503361361965371,-0.4054054054054055,-0.8,-0.0298847718140953,0.0257951198141735,4.220645950303489,0,소떡소떡
30.0,31.392857142857142,-0.0909090909090909,6.276190476190475,6.0903653897632415,0.592379359770664,6.666666666666667,0.3333333333333333,0.1122448979591839,0.122345908060194,1.634450323339212,-0.2405533723904579,-0.4444444444444444,-0.6666666666666667,0.4271204625888194,0.0257951198141735,4.220645950303489,0,소떡소떡
30.0,30.642857142857142,-0.0909090909090909,4.035449735449735,6.423923141799872,0.6010113486857672,8.0,0.3333333333333333,-0.0940170940170939,-0.3002026610274031,0.5384314190792592,-0.1986233322767707,-0.2941176470588236,-0.75,0.4512485515710775,0.0257951198141735,4.220645950303489,1,소떡소떡
30.0,30.0,-0.0789473684210525,3.7354497354497354,6.642678909524924,0.5615348529592715,7.333333333333333,0.6666666666666666,-0.1651376146788992,-0.2773825126380831,-0.3298528713811107,-0.0700152860369741,-0.0434782608695653,1.0,0.2675292605305381,0.0257951198141735,4.220645950303489,1,소떡소떡
30.85714285714285,30.21428571428571,0.0285714285714282,6.425925925925925,6.365097799322211,0.6292298150020597,8.0,1.0,0.7169811320754715,0.8109982260925654,0.0169988276670571,0.122562087601546,0.090909090909091,2.0,0.0945927380884448,0.0257951198141735,4.220645950303489,1,소떡소떡
31.0,30.464285714285715,0.0333333333333334,25.677777777777777,5.778466118821502,0.7063543437059011,10.0,1.3333333333333333,10.835164835164836,11.000302449843735,3.0912999494183118,-0.0512119143895674,0.5,3.0,0.192402017483124,0.0257951198141735,4.220645950303489,1,소떡소떡
25.0,29.214285714285715,-0.1666666666666666,28.177777777777777,4.690406647697748,0.7662948198963773,11.0,1.3333333333333333,5.362637362637363,4.645656230561892,5.9825619509636825,-0.2698532432342305,0.375,3.0,0.2750089021979964,0.0257951198141735,4.220645950303489,1,소떡소떡
17.0,25.964285714285715,-0.4333333333333333,26.27301587301588,5.50693687871838,0.7010983881298972,12.666666666666666,1.0,0.0436397400185701,-10.791525095146266,6.033427762039663,-0.1709765060566159,0.7272727272727273,0.5,0.2485393995317122,0.0257951198141735,4.220645950303489,0,소떡소떡
17.0,22.5,-0.4490740740740739,6.93968253968254,6.1345441482390894,0.5986609952623024,12.666666666666666,1.0,-0.7806563039723662,-6.143293666609729,0.079950596953479,-0.0362215410276448,0.5833333333333333,0.0,-0.0485813275387422,0.0257951198141735,4.220645950303489,0,소떡소떡
17.0,19.0,-0.4516129032258065,5.1669552669552665,6.4605172758957785,0.5292009815917624,13.0,1.3333333333333333,-0.8167259786476868,-0.860365718666257,-0.7987771639870298,0.1180332536436812,0.3,0.0,-0.2507995649672093,0.0257951198141735,4.220645950303489,0,소떡소떡
19.0,17.5,-0.24,6.674281274281275,6.207898416544982,0.5610134968205297,12.666666666666666,2.0,0.0196850393700787,0.8003413433424449,-0.7631367055657277,0.3235309607093626,0.1515151515151513,0.5,-0.2678881779516752,0.0257951198141735,4.220645950303489,0,소떡소떡
31.0,21.0,0.8235294117647058,6.274281274281274,5.862964655122,0.550265493915664,13.666666666666666,1.6666666666666667,0.2184466019417474,1.0351725805894345,-0.7611891491785161,0.0646507821397941,0.0789473684210526,0.6666666666666667,-0.2151379845795442,0.0257951198141735,4.220645950303489,0,소떡소떡
31.0,24.5,0.8235294117647058,6.495726495726497,4.680112300888763,0.6052894173606401,14.333333333333334,1.6666666666666667,0.0424710424710426,0.0227860031009639,-0.0639735378985149,-0.2370888222832039,0.1315789473684212,0.6666666666666667,0.0110720794419443,0.0257951198141735,4.220645950303489,0,소떡소떡
31.0,28.0,0.8235294117647058,5.976495726495727,4.628928758162476,0.6466728163000092,15.0,1.0,0.0996015936254979,-0.1188450083162495,0.1566764985789199,-0.2835049330441338,0.1538461538461537,-0.25,0.2219796236108782,0.0257951198141735,4.220645950303489,0,소떡소떡
31.0,31.0,0.631578947368421,6.198717948717949,4.573199240756297,0.6562644592249854,13.666666666666666,1.3333333333333333,-0.0074074074074074,-0.04987844987845,-0.0712531141586533,-0.263325696733691,0.0789473684210526,-0.3333333333333333,0.1697837270302373,0.0257951198141735,4.220645950303489,0,소떡소떡
29.0,30.5,-0.0645161290322581,7.492424242424242,4.38987078869696,0.7235556694084732,13.0,1.0,0.0833333333333334,-0.0162682602921644,0.1941486068111455,-0.2512540929507593,-0.0487804878048779,-0.4,0.3149210288649651,0.0257951198141735,4.220645950303489,0,소떡소떡
29.0,30.0,-0.0645161290322581,5.484848484848485,5.650065517824935,0.6330704601732638,11.666666666666666,0.6666666666666666,-0.294776119402985,-0.2873687119955775,-0.155622009569378,0.2072499877304174,-0.186046511627907,-0.6000000000000001,0.0458971229560938,0.0257951198141735,4.220645950303489,0,소떡소떡
29.0,29.5,-0.0645161290322581,4.766899766899767,7.438107702246971,0.5518738789766826,11.333333333333334,0.3333333333333333,-0.4615384615384615,-0.544871794871795,-0.2023921734325737,0.6068745255867023,-0.2444444444444443,-0.6666666666666667,-0.1465949007501604,0.0257951198141735,4.220645950303489,0,소떡소떡
29.0,29.0,-0.0645161290322581,8.876327376327378,7.434669752523263,0.5660170131202876,13.666666666666666,1.0,1.3862433862433865,1.6810195056463717,0.4319618104519864,0.6257043179456461,0.0,-0.25,-0.1375168879498295,0.0257951198141735,4.220645950303489,0,소떡소떡
26.71428571428571,28.428571428571427,-0.0788177339901479,10.20797720797721,7.354284396766972,0.6038192781952799,15.666666666666666,1.6666666666666667,2.3664596273291925,2.827998088867654,0.3624398295783537,0.6752849345139689,0.205128205128205,0.6666666666666667,-0.1654833156252939,0.0257951198141735,4.220645950303489,0,소떡소떡
25.0,27.428571428571427,-0.1379310344827586,11.50925925925926,5.312267069146386,0.7037588917218501,17.0,2.6666666666666665,0.352549889135255,-1.0336934971081315,1.0983732351135669,-0.0597866427588946,0.4571428571428573,3.0,0.1116596587514755,0.0257951198141735,4.220645950303489,1,소떡소떡
25.0,26.428571428571427,-0.1379310344827586,5.668518518518519,5.457350749413017,0.6225309457435707,16.0,2.0,-0.4815498154981549,-2.8480094428273475,0.1891415376256451,-0.2662985038836678,0.4117647058823528,5.0,0.1280311851285744,0.0257951198141735,4.220645950303489,1,소떡소떡
25.0,25.428571428571427,-0.1379310344827586,4.261111111111112,6.01014828888123,0.5536365089514065,15.666666666666666,2.0,-0.6721311475409836,-1.0246810366762389,-0.5199466028624367,-0.1916052105957446,0.146341463414634,1.0,-0.0218730248065001,0.0257951198141735,4.220645950303489,1,소떡소떡
23.285714285714285,24.57142857142857,-0.1283422459893047,3.854248366013072,5.688907261764042,0.5350991532976827,16.0,2.0,-0.3416370106761566,0.1399128048219983,-0.62242780450165,-0.2264499229503619,0.0212765957446809,0.1999999999999999,-0.1138090938450836,0.0257951198141735,4.220645950303489,0,소떡소떡
19.0,23.07142857142857,-0.24,3.4727668845315907,6.354164222516776,0.5228772882310732,17.0,1.6666666666666667,-0.1099999999999999,0.5621311475409836,-0.6982632151814869,0.1961304166015527,0.0,-0.3749999999999999,-0.2570221216647415,0.0257951198141735,4.220645950303489,0,소떡소떡
19.0,21.57142857142857,-0.24,3.4838779956427017,6.671035260878799,0.5448253876462777,16.666666666666668,1.0,-0.0486486486486485,0.292988362027508,-0.3853988508176874,0.2223944487343652,0.0416666666666667,-0.5,-0.1248220006227626,0.0257951198141735,4.220645950303489,0,소떡소떡
19.0,20.07142857142857,-0.24,2.840740740740741,7.631949703127447,0.508722275072577,14.333333333333334,0.0,-0.2977528089887641,-0.1877528089887641,-0.3333333333333335,0.2698438268564103,-0.0851063829787233,-1.0,-0.0811258527077587,0.0257951198141735,4.220645950303489,0,소떡소떡
23.285714285714285,20.07142857142857,0.0,4.806349206349206,7.469346284203054,0.5845511213932265,12.666666666666666,0.6666666666666666,0.1022727272727272,0.1509213759213759,0.2470263330022528,0.3129667861533967,-0.2083333333333333,-0.6666666666666667,0.0924164573813726,0.0257951198141735,4.220645950303489,0,소떡소떡
24.0,21.32142857142857,0.263157894736842,5.247619047619048,7.2085845402095154,0.6300908967575634,12.0,1.0,0.6800000000000002,0.9777528089887644,0.5110772539881698,0.1344662000810421,-0.2941176470588235,-0.4,0.2050454493619347,0.0257951198141735,4.220645950303489,0,소떡소떡
24.0,22.57142857142857,0.263157894736842,5.175824175824176,6.5958426831479775,0.6076756775681506,12.666666666666666,1.0,0.1082474226804124,0.0059746954076851,0.4856502386988286,-0.0112715005678019,-0.2400000000000001,0.0,0.1153585925821021,0.0257951198141735,4.220645950303489,0,소떡소떡
24.0,23.82142857142857,0.263157894736842,2.8583638583638584,7.693965482541359,0.5033777532702263,13.0,0.3333333333333333,-0.4285714285714286,-1.1085714285714288,0.0062037050303023,0.0081258108119472,-0.0930232558139535,0.0,-0.0105057750844274,0.0257951198141735,4.220645950303489,0,소떡소떡
22.285714285714285,23.571428571428573,-0.0429447852760735,2.328205128205128,7.986936954481564,0.4011472314318613,13.333333333333334,0.6666666666666666,-0.5348837209302326,-0.643131143610645,-0.5155980083324866,0.0692953105378397,0.0526315789473685,0.0,-0.3137516690144021,0.0257951198141735,4.220645950303489,0,소떡소떡
21.0,22.82142857142857,-0.125,11.568421052631578,7.733949941698041,0.5561351410887013,15.333333333333334,2.6666666666666665,4.341666666666667,4.770238095238096,1.2045085490495748,0.0728805216277945,0.2777777777777779,1.6666666666666663,-0.1173731536980411,0.0257951198141735,4.220645950303489,0,소떡소떡
21.0,22.07142857142857,-0.125,13.916769400979929,6.717248200919856,0.6525696900880918,21.33333333333333,8.666666666666666,8.53,9.064883720930233,1.6888025806564193,0.0184063695275908,0.6842105263157894,7.666666666666666,0.0738782448881318,0.0257951198141735,4.220645950303489,0,소떡소떡
21.0,21.32142857142857,-0.125,19.74182076813656,3.0979096032469644,0.8200310057203731,25.0,12.0,1.1505460218408738,-3.191120644825793,5.90668569376499,-0.5973585259413319,0.9230769230769232,35.0,0.62905690685174,0.0257951198141735,4.220645950303489,0,소떡소떡
18.0,18.0,0.0,185.5,3.693839355663117,0.0,1.0,0.5,0.0,0.0,0.0,0.0,0.0,0.0,0.0,0.0001839158738521,0.21095116017085838,0,약과
19.428571428571427,18.714285714285715,0.0,126.1111111111111,3.380837191549306,0.1717171717171717,1.3333333333333333,1.0,0.0,0.0,0.0,0.0,0.0,0.0,0.0,0.0001839158738521,0.21095116017085838,0,약과
19.071428571428573,18.83333333333333,0.0,40.888888888888886,3.416298828039864,0.3776792313377679,1.6666666666666667,1.0,-0.6549865229110512,0.0,0.0,0.0,0.0,0.0,0.0,0.0001839158738521,0.21095116017085838,0,약과
34.0,22.625,0.0,13.555555555555552,2.2080505382407534,0.5651792313377679,2.333333333333333,1.3333333333333333,-0.6743002544529262,0.0,0.0,0.0,0.0,0.0,0.0,0.0001839158738521,0.21095116017085838,0,약과
27.0,24.875,0.5,21.04444444444444,2.0909377068182624,0.6511801804259654,3.333333333333333,1.3333333333333333,0.328125,0.9831115229110512,-0.8865528601377658,-0.433939187525144,2.333333333333333,1.6666666666666663,0.0,0.0001839158738521,0.21095116017085838,0,약과
31.285714285714285,27.839285714285715,0.6102941176470589,13.6,7.473801826668544,0.5868847874720358,4.0,1.3333333333333333,0.5078125,1.1821127544529262,-0.8921585903083701,1.210636420277781,2.0,0.3333333333333332,2.417740821160679,0.0001839158738521,0.21095116017085838,0,약과
56.00000000000001,37.07142857142857,1.9363295880149811,13.877777777777778,7.520404420597538,0.5525013186373474,4.333333333333333,1.3333333333333333,-0.1764705882352941,-0.5045955882352942,-0.6605978260869565,1.2013309722418066,1.5999999999999996,0.3333333333333332,0.4628850961180646,0.0001839158738521,0.21095116017085838,1,약과
56.00000000000001,42.57142857142858,0.6470588235294119,5.222222222222222,7.576806981131605,0.4131406857546836,4.0,1.0,-0.5647668393782384,-1.0725793393782384,-0.6147540983606556,2.43144635954228,0.7142857142857142,-0.25,-0.2690094348003767,0.0001839158738521,0.21095116017085838,1,약과
56.00000000000001,49.82142857142858,1.0740740740740744,5.388888888888888,6.056940454282784,0.4482416958556937,4.333333333333333,1.0,-0.5380952380952381,-0.3616246498599439,-0.7439281942977825,1.896757963918259,0.2999999999999998,-0.25,-0.3116472071332404,0.0001839158738521,0.21095116017085838,1,약과
36.0,51.00000000000001,0.1506849315068492,10.61111111111111,5.915177403851661,0.5340140535792709,4.0,0.6666666666666666,0.7380952380952379,1.3028620774734765,-0.2197712418300653,-0.2085450563132794,0.0,-0.5,-0.0900870750467085,0.0001839158738521,0.21095116017085838,0,약과
36.0,46.0,-0.3571428571428572,12.166666666666666,5.810609553273551,0.5480095068330363,4.0,0.6666666666666666,0.6185567010309279,1.1566519391261658,-0.123298638911129,-0.2273541117870007,-0.0769230769230768,-0.5,-0.0081299567128444,0.0001839158738521,0.21095116017085838,0,약과
36.0,41.0,-0.3571428571428572,11.555555555555555,5.099894092301515,0.5379084967320261,4.0,0.3333333333333333,0.0,-0.7380952380952379,1.2127659574468086,-0.3269072176443592,0.0,-0.6666666666666667,0.3019983634616603,0.0001839158738521,0.21095116017085838,0,약과
36.285714285714285,36.07142857142857,-0.3520408163265307,7.166666666666665,4.910901579439971,0.5053688141923436,4.666666666666667,0.6666666666666666,-0.286624203821656,-0.9051809048525838,0.3298969072164948,-0.1892108538119215,0.0769230769230771,-0.3333333333333333,0.1274471314579386,0.0001839158738521,0.21095116017085838,0,약과
38.0,36.57142857142857,0.0555555555555555,8.1,4.599436185390221,0.6346677904200028,6.333333333333333,0.6666666666666666,0.3082191780821919,0.3082191780821919,-0.2366492146596859,-0.2224347857436527,0.5833333333333333,0.0,0.1884851834255902,0.0001839158738521,0.21095116017085838,0,약과
38.0,37.07142857142857,0.0555555555555555,10.63968253968254,4.740580483660789,0.6548606777014977,6.666666666666667,1.0,1.2142857142857144,1.5009099181073704,-0.1255055446836268,-0.1841509156315509,0.6666666666666667,0.5,0.1949805058783698,0.0001839158738521,0.21095116017085838,0,약과
38.0,37.57142857142857,0.0555555555555555,26.06190476190476,4.71922942448194,0.7350822147575671,7.666666666666667,1.0,2.916230366492147,2.608011188409955,1.2553571428571426,-0.0746416809702388,0.9166666666666669,2.0,0.3665562437169838,0.0001839158738521,0.21095116017085838,0,약과
38.0,38.0,0.0472440944881891,33.195238095238096,4.545447703417946,0.7530429375165362,8.0,0.6666666666666666,2.879032258064516,1.6647465437788016,3.631893687707642,-0.0744168601447924,0.7142857142857142,0.0,0.4900858865223285,0.0001839158738521,0.21095116017085838,0,약과
38.0,38.0,0.0,34.95185185185185,4.392383694316165,0.7516171394719292,9.0,1.0,0.3796791443850267,-2.5365512221071205,3.3150434385002283,-0.0450169287556904,0.4210526315789473,0.5,0.1842686060600824,0.0001839158738521,0.21095116017085838,0,약과
38.0,38.0,0.0,22.88005698005698,4.415997435494996,0.680553111573369,10.333333333333334,1.6666666666666667,-0.2432432432432433,-3.1222755013077594,1.150445456875414,-0.0684690512658785,0.55,0.6666666666666667,0.0392334350598808,0.0001839158738521,0.21095116017085838,0,약과
38.0,38.0,0.0,17.85185185185185,4.387359611263833,0.6513043724291929,11.0,2.333333333333333,-0.3895348837209302,-0.769214028105957,-0.3150212152587449,-0.0703228818451727,0.4347826086956521,1.3333333333333337,-0.1139707105497096,0.0001839158738521,0.21095116017085838,0,약과
38.0,38.0,0.0,17.5,4.049656274767882,0.7051179283535953,11.333333333333334,2.333333333333333,-0.0837912087912087,0.1594520344520346,-0.4728159518003156,-0.1090742784868593,0.4166666666666667,2.5000000000000004,-0.0636418015166478,0.0001839158738521,0.21095116017085838,0,약과
64.57142857142857,44.642857142857146,0.6992481203007519,13.269230769230768,4.998779488484761,0.6764665031504461,11.0,2.0,-0.2031746031746031,0.1863602805463271,-0.6203568604755423,0.1380561982673063,0.2222222222222223,1.0,-0.0999852616110942,0.0001839158738521,0.21095116017085838,0,약과
100.0,60.142857142857146,1.6315789473684212,9.833333333333334,5.679925138125634,0.6117976088791616,10.666666666666666,1.3333333333333333,-0.4482758620689655,-0.3644846532777568,-0.5702225155337508,0.2862156785851855,0.032258064516129,-0.2,-0.1010288565652896,0.0001839158738521,0.21095116017085838,1,약과
100.0,75.64285714285714,1.6315789473684212,6.208333333333333,6.176347538988581,0.5538566033575107,12.333333333333334,1.3333333333333333,-0.4900398406374502,-0.2868652374628471,-0.6522302904564315,0.4077595834934093,0.1212121212121213,-0.4285714285714286,-0.1496193994648428,0.0001839158738521,0.21095116017085838,1,약과
100.0,91.14285714285714,1.6315789473684212,6.258265856950067,6.775755728361351,0.5853548893022578,14.0,1.0,-0.1875,0.2607758620689655,-0.6423848081742819,0.6731681082611694,0.2352941176470586,-0.5714285714285714,-0.1698482398979366,0.0001839158738521,0.21095116017085838,1,약과
100.0,100.0,0.5486725663716814,6.6708532695374805,6.803001318015943,0.6087185543792487,17.0,3.333333333333333,0.53125,1.0212898406374502,-0.4972690289623928,0.3609324703534946,0.5454545454545454,0.6666666666666667,-0.1001497464481699,0.0001839158738521,0.21095116017085838,1,약과
56.00000000000001,89.00000000000001,-0.4399999999999999,12.779186602870814,6.532890569085246,0.6688428944055494,17.666666666666668,4.0,1.5986622073578594,1.7861622073578594,0.2995782985970319,0.1501719494917655,0.6562500000000002,2.0,0.0932420864326311,0.0001839158738521,0.21095116017085838,0,약과
56.00000000000001,78.0,-0.4399999999999999,14.516028708133971,6.940924017462719,0.6905873799054936,17.666666666666668,4.666666666666667,1.2346938775510208,0.7034438775510208,1.3381522751356734,0.1237910389024745,0.4324324324324324,2.5000000000000004,0.2468703554658606,0.0001839158738521,0.21095116017085838,0,약과
56.00000000000001,67.0,-0.4399999999999999,14.016750208855472,7.690562532427782,0.7211254476776038,16.333333333333332,3.0,0.075933075933076,-1.5227291314247833,1.2397179233428188,0.1350117744412353,0.1666666666666665,2.0,0.231945715080956,0.0001839158738521,0.21095116017085838,0,약과
56.00000000000001,56.00000000000001,-0.4399999999999999,9.840434419381788,7.686953108977048,0.7139673514070205,15.666666666666666,3.0,-0.3436073059360731,-1.578301183487094,0.4751387898633945,0.1299355607384924,-0.0784313725490196,-0.1,0.1729022325187723,0.0001839158738521,0.21095116017085838,0,약과
58.14285714285714,56.53571428571429,0.0382653061224487,9.489557226399333,7.206817764841964,0.7139572440324319,16.333333333333332,2.6666666666666665,-0.3098086124401914,-0.3857416883732675,-0.2574208733858283,0.1031591128964959,-0.0754716981132076,-0.3333333333333333,0.0674513402238936,0.0001839158738521,0.21095116017085838,0,약과
59.0,57.28571428571429,0.0535714285714283,13.748194014447884,2.5157007548919443,0.7392118455656161,16.333333333333332,2.6666666666666665,0.3321739130434784,0.6757812189795516,-0.0528956444716752,-0.6375553530678804,-0.0754716981132076,-0.4285714285714286,0.070410301541822,0.0001839158738521,0.21095116017085838,0,약과
59.0,58.035714285714285,0.0535714285714283,12.624509803921567,3.9735448281253127,0.7528116359291244,17.333333333333332,2.0,0.2287694974003467,0.5385781098405381,-0.0993269041817065,-0.4833219531899533,0.0612244897959184,-0.3333333333333333,0.0439399113615619,0.0001839158738521,0.21095116017085838,0,약과
59.0,58.785714285714285,0.0535714285714283,9.783239962651727,5.670892543941924,0.6677908366226109,18.0,2.0,-0.308093994778068,-0.6402679078215464,-0.0058121881913475,-0.2622704388141395,0.148936170212766,-0.3333333333333333,-0.0646759472872383,0.0001839158738521,0.21095116017085838,0,약과
73.28571428571429,62.57142857142857,0.2604422604422607,5.402669552669553,5.669054272331313,0.6502080999041485,19.666666666666668,3.0,-0.5204513399153738,-0.7492208373157205,-0.4306721142226029,-0.2133762143969477,0.2040816326530614,0.125,-0.0892898624688336,0.0001839158738521,0.21095116017085838,0,약과
84.0,68.82142857142857,0.423728813559322,5.002669552669552,5.616927314420328,0.6389454460883033,19.33333333333333,2.333333333333333,-0.4037735849056604,-0.0956795901275924,-0.6361216936993848,1.2327485904266815,0.183673469387755,-0.1249999999999998,-0.135639600581066,0.0001839158738521,0.21095116017085838,1,약과
84.0,75.07142857142857,0.423728813559322,9.897272727272728,6.027468732378529,0.774725221868079,20.666666666666668,3.6666666666666665,1.038235294117647,1.5586866340330208,-0.2160271661242385,0.5168996432896018,0.1923076923076925,0.8333333333333333,0.0291089894112872,0.0001839158738521,0.21095116017085838,1,약과
84.0,81.32142857142857,0.423728813559322,12.795,6.720089690475395,0.8079067830693848,21.666666666666668,2.6666666666666665,1.8955696202531649,2.2993432051588254,0.3078489384749734,0.1850144643728619,0.2037037037037037,0.3333333333333332,0.2098201094753233,0.0001839158738521,0.21095116017085838,1,약과
81.71428571428571,83.42857142857143,0.1150097465886936,12.997777777777776,7.307959660119364,0.8065121502231389,23.33333333333333,3.6666666666666665,0.3751803751803753,-0.6630549189372716,1.4058065463869336,0.2890967891746916,0.1864406779661016,0.2222222222222221,0.2403908077153025,0.0001839158738521,0.21095116017085838,1,약과
68.0,79.42857142857143,-0.1904761904761904,8.890681003584229,7.426624741932883,0.748496760594846,24.33333333333333,3.333333333333333,-0.2633879781420765,-2.1589575983952414,0.7771873416743935,0.3221863709837445,0.2586206896551724,0.4285714285714286,0.1714564446420714,0.0001839158738521,0.21095116017085838,1,약과
68.0,75.42857142857143,-0.1904761904761904,5.370619275189168,7.494137331334545,0.6859003461691634,25.0,3.0,-0.5435466946484785,-0.9187270698288538,-0.4573637179472687,0.2433307685326218,0.2096774193548387,-0.1818181818181817,-0.1146533934763787,0.0001839158738521,0.21095116017085838,1,약과
68.0,71.42857142857143,-0.1904761904761904,4.199322978892872,7.462390403557469,0.6159543350332557,23.666666666666668,2.6666666666666665,-0.5059347181008902,-0.2425467399588137,-0.6717996890275207,0.1104599413508069,0.0923076923076922,0.0,-0.2375923213651788,0.0001839158738521,0.21095116017085838,1,약과
68.0,68.0,-0.1678321678321678,4.213086419753086,7.074188590521201,0.6145982036506833,22.666666666666668,2.0,-0.2988505747126436,0.2446961199358348,-0.675861020877263,-0.0319885550099416,-0.0285714285714284,-0.4545454545454545,-0.237955431321597,0.0001839158738521,0.21095116017085838,1,약과
51.71428571428572,63.92857142857143,-0.2394957983193276,4.367407407407407,6.578382264625803,0.595769793594203,19.33333333333333,2.0,-0.1891891891891891,0.316745528911701,-0.5087657058388766,-0.1142164181956919,-0.2054794520547945,-0.4,-0.2040449271674438,0.0001839158738521,0.21095116017085838,0,약과
49.0,59.17857142857143,-0.2794117647058823,5.225432098765432,5.107426979744584,0.6515629765031683,22.33333333333333,3.333333333333333,0.1999999999999999,0.4988505747126436,-0.0270336005932243,-0.3184769968933754,-0.1066666666666666,0.1111111111111111,-0.0500617471003965,0.0001839158738521,0.21095116017085838,0,약과
49.0,54.42857142857143,-0.2794117647058823,5.289241622574956,5.40788568364604,0.6372237169018445,23.33333333333333,3.6666666666666665,0.4296296296296296,0.6188188188188187,0.2595462766642051,-0.2753145585805865,-0.0140845070422536,0.375,0.0345307771353544,0.0001839158738521,0.21095116017085838,0,약과
49.0,49.67857142857143,-0.2794117647058823,4.729982363315696,5.887898587965445,0.6174576350304996,26.33333333333333,4.0,0.0409836065573769,-0.1590163934426229,0.12268818914778,-0.167692730745867,0.1617647058823528,1.0,0.0046525215381876,0.0001839158738521,0.21095116017085838,0,약과
48.142857142857146,48.785714285714285,-0.069060773480663,4.05047619047619,6.294734990586303,0.5674298922526217,25.666666666666668,3.333333333333333,-0.1735751295336787,-0.6032047591633083,-0.0725673580151192,-0.0431180893157833,0.3275862068965518,0.6666666666666667,-0.0475685434983372,0.0001839158738521,0.21095116017085838,0,약과
47.0,48.285714285714285,-0.0408163265306122,3.2021052631578946,7.163331134019868,0.4804107010822074,23.0,2.0,-0.4094488188976378,-0.4504324254550148,-0.387207564343927,0.4025322657433461,0.0298507462686568,-0.4,-0.2626795591417841,0.0001839158738521,0.21095116017085838,0,약과
47.0,47.785714285714285,-0.0408163265306122,2.724327485380117,7.2774135093002545,0.4293565700280763,22.666666666666668,2.333333333333333,-0.4137931034482758,-0.2402179739145971,-0.484930415401625,0.345704020946272,-0.0285714285714284,-0.3636363636363635,-0.3262074862568043,0.0001839158738521,0.21095116017085838,0,약과
47.0,47.285714285714285,-0.0408163265306122,5.919883040935673,7.077175646546195,0.5227211802399773,19.33333333333333,2.0,0.3155555555555556,0.7250043744531934,0.2515655632986042,0.2019866750102608,-0.2658227848101265,-0.5,-0.1534298863853918,0.0001839158738521,0.21095116017085838,0,약과
47.285714285714285,47.07142857142857,-0.0178041543026706,6.397777777777777,7.273482648944606,0.5806176891891178,20.666666666666668,2.6666666666666665,0.8556149732620322,1.269408076710308,0.5795125009797004,0.1554867138683373,-0.1948051948051947,-0.2,0.0232412798771355,0.0001839158738521,0.21095116017085838,0,약과
49.0,47.57142857142857,0.0425531914893617,7.092222222222222,7.323637575089769,0.6535930331728651,21.666666666666668,3.0,0.3986486486486487,0.0830930930930931,1.214862298195632,0.0223787562058355,-0.0579710144927535,0.5,0.3604880817611573,0.0001839158738521,0.21095116017085838,0,약과
49.0,48.07142857142857,0.0425531914893617,3.7656521739130433,7.89597079736076,0.5235070653299206,24.0,2.6666666666666665,-0.1671469740634006,-1.0227619473254328,0.3822318330381022,0.0849968587424656,0.0588235294117647,0.1428571428571428,0.2192827637310583,0.0001839158738521,0.21095116017085838,0,약과
49.0,48.57142857142857,0.0425531914893617,3.045652173913043,7.958083872425985,0.4492713750942304,23.666666666666668,2.0,-0.4323671497584541,-0.8310157984071028,-0.4855215630355326,0.1244717200582257,0.2241379310344828,0.0,-0.140514308434999,0.0001839158738521,0.21095116017085838,0,약과
49.0,49.0,0.0362537764350452,5.480837359098229,7.791990493673555,0.5313886237030756,20.33333333333333,1.0,0.1211072664359862,0.2882542404993868,-0.1433217048995473,0.0712874244367909,-0.0161290322580646,-0.625,-0.0847874021110084,0.0001839158738521,0.21095116017085838,0,약과
64.0,52.75,0.3061224489795917,5.562962962962962,7.137707634725676,0.6033254985754986,20.666666666666668,1.0,0.4170212765957448,0.849388426354199,-0.2156248368060996,-0.0253876490279236,-0.0461538461538461,-0.6666666666666667,-0.0769095324553001,0.0001839158738521,0.21095116017085838,0,약과
70.0,58.0,0.4285714285714286,5.71658615136876,7.039733504260918,0.5965711321689583,20.33333333333333,1.3333333333333333,0.0493827160493827,-0.0717245503866035,0.5180866121866006,-0.1084397745475502,-0.1527777777777778,-0.5,0.1395665343943195,0.0001839158738521,0.21095116017085838,1,약과
70.0,63.25,0.4285714285714286,2.455643390425999,8.062175042805807,0.4403130384108645,21.666666666666668,1.6666666666666667,-0.4864864864864865,-0.9035077630822314,-0.1937216562484228,0.0130799287929708,-0.0845070422535211,-0.1666666666666666,-0.0199397005462165,0.0001839158738521,0.21095116017085838,1,약과
70.0,68.5,0.4285714285714286,2.541501976284585,8.738904903322663,0.4494447031596178,21.0,1.0,-0.5,-0.5493827160493827,-0.5362931227897734,0.1215240714703032,0.0327868852459016,0.0,-0.1542071412301172,0.0001839158738521,0.21095116017085838,1,약과
64.0,68.5,0.0,2.6767676767676765,8.910410714223879,0.5044583288254174,20.0,1.6666666666666667,-0.0292397660818712,0.4572467204046152,-0.5188233869991526,0.2483574797703707,-0.0322580645161291,0.6666666666666667,-0.1638703651404005,0.0001839158738521,0.21095116017085838,1,약과
49.0,63.25,-0.3,5.095959595959596,8.59045593278579,0.6498748064566602,23.666666666666668,2.333333333333333,1.5,2.0,-0.1085659411011522,0.2202814108781634,0.1639344262295083,0.7500000000000002,0.0893500731319421,0.0001839158738521,0.21095116017085838,1,약과
49.0,58.0,-0.3,5.21477937267411,7.7762782100064465,0.6319200422927022,22.666666666666668,2.333333333333333,1.536144578313253,1.5653843443951243,1.123589847371716,-0.0354615015527945,0.0461538461538462,0.4000000000000001,0.4351608677620977,0.0001839158738521,0.21095116017085838,1,약과
49.0,52.75,-0.3,5.2670669543734565,5.983178226854268,0.6104058810726586,22.0,2.0,-0.0094117647058822,-1.5094117647058822,1.0724229229494315,-0.3153400462591859,0.0476190476190476,1.0,0.3581334406245662,0.0001839158738521,0.21095116017085838,1,약과
49.0,49.0,-0.234375,3.256965944272446,7.825825223414795,0.5217252473744917,16.666666666666668,0.6666666666666666,-0.5866983372921615,-2.1228429156054145,0.2167533150300837,-0.1217211558023624,-0.1666666666666666,-0.6000000000000001,0.0342286321038223,0.0001839158738521,0.21095116017085838,1,약과
39.0,46.5,-0.2040816326530612,2.520123839009288,8.155905894106338,0.4370043542325458,16.666666666666668,1.3333333333333333,-0.6864608076009502,-0.677049042895068,-0.5054662833262249,-0.0505852124822591,-0.2957746478873239,-0.4285714285714286,-0.3275560925107358,0.0001839158738521,0.21095116017085838,0,약과
39.0,44.0,-0.2040816326530612,2.4122807017543857,8.641830469003102,0.4548148117488857,16.666666666666668,1.0,-0.2873563218390804,0.299342015453081,-0.5374146192272404,0.1113067505587532,-0.2647058823529411,-0.5714285714285714,-0.2802652530235497,0.0001839158738521,0.21095116017085838,1,약과
39.0,41.5,-0.2040816326530612,2.995614035087719,8.18021454325701,0.5005715045188729,15.333333333333334,1.3333333333333333,-0.0151515151515151,0.671309292449435,-0.4312557518183169,0.3672022181358052,-0.303030303030303,-0.3333333333333333,-0.1799366289865607,0.0001839158738521,0.21095116017085838,0,약과
39.0,39.0,-0.2040816326530612,3.2291666666666665,7.902575625664009,0.5604082321187586,14.666666666666666,0.6666666666666666,0.096774193548387,0.3841305153874674,-0.008535329531052,0.0098073238359039,-0.1200000000000001,0.0,0.0741443603485427,0.0001839158738521,0.21095116017085838,0,약과
33.857142857142854,37.71428571428572,-0.1318681318681319,2.895833333333333,6.822172376186757,0.5027693432298695,14.0,1.0,-0.0769230769230769,-0.0617715617715618,0.1490837428337428,-0.1635297826184298,-0.16,-0.25,0.150490466194137,0.0001839158738521,0.21095116017085838,0,약과
30.0,35.464285714285715,-0.2307692307692307,1.7791666666666668,8.231319433594862,0.3494276556776557,15.0,0.6666666666666666,-0.3823529411764707,-0.4791271347248577,-0.2624545454545453,-0.0475027873875423,-0.1,-0.3333333333333333,-0.231714432663237,0.0001839158738521,0.21095116017085838,0,약과
37.42857142857143,35.07142857142857,-0.0402930402930402,2.8833333333333333,8.355531280194281,0.4027303312629399,13.666666666666666,1.3333333333333333,-0.05,0.0269230769230769,-0.0374816983894582,0.0214318018201351,-0.108695652173913,0.0,-0.1954589351824441,0.0001839158738521,0.21095116017085838,0,약과
38.0,34.82142857142857,-0.0256410256410256,3.0500000000000003,8.373128272092798,0.4264803312629399,13.666666666666666,1.0,0.4285714285714286,0.8109243697478993,-0.0554838709677417,0.0595442130158989,-0.0681818181818182,0.5,-0.2389827507520221,0.0001839158738521,0.21095116017085838,0,약과
38.0,35.857142857142854,0.1223628691983123,3.506410256410257,8.248880682276837,0.4884664932491019,13.0,1.3333333333333333,0.1842105263157893,0.2342105263157894,0.2108467072495849,0.2091281526497481,-0.0714285714285714,0.3333333333333332,-0.028448134663271,0.0001839158738521,0.21095116017085838,1,약과
36.285714285714285,37.42857142857143,0.2095238095238094,2.27724358974359,8.513903898730677,0.3907776482776482,14.333333333333334,0.6666666666666666,-0.175,-0.6035714285714286,0.2799495586380831,0.0343303971393078,-0.0444444444444444,0.0,0.118336347819411,0.0001839158738521,0.21095116017085838,1,약과
35.0,36.82142857142857,-0.0648854961832061,2.4439102564102564,8.884004631496568,0.4009998704998705,13.0,0.6666666666666666,-0.3037037037037037,-0.4879142300194931,-0.1524010671409515,0.0632483242035089,-0.0487804878048779,-0.5,-0.0042968225354241,0.0001839158738521,0.21095116017085838,1,약과
35.0,36.07142857142857,-0.0789473684210526,4.743055555555555,8.491175803550327,0.5061182514803205,10.666666666666666,0.6666666666666666,0.1717171717171717,0.3467171717171717,0.5551001821493622,0.0140983784819079,-0.2195121951219512,-0.3333333333333333,0.186732926185712,0.0001839158738521,0.21095116017085838,1,약과
23.0,32.32142857142857,-0.3947368421052631,4.930555555555555,8.035688777243626,0.5585172413793104,8.0,1.0,0.1063829787234043,0.410086682427108,0.4061547836684946,-0.0258449495446413,-0.3846153846153846,-0.25,0.1434095257266394,0.0001839158738521,0.21095116017085838,0,약과
23.0,29.0,-0.3661417322834646,4.763888888888888,7.063786609910916,0.5638505747126438,8.0,0.6666666666666666,-0.1465517241379309,-0.3182688958551026,1.0919540229885056,-0.1703234269576329,-0.4418604651162791,0.0,0.4428936178868319,0.0001839158738521,0.21095116017085838,0,약과
26.42857142857143,26.857142857142858,-0.2448979591836734,2.408333333333333,7.127303188532147,0.4820940170940171,9.333333333333334,1.0,-0.3557692307692307,-0.462152209492635,-0.0145573770491803,-0.1977375649643817,-0.282051282051282,0.5,0.202229857314063,0.0001839158738521,0.21095116017085838,0,약과
27.0,24.857142857142858,-0.2285714285714285,9.241666666666667,7.068953684193597,0.5774393624393624,9.333333333333334,1.0,1.3333333333333337,1.4798850574712643,0.9484626647144953,-0.1674941318211866,-0.1249999999999998,0.5,0.1409178798639216,0.0001839158738521,0.21095116017085838,0,약과
27.0,25.857142857142858,0.1739130434782609,9.519444444444444,8.002195590004346,0.5714262905439377,10.0,1.3333333333333333,2.6567164179104483,3.012485648679679,0.9307042253521128,-0.0041680543096852,0.25,0.3333333333333332,0.0231130719129586,0.0001839158738521,0.21095116017085838,0,약과
36.0,29.107142857142858,0.5652173913043479,12.245370370370372,7.976943938062591,0.6657106621478969,9.666666666666666,1.0,0.3679653679653678,-0.9653679653679657,1.570456754130224,0.129273062534259,0.2083333333333332,0.5,0.1806508532640305,0.0001839158738521,0.21095116017085838,0,약과
48.0,34.5,0.8162162162162161,8.179894179894182,7.979781022268782,0.6373976853055083,11.666666666666666,1.3333333333333333,0.1591836734693876,-2.4975327444410604,2.3964958532432594,0.1196073481353052,0.2499999999999997,0.3333333333333332,0.322143944344375,0.0001839158738521,0.21095116017085838,1,약과
48.0,39.75,0.7777777777777777,11.46878306878307,4.107876054037263,0.7325446154686497,11.0,1.3333333333333333,0.1930379746835444,-0.1749273932818233,0.2409864456753547,-0.4188848537482141,0.1785714285714286,0.3333333333333332,0.2686087286707528,0.0001839158738521,0.21095116017085838,1,약과
48.0,45.0,0.7777777777777777,9.105357142857144,5.19394812895905,0.6571596354335735,12.666666666666666,1.3333333333333333,0.1936619718309857,0.0344782983615981,-0.043499103755888,-0.3509346190629377,0.2666666666666666,0.0,0.1500339524246017,0.0001839158738521,0.21095116017085838,1,약과
48.0,48.0,0.3333333333333332,6.277314814814814,5.850342780127321,0.5652956170989669,13.666666666666666,1.3333333333333333,-0.389920424403183,-0.5829583990867274,-0.4873724007561437,-0.266593469184111,0.4137931034482758,0.3333333333333332,-0.150838871537589,0.0001839158738521,0.21095116017085838,1,약과
33.0,44.25,-0.3125,3.347011784511784,6.272316926599996,0.5475782493175083,14.0,1.0,-0.5693215339233039,-0.7629835057542896,-0.5908245619193228,-0.2139738034043604,0.1999999999999999,-0.25,-0.1409158490196729,0.0001839158738521,0.21095116017085838,0,약과
33.0,40.5,-0.3125,17.617845117845118,6.000950890614363,0.6677402060265633,13.666666666666666,1.0,2.2086956521739127,2.598616076577096,0.5361564528846314,0.4608403008451454,0.2424242424242424,-0.25,-0.0884647952816189,0.0001839158738521,0.21095116017085838,0,약과
33.0,36.75,-0.3125,22.51136363636364,5.526308777607926,0.7738776141712708,10.666666666666666,0.3333333333333333,4.691780821917808,5.261102355841112,1.472320775909715,0.0639899822633549,-0.1578947368421053,-0.75,0.1776097807052474,0.0001839158738521,0.21095116017085838,0,약과
33.0,33.0,-0.3125,22.420454545454543,5.978019707844118,0.7533702145941038,10.333333333333334,1.3333333333333333,0.1219512195121952,-2.086744432661717,2.5716632360927663,0.0218238370836141,-0.2439024390243901,0.0,0.332701319108601,0.0001839158738521,0.21095116017085838,0,약과
32.285714285714285,32.82142857142857,-0.0216450216450216,7.612762237762236,6.729532422140964,0.5933212119951781,10.0,1.0,-0.7545126353790614,-5.4462934572968695,1.2744951998645804,0.0728941953812924,-0.2857142857142857,0.0,0.0835368510978713,0.0001839158738521,0.21095116017085838,0,약과
32.0,32.57142857142857,-0.0303030303030302,2.7933177933177906,6.708866066723708,0.5073858240524908,10.333333333333334,1.3333333333333333,-0.8900966183574879,-1.012047837869683,-0.8414495203792864,0.1179671670395672,-0.2439024390243901,0.3333333333333332,-0.2401448655133002,0.0001839158738521,0.21095116017085838,0,약과
32.0,32.32142857142857,-0.0303030303030302,2.520590520590518,6.911331607769384,0.4787445728305943,10.666666666666666,0.6666666666666666,-0.5980392156862746,0.1564734196927868,-0.8880303049914359,0.2506234967856733,0.0,1.0,-0.3813691414975586,0.0001839158738521,0.21095116017085838,0,약과
32.0,32.07142857142857,-0.0303030303030302,3.059052059052057,6.466900947070699,0.5294330818524368,11.0,1.6666666666666667,0.131868131868132,1.02196475022562,-0.8635597662460309,0.0817797971768294,0.064516129032258,0.2500000000000002,-0.297247128176309,0.0001839158738521,0.21095116017085838,0,약과
31.714285714285715,31.92857142857143,-0.0176991150442477,2.836829836829835,6.691187283459592,0.4808219707413255,12.0,1.6666666666666667,0.25609756097561,0.8541367766618846,-0.6273586711065182,-0.005698039072553,0.1999999999999999,0.6666666666666667,-0.1896093363585437,0.0001839158738521,0.21095116017085838,0,약과
31.0,31.67857142857143,-0.03125,2.5918803418803398,6.859384415782655,0.4618874643874644,12.333333333333334,1.3333333333333333,-0.0582524271844659,-0.190120559052598,-0.0721140472878998,0.0224357361679234,0.1935483870967742,0.0,-0.0896721144111416,0.0001839158738521,0.21095116017085838,0,약과
31.0,31.42857142857143,-0.03125,1.8849206349206324,7.450064980984459,0.3507347282347282,12.333333333333334,0.6666666666666666,-0.3106796116504854,-0.5667771726260954,-0.2521908578474549,0.0779492873138163,0.1562500000000002,0.0,-0.2673865185332615,0.0001839158738521,0.21095116017085838,0,약과
31.0,31.17857142857143,-0.03125,3.369769119769117,7.350289808767253,0.4684049753063837,11.666666666666666,0.6666666666666666,0.2164948453608246,0.2747472725452906,0.1015729888602632,0.1366015760758947,0.0606060606060605,-0.6000000000000001,-0.1152706709080614,0.0001839158738521,0.21095116017085838,0,약과
52.0,36.25,0.6396396396396395,3.8234728234728217,7.478913769589918,0.4708303038607446,10.333333333333334,0.6666666666666666,0.7464788732394367,1.0571584848899225,0.3477977331716035,0.1177259659249954,-0.1388888888888888,-0.6000000000000001,-0.0207803875209278,0.0001839158738521,0.21095116017085838,1,약과
52.0,41.5,0.6774193548387097,3.966329966329964,8.07439145748039,0.4607437237741645,9.0,0.6666666666666666,0.0338983050847456,-0.1825965402760789,0.5302905393589654,0.1771306239816714,-0.2702702702702703,-0.5,-0.0024762322026138,0.0001839158738521,0.21095116017085838,1,약과
52.0,46.75,0.6774193548387097,2.862433862433861,8.35210650181144,0.3878365839656162,10.0,0.3333333333333333,-0.2338709677419355,-0.9803498409813722,0.5185964912280712,0.1210783426895403,-0.1891891891891892,-0.5,0.1057832394232078,0.0001839158738521,0.21095116017085838,1,약과
52.0,52.0,0.6774193548387097,2.2044817927170848,8.409135997720906,0.3252151769798829,12.333333333333334,0.6666666666666666,-0.2704918032786885,-0.3043901083634341,-0.3458062809750815,0.1440550259243773,0.0571428571428571,0.0,-0.3056965785490223,0.0001839158738521,0.21095116017085838,1,약과
34.0,47.5,-0.3461538461538461,2.7878151260504183,7.699099188947646,0.4649373992021051,14.333333333333334,1.3333333333333333,0.3578947368421052,0.5917657045840408,-0.2708683297196097,0.0294408287274317,0.3870967741935482,1.0,-0.0125159842310881,0.0001839158738521,0.21095116017085838,0,약과
34.0,43.0,-0.3461538461538461,2.545751633986926,7.979827297030066,0.4260012395762902,14.0,1.3333333333333333,0.2808988764044944,0.5513906796831829,-0.3581593927893739,-0.0117116145468418,0.5555555555555556,1.0,-0.0754052250853956,0.0001839158738521,0.21095116017085838,0,약과
34.0,38.5,-0.3461538461538461,2.72222222222222,8.048421736065693,0.4655491698595147,13.0,1.3333333333333333,-0.1240310077519381,-0.4819257445940433,-0.0489833641404806,-0.0363602602145796,0.3,3.0,0.2003745626554613,0.0001839158738521,0.21095116017085838,0,약과
35.714285714285715,34.42857142857143,-0.3131868131868132,2.4020467836257287,8.27633430581003,0.4358997712056474,14.333333333333334,0.6666666666666666,-0.0701754385964911,-0.3510743150009855,0.0896196972736798,-0.0157925489547164,0.162162162162162,0.0,0.3403426471471567,0.0001839158738521,0.21095116017085838,0,약과
40.0,35.92857142857143,0.1764705882352941,19.557275541795665,7.694634753725241,0.6068936368038869,15.666666666666666,1.6666666666666667,7.787610619469026,7.911641627220964,6.015269900448186,-0.0005798646195926,0.0930232558139534,0.2500000000000002,0.3053233356692701,0.0001839158738521,0.21095116017085838,0,약과
40.0,37.42857142857143,0.1764705882352941,26.72394220846233,6.758113807807471,0.7708884161577089,17.0,1.6666666666666667,11.688679245283016,11.758854683879507,9.497466387406265,-0.1531002418657974,0.2142857142857142,0.2500000000000002,0.8095919554704831,0.0001839158738521,0.21095116017085838,0,약과
40.0,38.92857142857143,0.1764705882352941,26.696078431372552,5.095711182981487,0.7655811509866259,16.333333333333332,1.3333333333333333,0.3474320241691844,-7.440178595299842,8.80672268907564,-0.3668682693220272,0.2564102564102564,0.0,0.6444689423840013,0.0001839158738521,0.21095116017085838,0,약과
39.142857142857146,39.785714285714285,0.096,9.425770308123248,5.844447524941297,0.5985555393566403,15.666666666666666,0.6666666666666666,-0.6646840148698885,-12.353363260152904,2.9240577545686595,-0.2938362191533921,0.0930232558139534,0.0,0.3731494689733519,0.0001839158738521,0.21095116017085838,0,약과
34.0,38.285714285714285,-0.15,2.592436974789914,6.358287638783145,0.4553940933361518,14.333333333333334,0.3333333333333333,-0.9170403587443946,-1.264472382913579,-0.867443858974649,-0.1736725858618726,-0.0851063829787233,-0.8,-0.2496311285542297,0.0001839158738521,0.21095116017085838,0,약과
34.0,36.785714285714285,-0.15,2.1992481203007497,7.436670080356649,0.3677428725069379,15.0,0.6666666666666666,-0.7915742793791575,-0.126890264509269,-0.9177049514946062,0.1004061624066259,-0.1176470588235294,-0.6000000000000001,-0.5229622539409066,0.0001839158738521,0.21095116017085838,0,약과
34.0,35.285714285714285,-0.15,2.2913806254767333,7.559502582995292,0.3809280788455675,18.0,1.3333333333333333,0.072072072072072,0.9891124308164666,-0.9141678943082532,0.48350295209868,0.1020408163265307,0.0,-0.5024327880138444,0.0001839158738521,0.21095116017085838,0,약과
34.714285714285715,34.17857142857143,-0.1131386861313868,2.3330472921434,7.66418044261165,0.392409560327049,19.0,1.6666666666666667,0.4148936170212767,1.2064678964004345,-0.7524820554843406,0.3113609814964728,0.2127659574468086,1.5000000000000004,-0.3444057660065566,0.0001839158738521,0.21095116017085838,0,약과
35.0,34.42857142857143,0.0294117647058822,2.4383104500381365,7.543936551681472,0.4306085059670109,18.666666666666668,1.3333333333333333,0.1680672268907563,0.0959951548186843,-0.0594523709739432,0.186472990883004,0.3023255813953489,3.0,-0.0544266773149498,0.0001839158738521,0.21095116017085838,0,약과
35.0,34.67857142857143,0.0294117647058822,2.7668128654970734,7.613209609374098,0.4844799498746867,15.0,0.3333333333333333,-0.0601503759398497,-0.4750439929611264,0.2580721747388415,0.0237390562052448,0.0,-0.5,0.3174421208273628,0.0001839158738521,0.21095116017085838,0,약과
35.0,34.92857142857143,0.0294117647058822,11.705538355693152,7.345735022709876,0.6287981054276741,15.666666666666666,1.0,3.201438848920863,3.0333716220301064,4.10850891621629,-0.0282779928888806,-0.1296296296296296,-0.25,0.6507003299239484,0.0001839158738521,0.21095116017085838,0,약과
33.285714285714285,34.57142857142857,-0.0411522633744856,16.112336601307188,6.404490352824006,0.7840000366041631,14.333333333333334,2.0,5.32,5.38015037593985,5.906133731436101,-0.1643607035638101,-0.2456140350877192,0.1999999999999999,0.9979126806970446,0.0001839158738521,0.21095116017085838,0,약과
31.0,33.57142857142857,-0.1142857142857143,16.480392156862745,5.162737581102393,0.803718346463318,15.666666666666666,2.0,0.4058219178082194,-2.795616931112644,5.758939230484364,-0.3156440877075421,-0.1607142857142858,0.5,0.8664711340488271,0.0001839158738521,0.21095116017085838,0,약과
31.0,32.57142857142857,-0.1142857142857143,8.064102564102562,6.341769244038872,0.6994401236551814,14.333333333333334,1.3333333333333333,-0.5278481012658227,-5.847848101265823,1.914581851437864,-0.1670045132830323,-0.0444444444444444,3.0,0.4436926106768613,0.0001839158738521,0.21095116017085838,0,약과
31.0,31.57142857142857,-0.1142857142857143,5.8527930402930375,6.287739284151535,0.671951543653239,14.333333333333334,1.0,-0.6954933008526187,-1.101315218660838,-0.4999979614396419,-0.1440285737625261,-0.0851063829787233,0.0,0.0686284482301584,0.0001839158738521,0.21095116017085838,0,약과
31.0,31.0,-0.0686695278969956,7.1652930402930375,6.086506488077536,0.6850068656348801,14.0,1.3333333333333333,-0.1608579088471849,0.3669901924186377,-0.5552915000725767,-0.0496501434507209,-0.0232558139534884,-0.3333333333333333,-0.1262667938104498,0.0001839158738521,0.21095116017085838,0,약과
33.0,31.5,0.064516129032258,7.42471988795518,4.5081548959017175,0.7227310062613133,15.333333333333334,1.0,0.3800000000000001,1.0754933008526188,-0.549481601087788,-0.1267898425821021,-0.0212765957446807,-0.5,-0.1007658224530787,0.0001839158738521,0.21095116017085838,0,약과
33.0,32.0,0.064516129032258,5.659640522875815,6.53084273617668,0.6210046082853661,15.666666666666666,0.6666666666666666,-0.1246006389776357,0.0362572698695492,-0.2981685838087222,0.0298139974606508,0.0930232558139534,-0.5,-0.1121404287759783,0.0001839158738521,0.21095116017085838,0,약과
33.0,32.5,0.064516129032258,3.928579916815208,7.483732465104193,0.5451032708168645,14.333333333333334,0.6666666666666666,-0.4927536231884057,-0.8727536231884059,-0.3287683521748938,0.1902103644734762,0.0,-0.3333333333333333,-0.18877592295827,0.0001839158738521,0.21095116017085838,0,약과
33.0,33.0,0.064516129032258,3.260606060606058,7.812665366666592,0.4892622743686574,13.333333333333334,1.0,-0.5109489051094891,-0.3863482661318533,-0.544944492532198,0.2836042123622668,-0.0476190476190475,-0.25,-0.2857556633170416,0.0001839158738521,0.21095116017085838,0,약과
40.142857142857146,34.785714285714285,0.2164502164502164,3.1459861775651228,7.875602310469751,0.4915535639468112,14.666666666666666,1.0,-0.2,0.2927536231884057,-0.5762821729249709,0.7469679929652193,-0.0434782608695653,0.0,-0.3198665067801404,0.0001839158738521,0.21095116017085838,0,약과
43.0,37.285714285714285,0.303030303030303,3.162303193882139,7.759905020569405,0.5014547738480212,15.333333333333334,0.6666666666666666,0.0970149253731345,0.6079638304826236,-0.4412537013436874,0.1881935201998521,-0.0212765957446807,0.0,-0.192510382116857,0.0001839158738521,0.21095116017085838,0,약과
43.0,39.785714285714285,0.303030303030303,2.726045883940619,7.829859487216491,0.4469108154529715,17.0,0.3333333333333333,-0.0285714285714284,0.1714285714285716,-0.3060989106337056,0.0462505873541376,0.1860465116279068,-0.5,-0.1801355093994329,0.0001839158738521,0.21095116017085838,0,약과
43.0,42.285714285714285,0.303030303030303,2.862887989203776,7.899147865928846,0.4414674376163465,15.333333333333334,0.0,-0.108843537414966,-0.2058584627881005,-0.1219767319356442,0.0110695255976582,0.1499999999999999,-1.0,-0.0976875578931263,0.0001839158738521,0.21095116017085838,0,약과
45.0,43.5,0.1209964412811386,2.563742690058477,8.534873197174024,0.4094161555650644,15.0,0.0,-0.1397058823529412,-0.1111344537815127,-0.1850750304177372,0.0837105354885485,0.0227272727272727,-1.0,-0.1670975747225677,0.0001839158738521,0.21095116017085838,0,약과
50.0,45.25,0.1627906976744186,7.205555555555553,8.643635124213004,0.5338706582229898,16.0,0.6666666666666666,2.5267175572519087,2.635561094666875,1.2785783379328013,0.1138841392131824,0.0434782608695651,0.0,0.0646436848655729,0.0001839158738521,0.21095116017085838,0,약과
50.0,47.0,0.1627906976744186,7.402777777777775,8.739472584267869,0.5784880778404095,19.33333333333333,1.0,3.316239316239317,3.455945198592258,1.715573432343235,0.1161723398148419,0.1372549019607842,2.0,0.2944150327936823,0.0001839158738521,0.21095116017085838,0,약과
50.0,48.75,0.1627906976744186,8.741666666666664,8.016423961818731,0.6609902650670061,21.666666666666668,2.0,0.3073593073593075,-2.219358249892601,2.053443480720281,0.014846676866973,0.4130434782608696,0.0,0.4972571219203578,0.0001839158738521,0.21095116017085838,0,약과
50.0,50.0,0.1111111111111111,4.426010101010097,7.916121030508858,0.5531553263579967,21.666666666666668,2.333333333333333,-0.4316831683168317,-3.747922484556149,0.7263862392169875,-0.0724969372562021,0.4444444444444444,0.0,0.3510832897997089,0.0001839158738521,0.21095116017085838,0,약과
47.42857142857143,49.35714285714286,-0.0514285714285713,4.075701459034788,8.064797480748402,0.5005298987325691,22.666666666666668,2.333333333333333,-0.5529801324503312,-0.8603394398096387,-0.4343667982835295,-0.0669669224980509,0.4166666666666667,2.5000000000000004,-0.0624510056450691,0.0001839158738521,0.21095116017085838,0,약과
47.0,48.60714285714286,-0.06,5.079034792368122,8.07135063695238,0.5442100476883086,24.666666666666668,3.0,0.3135888501742161,0.7452720184910478,-0.3139014914624672,-0.0764487720366777,0.2758620689655173,2.0,-0.0592545144232986,0.0001839158738521,0.21095116017085838,1,약과
47.0,47.85714285714286,-0.06,6.2979480630055305,7.628548745488465,0.6251775242638187,26.0,4.0,0.8703703703703705,1.4233505028207016,-0.2795483626685758,-0.0483850677281627,0.1999999999999999,1.0,-0.0541804360757975,0.0001839158738521,0.21095116017085838,1,약과
47.0,47.10714285714286,-0.06,6.310293742017876,7.178349826575659,0.6272596063459008,23.0,4.666666666666667,0.2758620689655173,-0.0377267812086987,0.4257296296223434,-0.0931985755510579,0.0615384615384615,1.0,0.1339664945031091,0.0001839158738521,0.21095116017085838,1,약과
40.71428571428572,45.42857142857143,-0.1415662650602408,4.15325670498084,7.842280888451486,0.5089120279983224,20.0,3.333333333333333,-0.4079207920792079,-1.2782911624495783,0.019028686650768,-0.0275910948573833,-0.1176470588235294,0.4285714285714286,0.0167465106219992,0.0001839158738521,0.21095116017085838,0,약과
36.0,42.67857142857143,-0.2340425531914893,2.9999999999999964,8.190822713493016,0.4469705603038936,17.333333333333332,1.3333333333333333,-0.6632016632016633,-0.9390637321671806,-0.4093365919627352,0.0148019931129825,-0.2972972972972973,-0.5555555555555556,-0.1786800662675526,0.0001839158738521,0.21095116017085838,0,약과
36.0,39.92857142857143,-0.2340425531914893,3.2861952861952823,7.943022194510728,0.4877028835362169,18.33333333333333,1.0,-0.3578595317725752,0.0500612603066327,-0.4782117519357516,0.0412232338697768,-0.2948717948717949,-0.75,-0.2198969658889862,0.0001839158738521,0.21095116017085838,0,약과
36.0,37.17857142857143,-0.2340425531914893,3.165337586390214,8.066560418707189,0.4864470730698801,19.0,0.6666666666666666,0.1604938271604938,0.8236954903621572,-0.4983850648166472,0.1237346484345469,-0.1739130434782608,-0.8571428571428572,-0.2244884444198849,0.0001839158738521,0.21095116017085838,0,약과
36.0,36.0,-0.1157894736842106,2.9245968456494738,8.146350191524231,0.4643561878584274,18.666666666666668,1.0,-0.0885416666666666,0.2693178651059086,-0.2958304642855044,0.0387730696461683,-0.0666666666666666,-0.7,-0.0875511634400627,0.0001839158738521,0.21095116017085838,0,약과
36.0,36.0,0.0,3.5219994430520707,8.38184190039452,0.4349104143337066,16.333333333333332,0.3333333333333333,-0.0904255319148935,-0.2509193590753874,0.1739998143506915,0.0233211233575878,-0.0576923076923077,-0.75,-0.02698196937621,0.0001839158738521,0.21095116017085838,0,약과
36.0,36.0,0.0,4.179894179894177,8.235188601147634,0.4440155183636227,14.666666666666666,0.3333333333333333,0.0628571428571427,0.1513988095238093,0.2719555035128811,0.0367827760620909,-0.1999999999999999,-0.6666666666666667,-0.0895778283200369,0.0001839158738521,0.21095116017085838,0,약과
36.0,36.0,0.0,4.502506265664157,8.109860270586989,0.491776242660807,15.0,0.0,0.2105263157894736,0.3009518477043672,0.4224410960218827,0.0053678209338621,-0.2105263157894736,-1.0,0.0109552917181625,0.0001839158738521,0.21095116017085838,0,약과
36.0,36.0,0.0,4.1096491228070136,8.26955357416732,0.519027274652551,15.333333333333334,0.3333333333333333,0.0698924731182795,0.0070353302611367,0.4052019268639988,0.015123752324234,-0.1785714285714286,-0.6666666666666667,0.1177352390764128,0.0001839158738521,0.21095116017085838,0,약과
37.71428571428572,36.42857142857143,0.0476190476190478,5.080237358101132,7.962063985738725,0.5866765565875472,16.333333333333332,1.3333333333333333,0.2657004830917873,0.0551741673023136,0.4424299152355158,-0.0500818220677767,0.0,3.0,0.348959549488715,0.0001839158738521,0.21095116017085838,0,약과
38.0,36.92857142857143,0.0555555555555555,5.0678104575163365,7.941614504981769,0.6021650326797385,18.0,2.0,0.4020100502512564,0.3321175771329769,0.2124255398361876,-0.0356487398630983,0.2272727272727273,5.0,0.3561801508626567,0.0001839158738521,0.21095116017085838,0,약과
38.0,37.42857142857143,0.0555555555555555,4.635270774976654,8.007449405092546,0.5565818800638535,19.666666666666668,2.333333333333333,0.0419847328244276,-0.2237157502673596,0.0294868016786453,-0.012627944511679,0.3111111111111111,0.0,0.1317787070241716,0.0001839158738521,0.21095116017085838,0,약과
38.0,37.92857142857143,0.0555555555555555,4.638366750208852,8.61958339171857,0.5797248438563134,20.33333333333333,1.3333333333333333,0.032258064516129,-0.3697519857351274,0.1286527417797431,0.0423275349040221,0.326086956521739,3.0,0.1169448546695253,0.0001839158738521,0.21095116017085838,0,약과
43.142857142857146,39.285714285714285,0.1439393939393938,4.809663046505148,8.889297910461504,0.5852602543675499,18.33333333333333,0.6666666666666666,0.0109890109890109,-0.0309957218354166,-0.0532601712328493,0.1164564774138461,0.1224489795918366,-0.5,-0.0024141108147143,0.0001839158738521,0.21095116017085838,0,약과
50.0,42.285714285714285,0.3157894736842106,7.217692925123262,8.963842438832687,0.7028321013050943,17.0,0.3333333333333333,0.34375,0.311491935483871,0.4242231404724936,0.128717899012811,-0.0555555555555555,-0.8333333333333334,0.1671752147037997,0.0001839158738521,0.21095116017085838,1,약과
50.0,45.285714285714285,0.3157894736842106,6.089687726942625,8.93893208006534,0.6599813563369633,19.666666666666668,1.6666666666666667,0.2862318840579709,0.27524287306896,0.3137717347209983,0.1163270134907621,0.0,-0.2857142857142857,0.1857758579227326,0.0001839158738521,0.21095116017085838,1,약과
50.0,48.285714285714285,0.3157894736842106,7.283290420545318,8.525697712279808,0.676042160069,20.666666666666668,3.333333333333333,0.1627906976744186,-0.1809593023255813,0.5702273694113069,-0.0108921365653198,0.0163934426229508,1.5000000000000004,0.1661431577987697,0.0001839158738521,0.21095116017085838,1,약과
48.42857142857143,49.60714285714286,0.1225165562913908,5.913355780022443,7.783851404363547,0.6397771783092884,25.0,3.333333333333333,0.2929577464788733,0.0067258624209023,0.2294740240315322,-0.1243570096573088,0.3636363636363637,4.000000000000001,0.0931498825264516,0.0001839158738521,0.21095116017085838,1,약과
39.0,46.85714285714286,-0.2199999999999999,6.110886644219974,7.855317638793672,0.6486207619540952,25.33333333333333,2.6666666666666665,0.0555555555555555,-0.107235142118863,-0.1533462690066419,-0.1236662522353942,0.4901960784313726,7.0,-0.077132702462414,0.0001839158738521,0.21095116017085838,0,약과
39.0,44.10714285714286,-0.2199999999999999,5.577777777777773,8.251714457018375,0.6368849404023228,26.666666666666668,2.0,0.0239651416122004,-0.2689926048666728,-0.0840617732991475,-0.0768791637403225,0.3559322033898304,0.1999999999999999,-0.0349955581515674,0.0001839158738521,0.21095116017085838,0,약과
39.0,41.35714285714286,-0.2199999999999999,5.180555555555552,8.698907820239507,0.6166264951438776,24.666666666666668,2.0,-0.1473684210526316,-0.2029239766081871,-0.2887067168237853,0.0203162384833583,0.1935483870967742,-0.4,-0.0878875141737582,0.0001839158738521,0.21095116017085838,0,약과
39.0,39.0,-0.1946902654867257,5.437345679012343,8.514963030529152,0.6219351371191862,21.666666666666668,1.3333333333333333,-0.1744680851063829,-0.1984332267185833,-0.0804974567263892,0.0939267193301958,-0.1333333333333333,-0.6000000000000001,-0.0278878987794665,0.0001839158738521,0.21095116017085838,0,약과
36.0,38.25,-0.0769230769230768,6.7886363636363605,8.263908669011784,0.6625504875504876,20.0,1.0,0.1037037037037036,0.2510721247563352,0.1109085733176609,0.0520145777683482,-0.2105263157894736,-0.625,0.0214759169201219,0.0001839158738521,0.21095116017085838,0,약과
36.0,37.5,-0.0769230769230768,8.436363636363632,7.550576143873641,0.7159045409045408,18.666666666666668,1.3333333333333333,0.4072164948453607,0.5816845799517436,0.5124954726548356,-0.0849688045795611,-0.2999999999999999,-0.3333333333333333,0.1240720191190281,0.0001839158738521,0.21095116017085838,0,약과
36.0,36.75,-0.0769230769230768,8.848484848484846,6.474159293107299,0.7412470066579656,19.33333333333333,1.6666666666666667,0.3064876957494407,0.202783992045737,0.7080185230319287,-0.2557503278694306,-0.2162162162162163,-0.1666666666666666,0.2021004814024578,0.0001839158738521,0.21095116017085838,0,약과
36.0,36.0,-0.0769230769230768,7.600790513833989,6.721299856192491,0.7260532163003872,20.0,1.6666666666666667,-0.0695970695970695,-0.4768135644424303,0.3978862045082667,-0.2106483807276372,-0.0769230769230769,0.2500000000000002,0.1674098679542011,0.0001839158738521,0.21095116017085838,0,약과
36.57142857142857,36.14285714285714,0.0158730158730158,6.5241416724792645,8.041361322038053,0.7089670889201422,18.666666666666668,1.0,-0.3082191780821918,-0.6147068738316325,-0.0389613873816947,-0.0269300346709111,-0.0666666666666666,0.0,0.0700574556080415,0.0001839158738521,0.21095116017085838,0,약과
37.0,36.39285714285714,0.0277777777777776,6.998294970161974,8.096299237900908,0.6899435010828475,17.333333333333332,1.6666666666666667,-0.2224409448818898,-0.1528438752848202,-0.1704607255195931,0.0722756891167906,-0.0714285714285715,0.2500000000000002,-0.0362632702243956,0.0001839158738521,0.21095116017085838,0,약과
37.0,36.64285714285714,0.0277777777777776,7.582352941176467,8.14624540508065,0.6894291590656269,16.666666666666668,1.6666666666666667,0.0173267326732673,0.3255459107554591,-0.1430902497985497,0.2582707709638123,-0.1379310344827584,0.0,-0.0699063161495492,0.0001839158738521,0.21095116017085838,0,약과
37.0,36.89285714285714,0.0277777777777776,8.48883861236802,7.908510926140415,0.6620643669949523,15.333333333333334,1.6666666666666667,0.0632911392405064,0.2857320841223962,0.116836281294389,0.1766341474639192,-0.2333333333333332,0.0,-0.0881324507196468,0.0001839158738521,0.21095116017085838,0,약과
37.285714285714285,37.07142857142857,0.01953125,7.3192307692307645,8.46948147745472,0.6465879799213132,16.0,0.6666666666666666,-0.0900243309002433,-0.1073510635735106,0.121868766293874,0.0532397610642572,-0.1428571428571429,-0.3333333333333333,-0.0879859022706416,0.0001839158738521,0.21095116017085838,0,약과
38.0,37.32142857142857,0.0270270270270269,5.989601139601136,8.504639697215934,0.6108355608355609,15.0,0.3333333333333333,-0.3190476190476191,-0.3823387582881256,-0.144134226245324,0.0504354455432523,-0.1346153846153845,-0.8,-0.1146585772938347,0.0001839158738521,0.21095116017085838,0,약과
38.0,37.57142857142857,0.0270270270270269,3.9639601139601104,8.64801807869238,0.5595535095535096,15.0,0.3333333333333333,-0.446524064171123,-0.3564997332708797,-0.4772123976933909,0.0615955754658192,-0.1,-0.8,-0.1883814280326289,0.0001839158738521,0.21095116017085838,0,약과
38.0,37.82142857142857,0.0270270270270269,3.7610189374895215,8.319073001963535,0.548122783416901,14.0,0.6666666666666666,-0.3601398601398601,-0.0410922410922409,-0.5569454068770003,0.0519139544292803,-0.0869565217391304,-0.6000000000000001,-0.1721004622182301,0.0001839158738521,0.21095116017085838,0,약과
38.0,38.0,0.0191570881226053,3.6614819004524857,8.61181811965431,0.553134967732364,13.666666666666666,0.3333333333333333,-0.178743961352657,0.267780102818466,-0.499744984699082,0.0168058272018758,-0.1458333333333333,-0.5,-0.1445325541008696,0.0001839158738521,0.21095116017085838,0,약과
34.57142857142857,37.142857142857146,-0.0902255639097745,4.362336601307185,8.260984197123365,0.6192888138862103,14.666666666666666,1.0,0.1366120218579234,0.4967518819977835,-0.2716816195881641,-0.0286497145990007,-0.0222222222222222,2.0,0.013838835838382,0.0001839158738521,0.21095116017085838,0,약과
34.0,36.142857142857146,-0.1052631578947368,4.6263888888888856,8.533949589619215,0.6335390210113138,14.333333333333334,0.6666666666666666,0.247058823529412,0.425802784882069,0.167112875983757,-0.0131901307369157,-0.0444444444444444,1.0,0.1322224062482249,0.0001839158738521,0.21095116017085838,0,약과
34.0,35.142857142857146,-0.1052631578947368,4.730555555555552,8.71904801885065,0.6304549011239152,14.333333333333334,0.6666666666666666,0.0432692307692308,-0.0933427910886925,0.2577856251670973,0.0480792771974365,0.0238095238095239,0.0,0.1502074356292404,0.0001839158738521,0.21095116017085838,0,약과
34.0,34.142857142857146,-0.1052631578947368,4.767592592592589,8.790215506400237,0.617182036422479,15.0,0.6666666666666666,0.1084905660377357,-0.1385682574916762,0.3020937211251571,0.0207154150572199,0.0975609756097561,1.0,0.115789224016487,0.0001839158738521,0.21095116017085838,0,약과
31.142857142857142,33.285714285714285,-0.0991735537190082,5.330165692007793,8.625157863313882,0.635786386133052,16.666666666666668,0.6666666666666666,0.3179723502304148,0.274703119461184,0.2218602504012632,0.0440835689187408,0.1363636363636364,-0.3333333333333333,0.0266395450344321,0.0001839158738521,0.21095116017085838,0,약과
29.0,32.035714285714285,-0.1470588235294118,5.529239766081868,8.198353767872385,0.6615860494327154,17.333333333333332,1.3333333333333333,0.2978723404255321,0.1893817743877963,0.19515239615099,-0.0393247954212259,0.2093023255813952,1.0,0.0442704040180987,0.0001839158738521,0.21095116017085838,0,약과
29.0,30.785714285714285,-0.1470588235294118,9.81968810916179,7.736762253340111,0.7307657950017098,30.0,14.666666666666666,3.374125874125874,3.05615352389546,1.0758001874916308,-0.1126597494803135,1.0930232558139532,21.0,0.1591087541693621,0.0001839158738521,0.21095116017085838,0,약과
29.0,29.535714285714285,-0.1470588235294118,11.51900584795321,7.47955416966315,0.7527492101902264,35.5,22.0,4.552459016393442,4.25458667596791,1.4161053244881483,-0.1491045738051339,1.3666666666666667,32.0,0.2196550867772628,0.0001839158738521,0.21095116017085838,0,약과
0.0,0.0,0.0,192.0,4.910620546628905,0.0,1.0,0.5,0.0,0.0,0.0,0.0,0.0,0.0,0.0,0.5117255819155596,6.262226238044016,0,연어깍두기
0.0,0.0,0.0,138.0,5.410654944137201,0.0,1.0,0.3333333333333333,0.0,0.0,0.0,0.0,0.0,0.0,0.0,0.5117255819155596,6.262226238044016,0,연어깍두기
0.0,0.0,0.0,33.333333333333336,6.2663018913032165,0.0,1.0,0.0,-0.8263888888888888,0.0,0.0,0.0,0.0,0.0,0.0,0.5117255819155596,6.262226238044016,0,연어깍두기
0.0,0.0,0.0,28.33333333333333,7.039632961231095,0.0,1.0,0.0,-0.7946859903381642,0.0,0.0,0.0,0.0,0.0,0.0,0.5117255819155596,6.262226238044016,0,연어깍두기
0.0,0.0,0.0,80.66666666666667,6.920241262901888,0.1586452762923351,1.0,0.3333333333333333,3.29,4.116388888888888,-0.5798611111111112,0.4092396667978284,0.0,-0.3333333333333333,0.0,0.5117255819155596,6.262226238044016,0,연어깍두기
0.0,0.0,0.0,77.16666666666667,6.621713342253601,0.2504820109862126,1.0,0.3333333333333333,4.211764705882353,5.006450696220517,-0.4408212560386473,0.2238284293898025,0.0,0.0,0.0,0.5117255819155596,6.262226238044016,0,연어깍두기
0.0,0.0,0.0,75.38888888888889,4.072958552407546,0.3666436271478288,1.3333333333333333,0.6666666666666666,0.0885780885780884,-3.201421911421912,1.2616666666666665,-0.3500219710033019,0.3333333333333332,0.0,0.0,0.5117255819155596,6.262226238044016,0,연어깍두기
0.0,0.0,0.0,23.055555555555557,4.269441006564821,0.3746650175221604,2.0,0.6666666666666666,-0.5191873589164786,-4.730952064798832,-0.1862745098039215,-0.3935136916828432,1.0,0.0,0.0,0.5117255819155596,6.262226238044016,0,연어깍두기
0.0,0.0,0.0,26.73737373737374,3.138906262667617,0.508977240435041,5.0,3.0,0.1884368308351178,0.0998587422570294,-0.6685449536689205,-0.5464166430880519,4.0,8.0,2.2082722683602025,0.5117255819155596,6.262226238044016,0,연어깍두기
0.0,0.0,0.0,35.150072150072155,3.098625163793638,0.6285999937093455,10.666666666666666,6.666666666666667,5.333333333333334,5.852520692249812,-0.5444915056146158,-0.5320508449042787,9.666666666666666,19.000000000000004,1.5095614301178126,0.5117255819155596,6.262226238044016,0,연어깍두기
36.44314868804665,9.110787172011662,0.0,33.608405483405484,1.8953614952043507,0.7005786472397232,21.666666666666668,14.333333333333334,3.043243243243243,2.854806412408125,-0.5541994851132654,-0.5346474876146252,15.250000000000004,20.500000000000004,0.9107891024579392,0.5117255819155596,6.262226238044016,0,연어깍두기
14.57725947521866,12.755102040816327,0.0,24.033253968253973,3.6139675620370726,0.6552117033182046,33.333333333333336,17.333333333333332,0.6263899184581172,-4.706943414875217,0.0424061962134254,-0.1535267599481695,15.666666666666668,25.0,0.7487933825565942,0.5117255819155596,6.262226238044016,0,연어깍두기
0.0,12.755102040816327,0.0,20.43166666666667,3.6722229835833176,0.7110607817631545,42.0,20.0,0.2526737967914438,-2.7905694464517987,-0.2358386853041179,0.1699052715459106,7.4,5.666666666666667,0.3970384631646504,0.5117255819155596,6.262226238044016,0,연어깍두기
47.376093294460645,24.599125364431487,0.0,15.98,3.860544508706517,0.722298989020353,44.333333333333336,18.33333333333333,0.092525068368277,-0.5338648500898402,-0.5453778890759063,0.2458894847352442,3.156250000000001,1.7499999999999996,0.1490598094952135,0.5117255819155596,6.262226238044016,0,연어깍두기
73.61516034985422,33.89212827988338,1.02,15.051494252873562,4.710239826012368,0.7331369772999431,46.66666666666666,19.33333333333333,-0.1853432942013517,-0.4380170909927956,-0.5521508968848463,1.4851406119256043,1.1538461538461535,0.3488372093023255,0.0464734832962716,0.5117255819155596,6.262226238044016,0,연어깍두기
58.30903790087464,44.82507288629738,3.0,8.50752262166789,4.706623076814901,0.6836582827858746,46.333333333333336,19.0,-0.4659991656236962,-0.5585242339919733,-0.6460103724237403,0.3023423691611484,0.3899999999999999,0.0961538461538462,0.0434158598260796,0.5117255819155596,6.262226238044016,0,연어깍두기
54.66472303206997,58.49125364431487,0.0,6.148654697139588,4.767854194452177,0.6510199423305275,48.333333333333336,17.666666666666668,-0.5890829694323144,-0.4037396752309626,-0.6990624995282035,0.2983563949593697,0.1507936507936509,-0.1166666666666665,-0.0844384066348716,0.5117255819155596,6.262226238044016,0,연어깍두기
54.66472303206997,60.3134110787172,0.1538461538461537,6.588140836422888,3.455358165806751,0.686745579476043,47.0,17.333333333333332,-0.234375,0.2316241656236962,-0.5877258550423725,-0.1049557496322001,0.0601503759398496,-0.0545454545454545,-0.0492225658415095,0.5117255819155596,6.262226238044016,0,연어깍두기
75.94752186588921,60.89650145772595,0.0316831683168317,5.154334689850783,3.618091818238586,0.6810393415302771,48.66666666666666,15.0,-0.1349628055260362,0.4541201639062782,-0.657553289842519,-0.2318667516125991,0.0428571428571429,-0.2241379310344827,-0.0710612578314292,0.5117255819155596,6.262226238044016,1,연어깍두기
91.2536443148688,69.13265306122449,0.5649999999999997,5.57899971582836,3.1380553456729925,0.7027725674228377,47.0,12.666666666666666,-0.1448979591836735,0.0894770408163264,-0.3442274603397289,-0.3332681851811683,0.014388489208633,-0.3333333333333333,0.0279588284355647,0.5117255819155596,6.262226238044016,1,연어깍두기
94.60641399416907,79.11807580174927,0.7306666666666661,4.879957308167622,3.425989356976231,0.6595908264298792,44.0,9.0,-0.1339066339066338,0.0010561716194024,-0.2063373943510238,-0.281439990140077,-0.0896551724137931,-0.490566037735849,0.0131653172845513,0.5117255819155596,6.262226238044016,1,연어깍두기
100.0,90.45189504373178,0.8293333333333333,3.870698048908362,5.878978913740214,0.5471201849867169,38.0,7.666666666666667,-0.3997613365155131,-0.2548633773318396,-0.4124749083217829,0.7014094144904948,-0.1914893617021277,-0.5576923076923077,-0.2033145879087481,0.5117255819155596,6.262226238044016,1,연어깍두기
29.15451895043732,78.7536443148688,-0.6161228406909789,2.4232342807924203,6.957702621686673,0.4369612165397049,33.333333333333336,6.333333333333333,-0.6070921985815603,-0.4731855646749264,-0.5298647785593116,0.9230309708043636,-0.3150684931506848,-0.5777777777777777,-0.3583906392869099,0.5117255819155596,6.262226238044016,1,연어깍두기
0.0,55.9402332361516,-1.0,2.6023307790549173,6.952232540422719,0.4459007666981804,29.33333333333333,6.333333333333333,-0.5089463220675945,-0.1091849855520813,-0.5335488597226917,1.215458866909096,-0.375886524822695,-0.5,-0.3655119915489031,0.5117255819155596,6.262226238044016,0,연어깍두기
0.0,32.28862973760933,-1.0,3.581675508399646,6.572833996417056,0.5647356355330494,27.33333333333333,5.666666666666667,0.0902527075812276,0.6973449061627879,-0.2660436798483937,0.9185214288634628,-0.3787878787878788,-0.3703703703703703,-0.143809142116554,0.5117255819155596,6.262226238044016,0,연어깍두기
0.0,7.28862973760933,-1.0,5.623342175066313,3.241658756098716,0.6763328577552716,23.666666666666668,5.0,0.6275303643724697,1.1364766864400642,0.4527979460067264,-0.4486017378762177,-0.3771929824561403,-0.3478260869565217,0.2361687181614251,0.5117255819155596,6.262226238044016,0,연어깍두기
0.0,0.0,-1.0,5.269230769230769,6.383072825837502,0.6444789580529017,22.666666666666668,4.0,0.2019867549668874,0.1117340473856598,1.1744619622613135,-0.0825890135140428,-0.32,-0.3684210526315788,0.4749111217616275,0.5117255819155596,6.262226238044016,0,연어깍두기
32.06997084548105,8.017492711370263,0.0,4.465811965811966,6.996230919063277,0.5596523263512699,22.0,3.333333333333333,-0.2661691542288558,-0.8936995186013255,0.716081599524333,0.0063286690116786,-0.25,-0.4736842105263157,0.2551050999427529,0.5117255819155596,6.262226238044016,0,연어깍두기
12.82798833819242,11.224489795918368,0.0,6.413728632478633,6.995883331640068,0.6132302044551075,25.666666666666668,3.333333333333333,0.5922865013774103,0.3902997464105229,0.7907062260211273,0.0643633074338441,-0.0609756097560975,-0.4117647058823529,0.0858712747536896,0.5117255819155596,6.262226238044016,0,연어깍두기
0.0,11.224489795918368,0.0,6.809027777777779,6.402101597143461,0.6514487409879982,24.666666666666668,3.333333333333333,1.0372881355932204,1.3034572898220762,0.2108506944444446,0.9749461861458506,0.0422535211267605,-0.3333333333333332,-0.0367927071440282,0.5117255819155596,6.262226238044016,0,연어깍두기
0.0,11.224489795918368,0.0,6.998570261437909,6.603102609692014,0.6824109364722526,22.33333333333333,2.333333333333333,0.0242214532871973,-0.568065048090213,0.3281958160393112,0.0344708246103462,-0.0147058823529412,-0.4166666666666666,0.0588568144008159,0.5117255819155596,6.262226238044016,0,연어깍두기
33.52769679300292,11.588921282798834,0.0454545454545454,3.191679235796883,7.487106309434877,0.5506060538914106,20.33333333333333,2.333333333333333,-0.6472545757071547,-1.684542711300375,-0.2853081902617506,0.0701628342532358,-0.0757575757575758,-0.2999999999999999,-0.0161640933735374,0.5117255819155596,6.262226238044016,1,연어깍두기
13.411078717201166,11.73469387755102,0.0454545454545454,2.8861236802413277,7.861971726317741,0.4963231539702128,18.0,1.3333333333333333,-0.7246621621621622,-0.7488836154493596,-0.550008451304563,0.1237997195808915,-0.2987012987012987,-0.6000000000000001,-0.1906413768199394,0.5117255819155596,6.262226238044016,1,연어깍두기
0.0,11.73469387755102,0.0,3.5010256410256404,7.5801630435964,0.5335165796583119,20.666666666666668,2.333333333333333,0.1084905660377357,0.7557451417448905,-0.4858259129957244,0.1840116762562118,-0.1621621621621621,-0.2999999999999999,-0.1810306074900511,0.5117255819155596,6.262226238044016,0,연어깍두기
0.0,11.73469387755102,0.0,3.569876543209876,7.142889249636902,0.537211111521858,20.666666666666668,2.333333333333333,0.4907975460122697,1.215459708174432,-0.4899134523404187,0.081747425695398,-0.0746268656716416,0.0,-0.2127747625221399,0.5117255819155596,6.262226238044016,0,연어깍두기
0.0,3.3527696793002915,-1.0,4.305987654320988,5.917509234241409,0.6356925930033394,23.666666666666668,2.333333333333333,0.3744680851063831,0.2659775190686473,0.3491292000857628,-0.2096400144893816,0.1639344262295083,0.0,0.154532516507182,0.5117255819155596,6.262226238044016,0,연어깍두기
0.0,0.0,-1.0,3.4459876543209877,7.514047913688151,0.5303841940532081,20.666666666666668,1.0,-0.0288065843621398,-0.5196041303744097,0.193984747747486,-0.0442540147358868,0.1481481481481481,-0.25,0.0686267400795883,0.5117255819155596,6.262226238044016,0,연어깍두기
0.0,0.0,0.0,3.1694444444444443,7.963751510414752,0.4691296296296297,19.0,0.3333333333333333,-0.3777089783281734,-0.7521770634345565,-0.0947097309701673,0.0506042501476802,-0.0806451612903226,-0.8571428571428572,-0.1206840658446238,0.5117255819155596,6.262226238044016,0,연어깍두기
0.0,0.0,0.0,2.055555555555556,8.403180684208175,0.3318121693121693,16.0,0.0,-0.5593220338983051,-0.5305154495361653,-0.4241942177341262,0.1764400077511125,-0.2258064516129032,-1.0,-0.3823430636567005,0.5117255819155596,6.262226238044016,0,연어깍두기
0.0,0.0,0.0,1.7485380116959064,8.442496794037591,0.3080548593706488,17.0,0.0,-0.5323383084577115,-0.154629330129538,-0.593928698346063,0.4266976965892088,-0.2816901408450705,-1.0,-0.5154027862504438,0.5117255819155596,6.262226238044016,0,연어깍두기
0.0,0.0,0.0,1.6902046783625737,8.516736420445593,0.3011816399974295,15.666666666666666,0.0,-0.1923076923076923,0.3670143415906128,-0.5095151672284157,0.1334418569424971,-0.2419354838709678,-1.0,-0.432144390096182,0.5117255819155596,6.262226238044016,0,연어깍두기
0.0,0.0,0.0,1.6911708619374524,8.555772129944039,0.3181893598362919,18.0,0.3333333333333333,0.0531914893617022,0.5855297978194137,-0.4664141014044848,0.0743394138748627,-0.0526315789473684,0.0,-0.3217453348928369,0.5117255819155596,6.262226238044016,0,연어깍두기
0.0,0.0,0.0,1.8791407867494825,8.5885877740156,0.3369863523174949,16.333333333333332,0.6666666666666666,0.1785714285714286,0.3708791208791209,-0.0858234010407925,0.0220639180299733,0.0208333333333332,0.0,0.0155937107914136,0.5117255819155596,6.262226238044016,0,연어깍두기
0.0,0.0,0.0,2.137474120082816,8.607704053029757,0.3602175963820723,15.666666666666666,0.6666666666666666,0.101010101010101,0.0478186116483987,0.2224350318868277,0.0195685308531998,-0.0784313725490196,0.0,0.1693293756767582,0.5117255819155596,6.262226238044016,0,연어깍두기
0.0,0.0,0.0,3.690756302521008,8.211546683380446,0.4901728058590803,14.333333333333334,0.6666666666666666,0.7878787878787878,0.6093073593073592,1.1836150081518633,-0.0358341179060675,-0.0851063829787233,0.0,0.6274989599740006,0.5117255819155596,6.262226238044016,0,연어깍두기
0.0,0.0,0.0,3.694419306184012,8.251649638548285,0.5052521709384455,18.33333333333333,0.3333333333333333,0.8623853211009174,0.7613752200908164,1.1845334432687555,-0.0355458849039896,0.0185185185185183,0.0,0.5878977574812596,0.5117255819155596,6.262226238044016,0,연어깍두기
0.0,0.0,0.0,3.667146578911285,8.257389293632993,0.5111213199448493,21.0,0.6666666666666666,0.231638418079096,-0.5562403697996918,0.9515017739861182,-0.038562623925744,0.2857142857142858,0.0,0.516741898981391,0.5117255819155596,6.262226238044016,0,연어깍두기
0.0,0.0,0.0,2.2763902763902766,8.704658817301855,0.3855148119854001,19.33333333333333,0.3333333333333333,-0.3103448275862069,-1.1727301486871244,0.0649908015270279,0.0112637195325009,0.2340425531914893,-0.5,0.0702275953684832,0.5117255819155596,6.262226238044016,0,연어깍두기
0.0,0.0,0.0,2.1466768525592057,8.677632279913785,0.3617519735166793,16.333333333333332,0.3333333333333333,-0.4770642201834862,-0.7087026382625823,-0.4183639675442953,0.0567597816227072,0.13953488372093,-0.5,-0.2619909362726268,0.5117255819155596,6.262226238044016,0,연어깍두기
0.0,0.0,0.0,2.519782913165266,8.292668037981057,0.443607291401409,14.333333333333334,0.6666666666666666,-0.157142857142857,0.1532019704433499,-0.317948856279672,0.0049709332351135,-0.2181818181818181,1.0,-0.1220081438196267,0.5117255819155596,6.262226238044016,0,연어깍두기
0.0,0.0,0.0,2.330559855521156,8.322320958912133,0.417036854614254,16.0,0.6666666666666666,0.0438596491228069,0.5209238693062932,-0.3644759473418538,0.0078634618001123,-0.2380952380952381,0.0,-0.1840746250630812,0.5117255819155596,6.262226238044016,0,연어깍두기
31.34110787172012,7.83527696793003,0.0,2.330559855521156,8.412643530054766,0.3948146323920317,16.0,0.6666666666666666,0.0084745762711864,0.1656174334140434,0.0237962618680558,-0.0335470112472029,-0.1724137931034481,1.0,0.0241231208698247,0.5117255819155596,6.262226238044016,1,연어깍두기
12.536443148688049,10.969387755102042,0.0,1.9466312840925843,8.738086078551541,0.333423939751339,15.333333333333334,0.3333333333333333,-0.1932773109243697,-0.2371369600471766,-0.0931884872323157,0.0069666236926966,-0.0612244897959182,0.0,-0.0783078900439895,0.5117255819155596,6.262226238044016,1,연어깍두기
0.0,10.969387755102042,0.0,3.787640056022409,8.27882051338989,0.4742759283200459,14.0,2.0,0.5042016806722689,0.4957271044010825,0.5031612589453209,-0.0016698515517254,-0.0232558139534884,2.0,0.0691346547117179,0.5117255819155596,6.262226238044016,0,연어깍두기
0.0,10.969387755102042,0.0,11.69940476190476,7.468475324725293,0.6906811570782159,15.333333333333334,2.333333333333333,5.864583333333333,6.057860644257703,4.019997548738589,-0.1025970565665916,-0.0416666666666666,2.5000000000000004,0.6561633568742367,0.5117255819155596,6.262226238044016,0,연어깍두기
0.0,3.134110787172012,-1.0,14.404166666666669,4.521115544655409,0.8125904977375566,14.333333333333334,2.0,3.083798882681564,2.579597202009295,5.180560706279579,-0.4625808726468199,-0.1041666666666666,2.0,1.0581569958904002,0.5117255819155596,6.262226238044016,0,연어깍두기
0.0,0.0,-1.0,14.522222222222224,5.3845868017002125,0.8269103499197277,15.333333333333334,0.6666666666666666,0.1411229135053111,-5.723460419828022,6.460181258204585,-0.3837796110847213,0.0,1.0,1.480056922536579,0.5117255819155596,6.262226238044016,0,연어깍두기
0.0,0.0,0.0,7.772222222222222,5.953217840937339,0.7462719278842466,13.666666666666666,0.6666666666666666,-0.5540355677154583,-3.637834450397023,1.051995994145289,-0.2809099036138298,-0.0238095238095238,-0.6666666666666667,0.5734973742556362,0.5117255819155596,6.262226238044016,0,연어깍두기
0.0,0.0,0.0,6.212962962962963,6.32395175416802,0.7077135786462859,16.0,1.3333333333333333,-0.5678191489361701,-0.7089420624414813,-0.4689505073631249,-0.1532472855293757,0.0434782608695651,-0.4285714285714286,0.0246603246570706,0.5117255819155596,6.262226238044016,0,연어깍두기
29.88338192419825,7.470845481049563,0.0,6.590740740740741,6.2909700232241015,0.7159898803102687,17.333333333333332,1.3333333333333333,0.1134969325153374,0.6675325002307957,-0.5424420660174203,0.3914641112547783,0.2093023255813952,-0.3333333333333333,-0.118879826550085,0.5117255819155596,6.262226238044016,1,연어깍두기
11.9533527696793,10.459183673469388,0.0,6.68922558922559,6.579603194809973,0.7029060265501853,15.666666666666666,1.3333333333333333,0.0461538461538462,0.6139729950900163,-0.5393800282859197,0.2219327939392541,0.0217391304347824,1.0,-0.1499610246522855,0.5117255819155596,6.262226238044016,1,연어깍두기
0.0,10.459183673469388,0.0,5.543722943722944,6.806101670255636,0.6180669398907104,14.333333333333334,1.6666666666666667,-0.2589531680440771,-0.3724501005594145,-0.2867261401929021,0.1432643407492055,0.048780487804878,1.5000000000000004,-0.1717939308758534,0.5117255819155596,6.262226238044016,0,연어깍두기
0.0,10.459183673469388,0.0,4.562770562770563,7.13608845199588,0.5822873231659716,12.333333333333334,1.6666666666666667,-0.4852941176470587,-0.531447963800905,-0.2656047380339481,0.1284223424526591,-0.2291666666666666,0.2500000000000002,-0.1772274254229084,0.5117255819155596,6.262226238044016,0,연어깍두기
0.0,2.988338192419825,-1.0,3.447619047619048,7.275926946417931,0.5335596088644868,14.0,1.3333333333333333,-0.4535315985130111,-0.194578430468934,-0.4768996106450448,0.1565667805692454,-0.1923076923076923,0.0,-0.2547944830822568,0.5117255819155596,6.262226238044016,0,연어깍두기
0.0,0.0,-1.0,3.5575091575091573,7.386974158515296,0.5491139075070208,14.0,0.3333333333333333,-0.1485714285714287,0.3367226890756301,-0.4681732421703228,0.1227081542458641,-0.1063829787234041,-0.75,-0.2187947083025674,0.5117255819155596,6.262226238044016,0,연어깍두기
0.0,0.0,0.0,2.3643874643874643,8.136024912979671,0.4770400915307658,15.0,0.6666666666666666,-0.2653061224489795,0.1882254760640316,-0.5735018707843946,0.195401612722909,0.0465116279069766,-0.6000000000000001,-0.228174068629009,0.5117255819155596,6.262226238044016,0,연어깍두기
0.0,0.0,0.0,2.297720797720798,8.35536226048728,0.4639508659415403,15.333333333333334,1.0,-0.2818791946308725,-0.1333077660594438,-0.4964198251674532,0.1708602432121455,0.2432432432432432,-0.4,-0.203226916534986,0.5117255819155596,6.262226238044016,0,연어깍두기
0.0,0.0,0.0,2.3544973544973544,8.398130264131222,0.4802189116213506,15.0,1.3333333333333333,0.0370370370370372,0.3023431594860167,-0.3170656844689994,0.1542350996618748,0.0714285714285714,0.0,-0.0999713928058666,0.5117255819155596,6.262226238044016,0,연어깍두기
0.0,0.0,0.0,2.282738095238095,8.54213188935295,0.4529082029082029,14.666666666666666,0.6666666666666666,-0.02803738317757,0.2538418114533024,-0.3583324752883031,0.1563776596546031,0.0476190476190476,1.0,-0.1752017264242898,0.5117255819155596,6.262226238044016,0,연어깍두기
0.0,0.0,0.0,2.3035714285714284,8.449543484939479,0.4554334554334554,14.333333333333334,1.0,-0.0625000000000001,-0.0995370370370373,-0.0257216876387861,0.0385346130712604,-0.0444444444444444,0.5,-0.0452931241648416,0.5117255819155596,6.262226238044016,0,연어깍두기
10.20408163265306,2.551020408163265,0.0,2.0575396825396823,8.861280591740766,0.4091915836101882,17.0,1.0,0.0480769230769231,0.0761143062544932,-0.104530156762023,0.0605501372030254,0.108695652173913,0.0,-0.1180281929644074,0.5117255819155596,6.262226238044016,0,연어깍두기
15.743440233236154,6.486880466472304,0.0,5.913899331662489,8.319841309754475,0.565893098864335,17.666666666666668,2.333333333333333,2.1904761904761907,2.2529761904761907,1.5117460082791243,-0.0093221886199029,0.1777777777777778,0.7500000000000002,0.1784065249611366,0.5117255819155596,6.262226238044016,0,연어깍두기
12.682215743440231,9.657434402332362,0.0,7.839598997493734,8.468542688327076,0.6263017695086238,19.0,2.5,3.1559633027522933,3.10788637967537,2.434296301379264,-0.0086148518869857,0.2954545454545454,2.75,0.3828448358564282,0.5117255819155596,6.262226238044016,0,연어깍두기
2.0588235294117645,2.0588235294117645,0.0,175.5,4.312361103966721,0.0,1.0,0.5,0.0,0.0,0.0,0.0,0.0,0.0,0.0,0.6032060192635715,5.235708589122301,0,요아정
0.5882352941176471,1.3235294117647058,0.0,123.66666666666669,3.926834986633304,0.1583333333333333,1.3333333333333333,0.6666666666666666,0.0,0.0,0.0,0.0,0.0,0.0,0.0,0.6032060192635715,5.235708589122301,0,요아정
0.0,0.8823529411764706,0.0,23.33333333333333,4.091086947136239,0.1583333333333333,1.3333333333333333,0.3333333333333333,-0.829059829059829,0.0,0.0,0.0,0.0,0.0,0.0,0.6032060192635715,5.235708589122301,0,요아정
0.0,0.6617647058823529,0.0,46.55555555555557,3.032140095489157,0.4319397042093287,3.0,1.0,0.6572890025575446,0.0,0.0,0.0,0.0,0.0,0.0,0.6032060192635715,5.235708589122301,0,요아정
33.08823529411765,8.419117647058824,15.071428571428577,48.01388888888889,4.419239345782231,0.5174097896794142,5.0,1.0,7.9222222222222225,8.751282051282052,-0.7264165875276987,0.0247841586636143,4.0,1.0,0.0,0.6032060192635715,5.235708589122301,0,요아정
32.35294117647059,16.360294117647058,53.99999999999999,44.162037037037045,5.275492175906092,0.7419960780954898,7.666666666666667,1.6666666666666667,0.3503086419753087,-0.3069803605822359,-0.6428945792153339,0.3434463617298742,4.750000000000001,1.5000000000000004,3.6862910195504623,0.6032060192635715,5.235708589122301,0,요아정
28.676470588235297,23.529411764705884,0.0,14.717592592592592,5.895500461424171,0.7117759506057378,8.666666666666666,2.0,-0.5354919053549191,-8.457714127577141,-0.3692460317460316,0.4410596835520746,5.5,5.0,3.495427056457292,0.6032060192635715,5.235708589122301,0,요아정
32.20588235294118,31.58088235294118,0.0,29.81481481481482,5.707458118600251,0.738772638128741,9.666666666666666,2.6666666666666665,0.1588571428571428,-0.1914514991181659,-0.3595863166268894,0.8823200574047028,2.222222222222222,1.6666666666666663,0.7103605686841732,0.6032060192635715,5.235708589122301,0,요아정
49.41176470588236,35.661764705882355,0.4933333333333334,33.19047619047619,5.2405987468024495,0.7736109528872687,10.666666666666666,2.6666666666666665,2.2386058981233248,2.774097803478244,-0.3087317657754453,0.1858599041041151,1.1333333333333333,1.6666666666666663,0.495161027715761,0.6032060192635715,5.235708589122301,0,요아정
58.52941176470589,42.20588235294119,0.8090909090909095,32.8998778998779,4.855600993538486,0.7055160847924006,11.666666666666666,2.0,0.2169625246548323,0.0581053817976895,-0.2550190139035931,-0.0795927978597538,0.5217391304347825,0.1999999999999999,-0.0491646713237674,0.6032060192635715,5.235708589122301,0,요아정
64.8529411764706,51.25000000000001,1.2615384615384615,24.65296431963098,4.873453153884107,0.7011302355370094,16.666666666666668,4.666666666666667,0.3336092715231786,-1.904996626600146,0.6750677235106295,-0.1733605678139781,0.9230769230769234,1.3333333333333337,-0.014956553476791,0.6032060192635715,5.235708589122301,0,요아정
81.61764705882354,63.602941176470594,1.5342465753424657,28.59924026590693,4.845977186393668,0.6762074174971028,23.666666666666668,9.333333333333334,1.0964343598055106,0.8794718351506783,-0.0407708233795193,-0.1509395100770114,1.4482758620689655,2.5000000000000004,-0.0846880588188966,0.6032060192635715,5.235708589122301,0,요아정
86.02941176470588,72.75735294117648,0.7410714285714284,43.50972159744089,2.843834840295979,0.7642320939886588,35.333333333333336,15.666666666666666,2.419615145872129,2.0860058743489502,0.3109098329214614,-0.4573454336622996,2.3125000000000004,4.875,-0.0121234825639504,0.6032060192635715,5.235708589122301,1,요아정
97.94117647058825,82.61029411764706,0.6733668341708543,40.19624870425785,3.1419247836820743,0.7411247943198989,44.66666666666666,19.33333333333333,1.593737920371086,0.4973035605655753,0.2217750116454695,-0.3529277245261419,2.8285714285714287,8.666666666666666,0.0504718606634975,0.6032060192635715,5.235708589122301,1,요아정
100.0,91.39705882352942,0.5419501133786846,34.54097804898719,4.085107587980704,0.7120224756202846,56.0,19.666666666666668,0.2156471228898167,-2.203968022982312,0.4010882261928421,-0.1617632387160831,2.36,3.2142857142857144,0.0155352594014614,0.6032060192635715,5.235708589122301,1,요아정
87.79411764705884,92.94117647058825,0.0756756756756757,23.891284709948547,4.104411009056931,0.7126353719672479,64.0,17.333333333333332,-0.194187779433681,-1.787925699804767,-0.1646182035671318,-0.1530271705403144,1.704225352112676,0.857142857142857,0.0538709773474219,0.6032060192635715,5.235708589122301,1,요아정
70.88235294117648,89.15441176470588,-0.176068376068376,21.02160582390137,4.281407945187079,0.7368101797956008,70.66666666666667,15.0,-0.2183067044945498,-0.4339538273843665,-0.5168526698838312,0.5055051314940218,1.0,-0.0425531914893616,-0.035881657429405,0.6032060192635715,5.235708589122301,1,요아정
61.47058823529412,80.03676470588236,-0.3723723723723724,23.276966447683048,3.6119684117278505,0.8053111041479135,75.33333333333333,13.0,0.1270575180321804,0.3212452974658615,-0.4209169462816713,0.1496037175959776,0.6865671641791045,-0.3275862068965517,0.0866066151341165,0.6032060192635715,5.235708589122301,1,요아정
56.76470588235295,69.22794117647061,-0.4323529411764705,22.030717181066677,3.6608966546976447,0.7986891150844767,79.0,13.333333333333334,0.1556829035339064,0.3739896080284562,-0.3621860634686731,-0.1038432707454712,0.4107142857142858,-0.3220338983050848,0.121718965947938,0.6032060192635715,5.235708589122301,1,요아정
60.0,62.27941176470589,-0.3165829145728644,16.283004762766016,5.2283329321965,0.7548714032016045,80.0,10.0,-0.2402362979980308,-0.3672938160302113,-0.3184541994936912,0.2738326938163564,0.25,-0.423076923076923,0.0592673797790348,0.6032060192635715,5.235708589122301,1,요아정
48.52941176470589,56.69117647058824,-0.3153526970954357,13.223582012341568,5.235765512654909,0.7511603969440603,80.0,9.666666666666666,-0.3831404958677686,-0.5388233994016751,-0.3709528128766225,0.2229074126282841,0.1320754716981131,-0.3555555555555556,0.0194761385523207,0.6032060192635715,5.235708589122301,1,요아정
44.70588235294118,52.50000000000001,-0.2727272727272727,12.544327567399092,5.267837635752307,0.7527140813436417,78.66666666666667,8.666666666666666,-0.2533477321814255,-0.0131114341833946,-0.4610840894755968,0.4584395640471121,0.0442477876106195,-0.3333333333333333,-0.0653126754782846,0.6032060192635715,5.235708589122301,1,요아정
43.088235294117645,49.08088235294118,-0.2409326424870468,11.485231108302631,4.728063188763174,0.7350838465758341,79.33333333333333,9.666666666666666,-0.1487138263665595,0.2344266695012091,-0.4786719372815921,0.2915041408492496,0.0042194092827003,-0.275,-0.0796370794435017,0.6032060192635715,5.235708589122301,1,요아정
41.47058823529412,44.44852941176471,-0.3088235294117646,9.365951288347643,5.344609041721292,0.7101609180328022,77.33333333333333,7.333333333333333,-0.2655481631472374,-0.0122004309658119,-0.4248020297970706,0.02223961462147,-0.0333333333333334,-0.2666666666666667,-0.0592292739917998,0.6032060192635715,5.235708589122301,1,요아정
33.08823529411765,40.58823529411765,-0.3181818181818182,5.53382568448291,6.248450950844242,0.6447838247624681,73.0,4.333333333333333,-0.5624803273528487,-0.4137665009862892,-0.5815184055788976,0.193416881589074,-0.0875,-0.5517241379310345,-0.1416163213800449,0.6032060192635715,5.235708589122301,1,요아정
27.647058823529413,36.32352941176471,-0.3815789473684211,5.715144365801591,6.147088050528058,0.6690365546508907,67.33333333333333,3.333333333333333,-0.4970460811343048,-0.2314979179870674,-0.5444040874176124,0.1669091713853068,-0.1440677966101695,-0.6153846153846154,-0.1111677445217729,0.6032060192635715,5.235708589122301,0,요아정
22.35294117647059,31.139705882352946,-0.4812286689419794,5.204623878536918,6.468239182745864,0.6369810775000505,59.333333333333336,3.0,-0.2870503597122302,0.2754299676406184,-0.5468420417962235,0.3680526093894924,-0.2521008403361343,-0.6896551724137931,-0.1334579307282641,0.6032060192635715,5.235708589122301,0,요아정
19.852941176470587,25.73529411764706,-0.521276595744681,5.332565284178183,6.501118303950511,0.6546086384154566,56.66666666666666,3.0,-0.2270947533281128,0.269951327806192,-0.4306434957853637,0.2163880001701215,-0.2672413793103448,-0.5909090909090908,-0.0782249180526992,0.6032060192635715,5.235708589122301,0,요아정
22.5,23.08823529411765,-0.32,4.669043271599566,6.883330092435789,0.6163696676424137,52.66666666666666,2.333333333333333,-0.1957618567103934,0.0912885030018367,-0.1562720732798345,0.1016058454465049,-0.2785388127853881,-0.4615384615384614,-0.0440677263120269,0.6032060192635715,5.235708589122301,0,요아정
24.411764705882355,22.279411764705884,-0.1170212765957446,3.8891009916572874,7.210632703960783,0.5698799555277017,55.333333333333336,1.6666666666666667,-0.2968591691995946,-0.0697644158714818,-0.3195095796828903,0.1730160109454366,-0.1782178217821781,-0.5,-0.1482080439908547,0.6032060192635715,5.235708589122301,0,요아정
20.294117647058822,21.764705882352946,-0.0921052631578949,3.3221034730468646,7.44507457538253,0.5095492234578392,52.66666666666666,2.0,-0.2948557089084065,-0.099093852198013,-0.3617015272233759,0.1510202954835668,-0.1123595505617978,-0.3333333333333333,-0.2000559491379887,0.6032060192635715,5.235708589122301,0,요아정
20.0,21.801470588235293,0.0074074074074075,3.4056254856254804,7.487501656819866,0.5221515057064928,52.0,1.6666666666666667,-0.19164265129683,0.1052165179027646,-0.3613532504271383,0.1517251812307374,-0.0823529411764705,-0.4444444444444444,-0.2023455312621431,0.6032060192635715,5.235708589122301,0,요아정
22.058823529411764,21.69117647058824,-0.0196078431372549,6.4846153846153785,7.031290954538368,0.6357624648988475,47.333333333333336,2.0,0.7402135231316724,1.035069232040079,0.3888531348722788,0.0214955348814631,-0.10126582278481,-0.1428571428571429,0.031462932513552,0.6032060192635715,5.235708589122301,0,요아정
21.91176470588235,21.06617647058824,-0.102409638554217,6.837179487179482,6.81493570337998,0.6765922891258332,47.0,2.0,0.8413547237076648,1.032997375004495,0.7580359835978219,-0.0548768765275545,-0.1506024096385542,0.1999999999999999,0.187254056864164,0.6032060192635715,5.235708589122301,0,요아정
21.61764705882353,21.397058823529413,0.0652173913043479,6.076153846153841,7.258156477590327,0.6271900800816804,50.333333333333336,1.6666666666666667,-0.0224948875255622,-0.7627084106572347,0.8290080051543671,-0.0251062760889267,-0.0443037974683543,-0.1666666666666666,0.2308724088038474,0.6032060192635715,5.235708589122301,0,요아정
21.61764705882353,21.801470588235293,0.0808823529411764,6.301709401709398,7.254240511474009,0.6177840228006498,53.333333333333336,3.0,0.0813165537270086,-0.7600381699806562,0.8503823830035793,-0.0311534014998707,0.0256410256410257,0.7999999999999998,0.1831508978696943,0.6032060192635715,5.235708589122301,0,요아정
20.88235294117647,21.50735294117647,-0.0533333333333333,7.279219180066633,6.883550147090777,0.6643843579850847,55.0,2.6666666666666665,0.3765690376569037,0.399063925182466,0.1225367656093276,-0.021011903561213,0.1619718309859155,0.3333333333333332,0.045019790671019,0.6032060192635715,5.235708589122301,1,요아정
19.117647058823533,20.808823529411764,-0.1275167785234897,7.38691148775894,6.888643057745281,0.6720646881950593,52.333333333333336,2.333333333333333,0.1718889883616829,0.0905724346346743,0.080403330292889,0.0108155612280749,0.1134751773049644,0.1666666666666667,-0.0066917714013911,0.6032060192635715,5.235708589122301,0,요아정
23.676470588235297,21.323529411764707,0.0952380952380953,4.456103406950859,7.523507274178986,0.6017742201981692,53.66666666666666,1.6666666666666667,-0.3882978723404255,-0.7648669099973293,-0.2666243285180247,0.036558979874288,0.0662251655629138,0.0,-0.0405233767093402,0.6032060192635715,5.235708589122301,1,요아정
19.117647058823533,20.69852941176471,-0.1156462585034011,3.2479500891265545,7.950403538288312,0.51363583181765,52.333333333333336,2.0,-0.5668449197860963,-0.7387339081477793,-0.4845922142576874,0.0959663559146108,-0.01875,-0.3333333333333333,-0.1685834970461949,0.6032060192635715,5.235708589122301,0,요아정
16.470588235294116,19.59558823529412,-0.2112676056338028,3.755476970846984,7.668515676038917,0.5739464961901168,54.333333333333336,3.333333333333333,-0.1540372670807452,0.2342606052596803,-0.4840824437419114,0.1140349837183785,-0.012121212121212,0.2500000000000002,-0.1361228040787169,0.6032060192635715,5.235708589122301,0,요아정
17.941176470588236,19.301470588235293,-0.0615384615384616,3.748678214048228,7.783854296063095,0.5735444699260216,51.333333333333336,3.333333333333333,0.1022927689594357,0.669137688745532,-0.492524281594511,0.129954655918959,-0.019108280254777,0.4285714285714286,-0.1465933562640078,0.6032060192635715,5.235708589122301,0,요아정
19.264705882352946,18.19852941176471,-0.1863354037267079,5.147270471464014,7.232347872773884,0.6731470232599182,54.0,4.0,0.3803230543318647,0.53436032141261,0.1551057059032869,-0.0386999561234391,0.0062111801242237,1.4,0.1186039558794083,0.6032060192635715,5.235708589122301,0,요아정
18.08823529411765,17.941176470588236,-0.0538461538461538,4.646581196581191,7.813221638139797,0.6059301337994081,46.333333333333336,3.0,0.2512000000000001,0.1489072310405643,0.4306196428747337,-0.0172547090833642,-0.1146496815286624,0.5,0.1796882076064432,0.6032060192635715,5.235708589122301,0,요아정
17.5,18.198529411764707,0.0625,4.461241174284647,7.940383442459669,0.5970196290118419,43.66666666666666,2.333333333333333,-0.2202127659574467,-0.6005358202893115,0.1879293120198497,0.0354524627588925,-0.196319018404908,-0.2999999999999999,0.0402008427177194,0.6032060192635715,5.235708589122301,0,요아정
17.5,18.08823529411765,-0.0245901639344262,3.0561129691564424,8.309275132535744,0.5373959460139585,42.333333333333336,1.3333333333333333,-0.4475703324808184,-0.6987703324808185,-0.1847491850051004,0.0675013709774083,-0.1753246753246753,-0.6000000000000001,-0.0630265407610428,0.6032060192635715,5.235708589122301,0,요아정
17.5,17.647058823529413,-0.0916030534351146,3.208965284799456,8.308113074152681,0.5834743604248815,44.333333333333336,1.3333333333333333,-0.3683492496589359,-0.1481364837014891,-0.3765695230919652,0.1487435643725747,-0.1790123456790122,-0.6666666666666667,-0.1332140821194894,0.6032060192635715,5.235708589122301,1,요아정
16.029411764705884,17.13235294117647,-0.113821138211382,4.059689922480615,7.866757632239962,0.6477218123097689,45.66666666666666,2.333333333333333,0.3981481481481481,0.8457184806289666,-0.1263060407794857,0.0068519743301318,-0.0143884892086332,-0.2222222222222222,0.0689711175912499,0.6032060192635715,5.235708589122301,0,요아정
15.441176470588236,16.61764705882353,-0.1176470588235294,4.488261351052043,7.479027521794904,0.6771719256884537,42.333333333333336,2.6666666666666665,0.3952483801295896,0.7635976297885255,0.0060566500917154,-0.0581024737669156,-0.0305343511450381,0.1428571428571428,0.134254039200145,0.6032060192635715,5.235708589122301,0,요아정
15.441176470588236,16.102941176470587,-0.1176470588235294,5.755782312925166,6.282591720047051,0.7220869878617853,45.0,3.6666666666666665,0.4105960264900661,0.0124478783419179,0.8833669995235465,-0.2439061627112362,0.0629921259842518,1.75,0.3436777728186093,0.6032060192635715,5.235708589122301,0,요아정
13.970588235294118,15.220588235294118,-0.2016806722689075,4.781869269446903,7.673098350202913,0.643444325770834,45.333333333333336,2.6666666666666665,0.0743034055727553,-0.3209449745568342,0.4901592398328942,-0.0764330863436798,0.0225563909774435,1.0,0.1027808065161299,0.6032060192635715,5.235708589122301,0,요아정
16.323529411764707,15.294117647058824,0.0183486238532109,4.873297840875475,7.517717791756353,0.6571595662529918,45.66666666666666,2.6666666666666665,-0.164319248826291,-0.5749152753163571,0.2004113451841456,-0.044368958191003,0.0,0.1428571428571428,0.0145706903239339,0.6032060192635715,5.235708589122301,0,요아정
17.5,15.808823529411764,0.1333333333333333,4.839284235433298,7.474392969311163,0.672705498463785,45.66666666666666,2.6666666666666665,0.0187319884726224,-0.0555714171001329,0.0782091007911061,-0.0006196731420275,0.0787401574803148,0.0,-0.0065957064302804,0.6032060192635715,5.235708589122301,0,요아정
15.294117647058824,15.772058823529411,-0.0095238095238094,6.07102040816326,5.172361965395924,0.7507859644743138,45.333333333333336,4.0,0.2598314606741572,0.4241507095004482,0.0547689398416262,-0.1767152481210115,0.0074074074074075,0.090909090909091,0.0397444865991987,0.6032060192635715,5.235708589122301,0,요아정
16.61764705882353,16.433823529411764,0.1894736842105262,6.903584510727363,4.76320932768498,0.7697354534065936,46.0,4.333333333333333,0.4653465346534653,0.4466145461808428,0.443699967884289,-0.3792325980600759,0.0147058823529411,0.625,0.1962735897693481,0.6032060192635715,5.235708589122301,0,요아정
24.852941176470587,18.56617647058824,0.5225225225225223,5.96223908366765,7.045324158125653,0.7081645836977316,44.66666666666666,3.333333333333333,-0.0178372352285395,-0.2776686959026967,0.2234505828185846,-0.062837372553238,-0.021897810218978,0.2500000000000002,0.0776143574011429,0.6032060192635715,5.235708589122301,1,요아정
20.44117647058824,19.301470588235297,0.1680672268907566,4.756617212277584,7.726534691802899,0.627237996961297,46.0,2.333333333333333,-0.3088803088803088,-0.7742268435337741,-0.0170824897100329,0.0337340735932665,0.0072992700729928,-0.1249999999999998,-0.0675890142214078,0.6032060192635715,5.235708589122301,1,요아정
13.823529411764708,18.933823529411764,-0.096153846153846,3.091553109713482,8.336122962496008,0.5109447487992932,46.0,1.3333333333333333,-0.4914869466515323,-0.4736497114229928,-0.4907687831922793,0.6116665883529113,0.0147058823529411,-0.6666666666666667,-0.3194535154142804,0.6032060192635715,5.235708589122301,0,요아정
15.294117647058824,18.60294117647059,-0.0796460176991149,4.820004288164661,8.04974179873844,0.5954554490463609,45.66666666666666,1.3333333333333333,-0.0614525139664804,0.2474277949138283,-0.3018113589143527,0.6899827920539414,-0.0072463768115942,-0.6923076923076923,-0.2264154568805778,0.6032060192635715,5.235708589122301,0,요아정
16.470588235294116,16.50735294117647,-0.3372781065088758,4.389371657754006,8.261501936885471,0.5199937992105589,44.66666666666666,2.333333333333333,0.3392857142857142,0.8307726609372466,-0.2638048229602527,0.1726219761452923,0.0,-0.2999999999999999,-0.265716175051604,0.6032060192635715,5.235708589122301,0,요아정
16.470588235294116,15.514705882352942,-0.194244604316547,5.8813588372411845,7.558600686275534,0.6389896272750143,42.0,2.6666666666666665,0.125,0.1864525139664804,0.236458301092731,-0.0217347119020285,-0.0869565217391304,0.1428571428571428,0.0187355204414416,0.6032060192635715,5.235708589122301,0,요아정
19.411764705882355,16.91176470588235,0.404255319148936,5.379843685726033,7.5611409557434515,0.6195365824227114,44.333333333333336,3.6666666666666665,0.2933333333333334,-0.0459523809523807,0.7401750818457151,-0.0929667196896182,-0.0362318840579709,1.75,0.2125314603557551,0.6032060192635715,5.235708589122301,0,요아정
15.441176470588236,16.948529411764703,0.0096153846153845,6.81792418108207,3.596152278073856,0.7629988725310283,40.66666666666666,2.333333333333333,0.212962962962963,0.087962962962963,0.4145058330805278,-0.5532586798451787,-0.1094890510948904,0.7500000000000002,0.2813702078853974,0.6032060192635715,5.235708589122301,0,요아정
19.264705882352946,17.647058823529413,0.1696428571428574,6.051135414293303,5.143570444188706,0.7234862346707368,41.0,2.333333333333333,0.0824742268041236,-0.2108591065292098,0.3785880727606474,-0.3774049218309817,-0.0820895522388058,0.0,0.3913362731807857,0.6032060192635715,5.235708589122301,0,요아정
38.52941176470589,23.161764705882355,1.3392857142857149,4.576695361592382,6.008969465886462,0.6497672789063296,38.0,1.3333333333333333,-0.3827699018538714,-0.5957328648168344,-0.2218302796604724,-0.205015621899805,-0.0952380952380952,-0.5,0.0168667082708005,0.6032060192635715,5.235708589122301,1,요아정
31.323529411764707,26.139705882352946,0.6136363636363635,3.369824016563141,7.632536058640409,0.5508109770062274,40.0,1.0,-0.4607142857142857,-0.5431885125184094,-0.373620459363148,0.0094423716360856,-0.0977443609022556,-0.7272727272727273,-0.1109306655431564,0.6032060192635715,5.235708589122301,1,요아정
27.94117647058824,29.264705882352946,0.8095238095238098,4.253421900161025,7.575648609626391,0.5908978904671492,43.0,2.0,0.1431095406360423,0.5258794424899137,-0.3761412143650494,1.106598392903429,0.0573770491803278,-0.1428571428571429,-0.2255586322073894,0.6032060192635715,5.235708589122301,1,요아정
20.73529411764706,29.63235294117647,0.0763358778625953,6.231125356125351,7.449721113020014,0.6714928168009188,44.66666666666666,2.6666666666666665,1.1545253863134657,1.6152396720277515,0.0297448213449158,0.4483559997582684,0.089430894308943,0.1428571428571428,-0.0718651100438428,0.6032060192635715,5.235708589122301,1,요아정
14.558823529411766,23.639705882352946,-0.6221374045801527,7.7364672364672336,4.367739291034553,0.7853425070464216,42.333333333333336,3.6666666666666665,0.7465224111282847,0.6034128704922423,0.6904046752579713,-0.2731300573533185,0.1140350877192983,1.75,0.2086519782410227,0.6032060192635715,5.235708589122301,0,요아정
15.588235294117649,19.705882352941178,-0.5023474178403755,7.989190548014075,4.860746148591145,0.7792964700916771,36.333333333333336,2.6666666666666665,0.0430327868852458,-1.11149259942822,1.3708034926293244,-0.363154512308063,-0.0916666666666665,1.6666666666666663,0.4148165207732717,0.6032060192635715,5.235708589122301,0,요아정
15.735294117647062,16.654411764705884,-0.4368421052631579,7.531463590287115,5.259591456885239,0.7726116694960165,32.333333333333336,2.6666666666666665,-0.268141592920354,-1.0146640040486383,0.7706834090457826,-0.305723941551108,-0.2480620155038759,0.3333333333333332,0.3075214549931948,0.6032060192635715,5.235708589122301,0,요아정
16.91176470588235,15.698529411764708,-0.1843971631205675,6.967361026184551,5.754862050219855,0.7452433036781931,31.666666666666668,2.333333333333333,-0.2524557956777996,-0.2954885825630454,0.1181545271490103,-0.2275063773646536,-0.2910447761194029,-0.1249999999999998,0.1098306415675918,0.6032060192635715,5.235708589122301,0,요아정
16.76470588235294,16.25,0.1515151515151511,6.535988477164942,6.171988385579164,0.7266018869975608,31.666666666666668,2.333333333333333,-0.1330108827085853,0.1351307102117687,-0.1551714397035921,0.4130853456038701,-0.2519685039370078,-0.3636363636363635,-0.0747961806750754,0.6032060192635715,5.235708589122301,1,요아정
15.0,16.102941176470587,-0.0377358490566038,5.350553041729508,6.518727801956871,0.6890053241731438,33.666666666666664,1.6666666666666667,-0.1668856767411299,0.0855701189366696,-0.3302759510399299,0.3410961203654463,-0.0733944954128441,-0.3749999999999999,-0.1158623827821412,0.6032060192635715,5.235708589122301,0,요아정
16.61764705882353,16.323529411764703,0.0560747663551399,5.145424836601301,6.736994691460256,0.679644736301229,35.666666666666664,1.3333333333333333,-0.1101813110181311,0.0228295716904541,-0.3168094388404064,0.2808969568617301,0.1030927835051545,-0.5,-0.1203281504347855,0.6032060192635715,5.235708589122301,1,요아정
15.294117647058824,15.919117647058822,-0.0956521739130433,3.942307692307688,6.918198429340584,0.6211076995252331,37.0,1.0,-0.1656151419558359,0.001270534785294,-0.4341749081909475,0.2021484388277015,0.1684210526315788,-0.5714285714285714,-0.1665705730467905,0.6032060192635715,5.235708589122301,0,요아정
12.941176470588236,14.963235294117649,-0.2280701754385963,3.097992446829652,7.378493649813228,0.5256836316808786,36.333333333333336,0.6666666666666666,-0.3761755485893416,-0.2659942375712105,-0.5260101119129512,0.1954808059997423,0.1473684210526316,-0.7142857142857143,-0.276517662439482,0.6032060192635715,5.235708589122301,0,요아정
13.088235294117649,14.48529411764706,-0.1274509803921567,2.2895633280557046,7.869294106833104,0.4507948082863081,31.666666666666668,0.3333333333333333,-0.5217391304347827,-0.3561239884789468,-0.5720884719394113,0.2071824972459817,-0.0594059405940593,-0.8,-0.3457310234470329,0.6032060192635715,5.235708589122301,0,요아정
11.911764705882351,13.308823529411766,-0.2831858407079647,2.138191308262632,8.229191685234886,0.4410085219170884,31.0,0.0,-0.414572864321608,-0.0383973157322663,-0.5844480531417173,0.2214929745552749,-0.130841121495327,-1.0,-0.3511190503480532,0.6032060192635715,5.235708589122301,0,요아정
24.558823529411768,15.625000000000002,0.6057692307692308,2.4658398870740013,8.696396984080067,0.4814334429621645,27.666666666666668,0.3333333333333333,-0.0592885375494071,0.4624505928853756,-0.3745186627909843,0.2570320254472629,-0.2522522522522522,-0.6666666666666667,-0.2248792869092331,0.6032060192635715,5.235708589122301,1,요아정
20.294117647058822,17.46323529411765,0.5681818181818181,2.9742690058479475,8.580262552268934,0.5452198955493496,28.666666666666668,0.6666666666666666,0.2274678111587982,0.6420406754804062,-0.0399366503002023,0.162874559428011,-0.2110091743119266,0.0,0.0371635384689523,0.6032060192635715,5.235708589122301,1,요아정
15.735294117647062,18.125,0.202247191011236,2.996057347670245,8.496768813651064,0.5303796460692334,27.0,1.0,0.142857142857143,0.2021456804065501,0.3085715127235615,0.0797371019940795,-0.1473684210526316,2.0,0.1765433769866744,0.6032060192635715,5.235708589122301,1,요아정
12.5,18.272058823529413,0.0493827160493829,2.6534050179211417,8.395451392687256,0.4612448185026926,27.33333333333333,0.6666666666666666,-0.1503496503496503,-0.3778174615084485,0.240957723318566,0.0202036498615871,-0.1182795698924731,0.0,0.0458864071325331,0.6032060192635715,5.235708589122301,0,요아정
11.323529411764708,14.963235294117649,-0.5389221556886228,1.972562106043747,8.76534229641288,0.3564680918217853,26.33333333333333,0.6666666666666666,-0.3382352941176471,-0.4810924369747901,-0.2000445299048123,0.0079280318572194,-0.0481927710843373,1.0,-0.2595693194296852,0.6032060192635715,5.235708589122301,0,요아정
10.588235294117649,12.536764705882351,-0.4782608695652173,1.947615869484607,8.735715756474265,0.3758939432377755,25.0,0.3333333333333333,-0.3251028806584363,-0.1747532303087859,-0.3451783057769004,0.0181175346626454,-0.127906976744186,-0.5,-0.3105645147834628,0.6032060192635715,5.235708589122301,0,요아정
12.5,11.727941176470589,-0.2056074766355141,2.403678160919535,8.423251715250338,0.4681471940882982,24.666666666666668,0.6666666666666666,0.1111111111111111,0.4493464052287582,-0.1977195754318083,-0.0086523595043109,-0.0864197530864196,-0.3333333333333333,-0.1173356716121258,0.6032060192635715,5.235708589122301,0,요아정
17.058823529411768,12.86764705882353,0.3647058823529414,2.6680459770114893,8.096549186741532,0.5297374948283392,25.666666666666668,1.0,0.3597560975609755,0.6848589782194118,0.0055178003325773,-0.0356028749336907,-0.0609756097560975,0.5,0.1484952753463759,0.6032060192635715,5.235708589122301,1,요아정
16.323529411764707,14.117647058823527,0.4415584415584412,4.305481874447387,7.76654043872466,0.6205699441128009,26.0,1.3333333333333333,0.7649999999999999,0.6538888888888887,1.1826850780798184,-0.1139489849811078,-0.0126582278481012,1.0,0.7408849721760009,0.6032060192635715,5.235708589122301,1,요아정
14.705882352941178,15.147058823529411,0.3888888888888888,9.56984969053934,7.25375244559822,0.7217825347419442,25.33333333333333,1.6666666666666667,2.6367713004484306,2.277015202887455,3.913622773607707,-0.1696441770987939,0.0133333333333331,4.000000000000001,0.9201760170032144,0.6032060192635715,5.235708589122301,1,요아정
14.411764705882357,15.625000000000002,0.1529411764705885,9.56410256410256,7.385589281787484,0.7220795619428712,27.33333333333333,1.3333333333333333,1.3456090651558077,0.5806090651558076,2.9789447354481853,-0.1231902439273138,0.1081081081081081,1.0,0.5424199291615923,0.6032060192635715,5.235708589122301,1,요아정
13.676470588235295,14.779411764705884,-0.1982758620689656,8.2156862745098,7.948603480231003,0.6624153851813881,28.666666666666668,1.3333333333333333,-0.0776818742293463,-2.714453174677777,2.079289616932422,-0.0182726866839513,0.1168831168831168,0.3333333333333332,0.2504596930523919,0.6032060192635715,5.235708589122301,1,요아정
13.382352941176473,14.044117647058824,-0.1801801801801801,6.79039891818796,7.94809255024835,0.6490246638799766,29.0,1.3333333333333333,-0.2463768115942028,-1.5919858767500104,0.5771518998810128,0.0233761882727674,0.1153846153846154,0.0,0.0458525586634011,0.6032060192635715,5.235708589122301,1,요아정
11.911764705882351,13.34558823529412,-0.1900000000000001,7.401510029299071,7.852424775163535,0.7022566993342343,27.0,1.0,-0.1122994652406417,-0.0346175910112953,-0.2265803258523349,0.0825327765257011,0.0657894736842106,-0.4,-0.0270522414548184,0.6032060192635715,5.235708589122301,0,요아정
9.852941176470589,12.205882352941178,-0.316326530612245,7.482120051085562,7.926497064798814,0.6995778653438348,28.666666666666668,1.0,0.0881410256410257,0.3345178372352286,-0.2176871796452087,0.0732382701465923,0.048780487804878,-0.25,-0.0311623507782049,0.6032060192635715,5.235708589122301,0,요아정
9.264705882352942,11.102941176470589,-0.3225806451612903,3.505446623093677,8.443598019381989,0.5783584549650631,30.0,0.3333333333333333,-0.4774096385542169,-0.3651101733135752,-0.5733227260673566,0.0622744033441959,0.0465116279069766,-0.75,-0.12689459227054,0.6032060192635715,5.235708589122301,0,요아정
9.264705882352942,10.073529411764708,-0.3076923076923077,3.406681190994912,8.110841815688923,0.5849444434470761,28.666666666666668,1.0,-0.519882179675994,-0.6080232053170198,-0.4983091226245666,0.0204765186630202,-0.0114942528735632,-0.25,-0.0987331052256448,0.6032060192635715,5.235708589122301,0,요아정
11.470588235294118,9.963235294117649,-0.0370370370370368,2.8992737835875046,8.318969270733959,0.5180088896262763,26.0,0.6666666666666666,-0.2507204610951008,0.2266891774591161,-0.6082861778055216,0.0594140674923826,-0.037037037037037,-0.3333333333333333,-0.2623653286364257,0.6032060192635715,5.235708589122301,1,요아정
10.147058823529411,10.036764705882351,0.0298507462686565,2.6179012345678965,8.360301807126776,0.4781488700448944,22.33333333333333,0.6666666666666666,-0.3742331288343559,0.1456490508416381,-0.6501123723364914,0.0547284303244706,-0.2209302325581396,-0.3333333333333333,-0.3165180121731131,0.6032060192635715,5.235708589122301,1,요아정
10.0,10.220588235294118,0.0793650793650793,2.029797979797975,8.813673804052144,0.3781363081363081,21.0,0.6666666666666666,-0.4423076923076923,-0.1915872312125914,-0.4209588112322736,0.0438291571698059,-0.3,1.0,-0.3461904033906616,0.6032060192635715,5.235708589122301,1,요아정
8.823529411764707,10.110294117647058,-0.0476190476190476,2.2409090909090863,8.738711378096266,0.4106759906759906,20.33333333333333,1.0,-0.2696078431372549,0.1046252856971009,-0.3422017015174129,0.0774111462996165,-0.2906976744186047,0.0,-0.297923084360152,0.6032060192635715,5.235708589122301,0,요아정
8.235294117647058,9.301470588235292,-0.2820512820512821,2.632575757575753,8.693111264911733,0.4621717171717172,21.666666666666668,1.3333333333333333,0.2758620689655171,0.7181697612732094,-0.0919878721083542,0.0449745613911571,-0.1666666666666666,1.0,-0.107791919352665,0.6032060192635715,5.235708589122301,0,요아정
8.235294117647058,8.823529411764707,-0.1884057971014493,2.541666666666662,8.599503437391629,0.4645833333333333,22.666666666666668,0.6666666666666666,0.2281879194630873,0.4977957626003423,-0.0291204904503654,0.028611602282222,0.0149253731343284,0.0,-0.028370947964987,0.6032060192635715,5.235708589122301,0,요아정
7.5,8.198529411764707,-0.25,2.347222222222217,8.638063612568034,0.4411533816425121,22.0,0.6666666666666666,-0.0864864864864863,-0.3623485554520035,0.1563821846230408,-0.0199247436867213,0.0476190476190476,0.0,0.1666517394660975,0.6032060192635715,5.235708589122301,0,요아정
14.558823529411766,9.632352941176473,0.6500000000000001,2.292735042735038,8.738137162463484,0.446140061629192,22.0,1.0,-0.0655737704918032,-0.2937616899548906,0.0231271995977879,-6.570941731987023e-05,0.0819672131147541,0.0,0.0863553549717526,0.6032060192635715,5.235708589122301,1,요아정
11.61764705882353,10.477941176470589,0.410714285714286,5.792735042735038,8.706831763750415,0.5920678394069698,22.666666666666668,1.3333333333333333,1.9467455621301772,2.033232048616664,1.20040582918281,0.0015783185582889,0.0461538461538462,0.0,0.2810559742386627,0.6032060192635715,5.235708589122301,0,요아정
7.794117647058823,10.36764705882353,-0.0535714285714284,11.141941391941389,8.328365582757757,0.7296635899554388,23.33333333333333,2.6666666666666665,4.584795321637427,4.65036909212923,3.383714646009734,-0.0315294780225255,0.0294117647058822,3.0,0.5705763371238144,0.6032060192635715,5.235708589122301,0,요아정
10.147058823529411,11.029411764705884,0.3529411764705881,12.53571428571428,8.189271696485699,0.7940816718735207,23.33333333333333,2.333333333333333,1.1646586345381524,-0.782086927592025,4.340659340659349,-0.0519551529383692,0.0606060606060605,2.5000000000000004,0.8000126598077479,0.6032060192635715,5.235708589122301,0,요아정
11.323529411764708,10.220588235294118,-0.2222222222222221,13.78571428571428,7.52348571458874,0.8038522631869692,23.0,2.6666666666666665,0.212565445026178,-4.372229876611248,5.012781254160574,-0.1390057657932558,0.0454545454545454,1.6666666666666663,0.8017935001207954,0.6032060192635715,5.235708589122301,1,요아정
10.588235294117649,9.963235294117649,-0.0886075949367088,9.679971988795511,7.52257015365204,0.7814348303423934,24.666666666666668,2.0,-0.2142857142857143,-1.3789443488238669,0.6710538143697173,-0.1360152168127182,0.0882352941176469,0.5,0.3198400222601152,0.6032060192635715,5.235708589122301,1,요아정
9.558823529411766,10.404411764705884,0.2264150943396228,12.48292765382014,2.8896127250475843,0.8251764608733426,25.666666666666668,3.0,-0.0518134715025906,-0.2643789165287686,0.1203548120302129,-0.6530396394906152,0.1,0.125,0.1308998725340493,0.6032060192635715,5.235708589122301,1,요아정
9.264705882352942,10.183823529411766,-0.0869565217391302,8.560513860716695,7.638350056068716,0.7606345167747484,26.0,3.0,-0.087367178276269,0.1269185360094452,-0.3171100054129129,-0.0672735819295631,0.1142857142857143,0.2857142857142856,-0.0421205479026592,0.6032060192635715,5.235708589122301,0,요아정
9.264705882352942,9.669117647058824,-0.1818181818181818,7.803160919540223,8.342946158844889,0.7236529546025543,24.33333333333333,2.0,-0.3970856102003643,-0.3452721386977737,-0.4339676016913826,0.1089203163723881,0.0579710144927536,-0.25,-0.099768716538105,0.6032060192635715,5.235708589122301,0,요아정
8.529411764705884,9.154411764705884,-0.1944444444444444,3.632073386383725,8.759739239149795,0.6174280162401959,23.666666666666668,1.3333333333333333,-0.6248382923673997,-0.5374711140911307,-0.6247847214240062,0.1644609568575623,-0.0405405405405405,-0.3333333333333333,-0.2098790682651504,0.6032060192635715,5.235708589122301,0,요아정
7.5,8.639705882352942,-0.2153846153846155,3.054487179487173,8.832129754645935,0.5669912882172611,23.666666666666668,1.0,-0.6586102719033233,-0.2615246617029589,-0.755306826716054,2.0565098492568734,-0.0779220779220779,-0.6666666666666667,-0.3128848008858929,0.6032060192635715,5.235708589122301,0,요아정
10.882352941176473,9.044117647058824,0.1746031746031746,11.474202626641643,8.458529871262803,0.6602780662750641,28.33333333333333,3.6666666666666665,3.548275862068966,4.173114154436366,0.3403637694339312,0.1073765681297165,0.0897435897435896,0.2222222222222221,-0.1319378075625819,0.6032060192635715,5.235708589122301,0,요아정
10.882352941176473,9.448529411764708,0.1746031746031746,13.21138211382113,7.8651275627997155,0.7233061071512062,31.0,5.0,5.800884955752213,6.459495227655537,0.693080823277392,-0.0572721658449884,0.273972602739726,1.5,-0.0004793008155941,0.6032060192635715,5.235708589122301,0,요아정
8.823529411764707,9.522058823529411,0.0344827586206895,17.10091699754206,4.245066088794908,0.8277575988120004,35.666666666666664,7.0,0.5852918877937832,-2.9629839742751827,3.708307123322912,-0.515388988998384,0.5070422535211265,4.25,0.3406544196886276,0.6032060192635715,5.235708589122301,0,요아정
8.970588235294118,9.889705882352942,0.196078431372549,10.11488699639698,4.401874649465803,0.730058642116116,44.66666666666666,15.333333333333334,-0.0487963565387118,-5.849681312290925,2.311484515084852,-0.5016066598036222,0.8873239436619715,14.333333333333334,0.2876011629941841,0.6032060192635715,5.235708589122301,0,요아정
10.73529411764706,9.85294117647059,-0.0135135135135135,11.04733049459547,3.2942332145872766,0.7276637207499317,51.0,20.0,-0.1642754662840746,-0.7495673540778578,-0.0372027709407041,-0.6105430536127587,0.8,4.454545454545455,0.1020564788029707,0.6032060192635715,5.235708589122301,0,요아정
0.0,0.0,0.0,24.83333333333333,4.166058881529334,0.4782487761459724,2.5,1.5,0.0,0.0,0.0,0.0,0.0,0.0,0.0,0.0176791224915299,0.86639003154198,0,크로플
0.0,0.0,0.0,123.8888888888889,3.784337981500073,0.3188325174306483,2.0,1.3333333333333333,0.0,0.0,0.0,0.0,0.0,0.0,0.0,0.0176791224915299,0.86639003154198,0,크로플
27.27272727272727,9.09090909090909,0.0,122.27777777777776,3.613206333252323,0.3874946374946375,3.0,1.3333333333333333,1.6419753086419755,0.0,0.0,0.0,0.0,0.0,0.0,0.0176791224915299,0.86639003154198,0,크로플
100.0,31.818181818181817,0.0,118.8015873015873,4.931380290505675,0.3736851136851136,4.666666666666667,2.0,0.1641137855579868,0.0,0.0,0.0,0.0,0.0,0.0,0.0176791224915299,0.86639003154198,0,크로플
85.85858585858585,53.28282828282828,0.0,13.727513227513226,5.730428312455437,0.6189795884877852,7.333333333333333,2.0,-0.4934579439252337,-2.1354332525672093,-0.4472142324491318,0.375503437520267,1.933333333333333,0.3333333333333332,0.2942627756957576,0.0176791224915299,0.86639003154198,0,크로플
85.85858585858585,74.74747474747474,0.0,4.894179894179895,6.276954809575997,0.5871015566097534,7.333333333333333,1.0,-0.7894736842105263,-0.9535874697685132,-0.9604954089259022,0.6586665462390535,2.6666666666666665,-0.25,0.8414105353524939,0.0176791224915299,0.86639003154198,0,크로플
85.85858585858585,89.39393939393939,2.1481481481481484,6.078703703703703,5.9858332116004975,0.6895702282889514,7.666666666666667,1.3333333333333333,-0.4686346863468634,0.0248232575783702,-0.9502877479933364,0.6566541347259633,1.5555555555555558,0.0,0.7795606998522511,0.0176791224915299,0.86639003154198,0,크로플
85.85858585858585,85.85858585858585,-0.1414141414141414,5.486111111111111,6.334779308924146,0.5942757534862798,6.0,1.6666666666666667,-0.0803571428571429,0.7091165413533834,-0.9538212305431224,0.2845854376958956,0.2857142857142856,-0.1666666666666666,0.5903115530233489,0.0176791224915299,0.86639003154198,0,크로플
93.7950937950938,87.84271284271284,0.092436974789916,5.232142857142858,6.467458661059163,0.5381829573934838,6.333333333333333,2.0,-0.2916666666666666,0.1769680196801968,-0.6188571979186741,0.1286169738833908,-0.1363636363636363,0.0,-0.1305319797243942,0.0176791224915299,0.86639003154198,0,크로플
96.96969696969695,90.6204906204906,0.1294117647058823,6.357142857142858,7.003474003266928,0.5050793650793651,5.0,1.0,-0.1553398058252427,-0.0749826629680998,0.2989189189189187,0.1157438942498945,-0.3181818181818181,0.0,-0.1397069903953745,0.0176791224915299,0.86639003154198,0,크로플
96.96969696969695,93.3982683982684,0.1294117647058823,6.357142857142858,7.138612852426442,0.5673242630385488,6.0,1.0,0.0,0.2916666666666666,0.045805679469046,0.1925846578203793,-0.2173913043478261,-0.25,-0.1772784848234163,0.0176791224915299,0.86639003154198,0,크로플
96.96969696969695,96.17604617604616,0.1294117647058823,7.433333333333334,7.361661048685827,0.6500133386688008,5.333333333333333,0.6666666666666666,0.2758620689655173,0.4312018747907601,0.3549367088607595,0.1621022121978357,-0.1111111111111111,-0.6000000000000001,0.0937907778595039,0.0176791224915299,0.86639003154198,0,크로플
98.989898989899,97.47474747474747,0.0553846153846153,6.683333333333334,7.481183019013343,0.63919082784629,5.333333333333333,1.0,0.0,0.0,0.2773606370875994,0.1567423018963933,-0.1578947368421053,-0.5,0.1876831457874574,0.0176791224915299,0.86639003154198,0,크로플
98.989898989899,97.97979797979798,0.0208333333333337,8.238888888888889,7.610018972018222,0.6261796463622021,4.0,0.6666666666666666,-0.1351351351351351,-0.4109972041006524,0.2960049937578026,0.0866062997404371,-0.1999999999999999,-0.3333333333333333,0.2397648560910976,0.0176791224915299,0.86639003154198,0,크로플
98.989898989899,98.48484848484848,0.0208333333333337,7.472222222222221,7.686715983976043,0.6178644684391812,6.333333333333333,1.3333333333333333,0.1372549019607842,0.1372549019607842,0.175405742821473,0.0767800611799951,0.0555555555555555,0.3333333333333332,0.089085217561369,0.0176791224915299,0.86639003154198,0,크로플
98.989898989899,98.989898989899,0.0208333333333337,6.817460317460317,7.762129629151258,0.647806748381461,7.333333333333333,1.3333333333333333,0.3229166666666667,0.4580518018018018,-0.0828528720905402,0.0543992147719054,0.375,1.0,-0.0033946846257937,0.0176791224915299,0.86639003154198,0,크로플
96.96969696969695,98.48484848484848,-0.0204081632653063,8.54761904761905,7.4150065780090255,0.6720162553495886,8.666666666666666,1.3333333333333333,0.7413793103448276,0.6041244083840434,0.278945493409334,-0.0088457187634803,0.625,0.3333333333333332,0.0513546597874403,0.0176791224915299,0.86639003154198,0,크로플
96.96969696969695,97.97979797979798,-0.0204081632653063,15.571428571428571,6.798759614787876,0.6997546215423309,7.0,1.3333333333333333,1.574803149606299,1.2518864829396323,0.8899913303149984,-0.1066041175735984,0.75,1.0,0.117498190188013,0.0176791224915299,0.86639003154198,0,크로플
96.96969696969695,97.47474747474747,-0.0204081632653063,25.43915343915344,4.294968539421252,0.7331312895939216,7.666666666666667,1.3333333333333333,2.0,1.2586206896551724,2.4044963710391225,-0.4412479206497716,0.2105263157894739,0.0,0.1865568049995201,0.0176791224915299,0.86639003154198,0,크로플
96.96969696969695,96.96969696969695,-0.0204081632653063,25.02843915343915,5.132225613308211,0.7524250692088023,8.0,1.0,0.8685015290519877,-0.7063016205543113,2.671226232052774,-0.3388121741701202,0.090909090909091,-0.25,0.1614961886221919,0.0176791224915299,0.86639003154198,0,크로플
94.80519480519482,96.42857142857142,-0.0223214285714282,21.980820105820104,6.832101582897936,0.7266689129692843,8.0,0.3333333333333333,-0.0973597359735972,-2.097359735973597,1.571572268647477,-0.0786115277145989,-0.0769230769230768,-0.75,0.0813263923076754,0.0176791224915299,0.86639003154198,0,크로플
93.93939393939394,95.67099567099568,-0.0312499999999998,19.35119047619048,7.085094072031417,0.625759777385226,6.666666666666667,0.3333333333333333,-0.4042553191489362,-1.272756848200924,0.2427370030581042,0.042115690724046,-0.0476190476190475,-0.75,-0.1057439877910526,0.0176791224915299,0.86639003154198,0,크로플
93.93939393939394,94.91341991341992,-0.0312499999999998,24.55952380952381,7.347770159695352,0.5617977031020509,6.666666666666667,1.0,-0.1060329067641682,-0.0086731707905709,-0.0345777870216306,0.7107855604189051,-0.1304347826086956,-0.25,-0.2337010968209686,0.0176791224915299,0.86639003154198,0,크로플
93.93939393939394,94.15584415584416,-0.0312499999999998,37.95,7.188131737246389,0.5854382301378768,7.666666666666667,1.6666666666666667,1.5824175824175826,1.9866729015665188,0.5162751367492007,0.4005876356267488,-0.0416666666666666,0.6666666666666667,-0.2219315197013799,0.0176791224915299,0.86639003154198,0,크로플
93.93939393939394,93.93939393939394,-0.0091324200913243,34.95,7.307847832582381,0.6480948717418868,9.333333333333334,2.333333333333333,1.0245398773006134,1.1305727840647817,0.5900225665713854,0.0696339543421498,0.1666666666666667,6.000000000000001,-0.1081290802799468,0.0176791224915299,0.86639003154198,0,크로플
93.93939393939394,93.93939393939394,0.0,40.23333333333333,6.89489080195996,0.7424167648442678,10.0,2.0,0.2840425531914894,-1.2983750292260932,1.0791141187326971,-0.0268455532329894,0.5,5.0,0.1864245540780837,0.0176791224915299,0.86639003154198,0,크로플
93.93939393939394,93.93939393939394,0.0,24.985714285714284,6.124285791803809,0.7548637391705427,11.333333333333334,2.333333333333333,-0.198989898989899,-1.2235297762905124,0.0173533688802713,-0.1665109742548439,0.7,1.3333333333333337,0.3436575746081705,0.0176791224915299,0.86639003154198,0,크로플
93.93939393939394,93.93939393939394,0.0,20.046320346320343,5.695080524745013,0.669959779667041,11.333333333333334,2.333333333333333,-0.4623032311516155,-0.746345784343105,-0.4717702148532188,-0.2077106078572413,0.4782608695652175,0.4000000000000001,0.144373129696806,0.0176791224915299,0.86639003154198,0,크로플
93.93939393939394,93.93939393939394,0.0,6.628371628371628,6.8371583438949965,0.5767571376839111,12.333333333333334,2.0,-0.6708701134930644,-0.4718802145031653,-0.8103470206474498,-0.0644087697870217,0.3214285714285714,-0.1428571428571429,-0.1100729803126524,0.0176791224915299,0.86639003154198,0,크로플
93.93939393939394,93.93939393939394,0.0,22.533133533133533,6.824061171542577,0.6168222394627484,12.333333333333334,2.333333333333333,0.4314329738058551,0.8937362049574706,-0.439938686003309,-0.0102727704399971,0.2333333333333334,0.1666666666666667,-0.1691698400801395,0.0176791224915299,0.86639003154198,0,크로플
93.93939393939394,93.93939393939394,0.0,24.93919413919414,7.225206217910318,0.639737894872683,12.333333333333334,2.0,2.8199233716475094,3.490793485140574,-0.001861869786398,0.1797630717331777,0.0882352941176469,-0.1428571428571429,-0.1525120870481366,0.0176791224915299,0.86639003154198,0,크로플
93.93939393939394,93.93939393939394,0.0,25.0296918767507,7.360014498154243,0.6762061220102814,13.666666666666666,2.333333333333333,0.0990312163616791,-0.332401757444176,0.2485928312197749,0.2923459933841366,0.2058823529411764,0.0,0.0093234587102299,0.0176791224915299,0.86639003154198,0,크로플
93.93939393939394,93.93939393939394,0.0,25.81143790849673,7.358148252087385,0.6674671981934489,12.666666666666666,2.0,-0.0651955867602807,-2.88511895840779,2.8940843023971703,0.076199772184242,0.0270270270270269,0.0,0.1572760085359377,0.0176791224915299,0.86639003154198,0,크로플
92.2077922077922,93.5064935064935,-0.0184331797235024,25.36858076563958,6.775377295000126,0.6918241899636546,14.0,2.333333333333333,-0.0607247796278157,-0.1597559959894948,0.1258345728230254,-0.0071341500784708,0.1351351351351351,0.0,0.1215941088087757,0.0176791224915299,0.86639003154198,0,크로플
91.91919191919192,93.001443001443,-0.021505376344086,25.63888888888889,6.910012544255725,0.6627824943489733,13.0,2.6666666666666665,0.0246781115879826,0.0898736983482633,0.0280560288271349,-0.0436241768260219,0.0540540540540539,0.3333333333333332,0.0360219390800298,0.0176791224915299,0.86639003154198,0,크로플
91.91919191919192,92.4963924963925,-0.021505376344086,6.355555555555555,7.210230584447609,0.5423667446314928,14.333333333333334,2.6666666666666665,-0.7184567257559958,-0.6577319461281801,-0.7460793529999851,-0.020351035143232,0.048780487804878,0.1428571428571428,-0.1979268939194159,0.0176791224915299,0.86639003154198,0,크로플
91.91919191919192,91.99134199134198,-0.021505376344086,4.26031746031746,7.778001994790407,0.536478881658122,14.333333333333334,2.0,-0.8094240837696335,-0.8341021953576161,-0.834944590246364,0.0570597014790938,0.1315789473684212,0.0,-0.1962468221507466,0.0176791224915299,0.86639003154198,0,크로플
88.02308802308801,90.94516594516594,-0.0453834115805946,3.207203907203907,7.8282129467373665,0.5129758340586889,14.0,1.3333333333333333,-0.5,0.2184567257559958,-0.8735757456503874,0.1553914425568858,0.0,-0.4285714285714286,-0.2585170604028194,0.0176791224915299,0.86639003154198,0,크로플
82.82828282828282,88.67243867243866,-0.0989010989010988,2.97985347985348,8.001519352543944,0.4920890070007537,13.0,0.6666666666666666,-0.3406593406593406,0.4687647431102928,-0.8837760289547938,0.1579601775391255,0.0,-0.75,-0.2575407298828637,0.0176791224915299,0.86639003154198,0,크로플
82.82828282828282,86.39971139971139,-0.0989010989010988,3.866096866096866,7.854708428988615,0.4860148503085099,11.333333333333334,1.3333333333333333,-0.0740740740740741,0.4259259259259258,-0.3916980455441994,0.0893838049966304,-0.2093023255813954,-0.5,-0.1038999807432344,0.0176791224915299,0.86639003154198,0,크로플
82.82828282828282,84.12698412698411,-0.0989010989010988,5.10968660968661,7.6717361634347,0.5173538816475413,11.0,1.3333333333333333,0.3916666666666666,0.7323260073260073,0.199367572318392,-0.0136623558886822,-0.2325581395348838,-0.3333333333333333,-0.0356491199643685,0.0176791224915299,0.86639003154198,0,크로플
81.52958152958152,82.5036075036075,-0.0737704918032786,5.75925925925926,7.689216315483913,0.513287159838884,11.0,1.3333333333333333,0.504,0.5780740740740742,0.7957259425641809,-0.0177558572051089,-0.2142857142857143,0.0,0.0006069014552436,0.0176791224915299,0.86639003154198,0,크로플
73.73737373737373,80.23088023088023,-0.1097560975609756,4.981481481481481,7.5985695088461345,0.5184992684992685,11.0,0.6666666666666666,0.0,-0.3916666666666666,0.6717202758997471,-0.0503591662962983,-0.1538461538461538,0.0,0.053669683985593,0.0176791224915299,0.86639003154198,0,크로플
73.73737373737373,77.95815295815295,-0.1097560975609756,5.0,7.558918911049503,0.4991115626708846,10.0,0.6666666666666666,-0.2127659574468084,-0.7167659574468085,0.2932940309506264,-0.0376576063406084,-0.1176470588235294,-0.5,0.0269471444217419,0.0176791224915299,0.86639003154198,0,크로플
73.73737373737373,75.68542568542568,-0.1097560975609756,4.858585858585859,7.848577345762804,0.5279012484373147,9.333333333333334,0.3333333333333333,-0.1676646706586825,-0.1676646706586825,-0.0491421040626504,0.0230509989604401,-0.1515151515151515,-0.75,0.0203871414981651,0.0176791224915299,0.86639003154198,0,크로플
73.73737373737373,73.73737373737373,-0.095575221238938,4.8821548821548815,8.014496521330651,0.5216341117353953,10.0,0.6666666666666666,0.0,0.2127659574468084,-0.1522946506869338,0.0423034276187177,-0.0909090909090909,-0.5,0.0162617586209079,0.0176791224915299,0.86639003154198,0,크로플
67.96536796536797,72.2943722943723,-0.0782778864970643,3.787878787878788,8.313225993352063,0.4956967722387338,10.666666666666666,2.0,-0.1007194244604318,0.0669452461982507,-0.2396079756674551,0.0940514505623639,-0.0303030303030303,2.0,-0.0439778754684335,0.0176791224915299,0.86639003154198,0,크로플
65.65656565656566,70.27417027417027,-0.1095890410958903,4.003367003367004,7.857788301085111,0.5206733292629369,10.333333333333334,2.333333333333333,-0.1689189189189189,-0.1689189189189189,-0.1993265993265993,0.0395386421725898,0.0333333333333334,2.5000000000000004,0.0432002946929725,0.0176791224915299,0.86639003154198,0,크로플
65.65656565656566,68.25396825396825,-0.1095890410958903,3.914983164983165,8.126175410710415,0.5045617042243923,10.666666666666666,2.0,-0.0079999999999998,0.0927194244604319,-0.1942134442134443,0.0353692207795439,0.1428571428571428,5.0,-0.0442119511594484,0.0176791224915299,0.86639003154198,0,크로플
65.65656565656566,66.23376623376623,-0.1095890410958903,4.157407407407407,8.180129485467079,0.5266050543927425,9.666666666666666,1.0,-0.024390243902439,0.1445286750164799,-0.1484482758620688,0.0206666711621366,-0.0333333333333334,0.5,0.0095295582583923,0.0176791224915299,0.86639003154198,0,크로플
69.11976911976913,66.52236652236653,0.0169851380042462,3.338888888888889,8.414334245867288,0.4201526089159068,10.0,1.0,-0.1935483870967741,-0.1855483870967742,-0.1185333333333333,0.012162336570193,-0.0625,-0.5,-0.152399950037286,0.0176791224915299,0.86639003154198,0,크로플
73.73737373737373,68.54256854256855,0.1230769230769228,2.5571428571428574,8.305006992616525,0.3424377705627706,10.666666666666666,1.3333333333333333,-0.375,-0.3506097560975609,-0.3612519524210019,0.0569140672152819,0.032258064516129,-0.4285714285714286,-0.342317435295708,0.0176791224915299,0.86639003154198,0,크로플
73.73737373737373,70.56277056277057,0.1230769230769228,5.072294372294372,7.711574137640212,0.4244401268023316,11.666666666666666,1.6666666666666667,0.6999999999999997,0.8935483870967739,0.2956107749485517,-0.0510204680696102,0.09375,-0.1666666666666666,-0.1587944085951248,0.0176791224915299,0.86639003154198,0,크로플
73.73737373737373,72.58297258297259,0.1230769230769228,13.097784568372802,7.152122596896113,0.5860018301353502,13.666666666666666,3.6666666666666665,6.92,7.295,2.1504693393858854,-0.1256712244466711,0.4137931034482758,2.6666666666666665,0.1127918831145695,0.0176791224915299,0.86639003154198,0,크로플
73.73737373737373,73.73737373737373,0.0668058455114819,13.657308377896612,7.0268877740787925,0.6677742244077445,14.333333333333334,3.333333333333333,2.670588235294118,1.9705882352941184,3.090375221333428,-0.1648908197900436,0.4333333333333333,2.333333333333333,0.5893611279262552,0.0176791224915299,0.86639003154198,0,크로플
68.68686868686868,72.47474747474746,-0.0684931506849315,10.47549019607843,7.735987459508301,0.5072302015015168,15.666666666666666,2.6666666666666665,-0.1127946127946128,-7.032794612794612,3.096560411874246,-0.0685152382910819,0.46875,1.0,0.4812332198867031,0.0176791224915299,0.86639003154198,0,크로플
68.68686868686868,71.2121212121212,-0.0684931506849315,2.472222222222223,8.164130972978137,0.3620299145299145,14.333333333333334,0.3333333333333333,-0.8269230769230769,-3.4975113122171946,-0.5126027709026768,0.0586854029100225,0.2285714285714286,-0.8,-0.1470412629046321,0.0176791224915299,0.86639003154198,1,크로플
68.68686868686868,69.94949494949493,-0.0684931506849315,2.5222222222222235,8.133231034386625,0.3511513323278029,12.333333333333334,0.3333333333333333,-0.8292220113851992,-0.7164273985905864,-0.8074313858915783,0.1371772399310233,-0.0975609756097559,-0.9090909090909092,-0.4007675159534969,0.0176791224915299,0.86639003154198,1,크로플
68.68686868686868,68.68686868686868,-0.0684931506849315,3.12638888888889,7.837578294354798,0.424826195715781,12.666666666666666,1.3333333333333333,0.1203703703703704,0.9472934472934472,-0.7710830858920393,0.1153697833721678,-0.1162790697674419,-0.6000000000000001,-0.3638176195067074,0.0176791224915299,0.86639003154198,1,크로플
59.451659451659445,66.37806637806638,-0.134453781512605,3.147756410256412,7.928526139086811,0.4258577312300751,13.0,1.6666666666666667,0.3777777777777777,1.206999789162977,-0.6995122565782368,0.0248887010981204,-0.1702127659574468,-0.3749999999999999,-0.16042512853249,0.0176791224915299,0.86639003154198,0,크로플
52.52525252525253,62.33766233766233,-0.2352941176470586,2.6533119658119677,8.180363850300063,0.3896116385901207,13.666666666666666,1.6666666666666667,-0.0661157024793389,-0.1864860728497094,0.0732497839239414,0.0019883166225105,-0.0465116279069768,4.000000000000001,0.0761863121063357,0.0176791224915299,0.86639003154198,0,크로플
52.52525252525253,58.297258297258296,-0.2352941176470586,5.138034188034189,8.094965540269387,0.505838155872754,13.333333333333334,1.0,0.782258064516129,0.4044802867383512,1.0371060657404263,-0.0047048330430372,0.0810810810810811,2.0,0.440513275343491,0.0176791224915299,0.86639003154198,0,크로플
53.535353535353536,54.50937950937952,-0.2205882352941175,19.90959595959596,7.511324989920862,0.692003104429944,12.666666666666666,1.3333333333333333,5.230088495575221,5.29620419805456,5.368240378013811,-0.0416268000370634,0.0,0.0,0.6289087429366307,0.0176791224915299,0.86639003154198,0,크로플
53.535353535353536,53.03030303030304,-0.0995145631067959,20.895707070707072,4.699589817857143,0.7749183775626084,11.333333333333334,1.0,2.257918552036199,1.47566048752007,5.638285924102029,-0.407255556024637,-0.1282051282051282,-0.4,0.8196649273556307,0.0176791224915299,0.86639003154198,0,크로플
53.535353535353536,53.28282828282829,0.0192307692307691,18.066077441077443,5.551500906005326,0.6576095894845896,9.333333333333334,0.6666666666666666,-0.1818181818181817,-5.411906677393403,5.808877988664577,-0.3213625936942045,-0.3170731707317072,-0.6000000000000001,0.6878592022154864,0.0176791224915299,0.86639003154198,0,크로플
61.32756132756133,55.48340548340549,0.1675824175824174,4.017592592592592,5.490261268314908,0.593878528878529,9.0,0.3333333333333333,-0.85,-3.107918552036199,-0.2180681471623834,-0.3217684200132863,-0.325,-0.6666666666666667,0.1740485014497836,0.0176791224915299,0.86639003154198,0,크로플
61.61616161616161,57.50360750360751,0.150943396226415,2.9703703703703703,7.807598997185975,0.5124682724682725,10.333333333333334,1.0,-0.8350694444444444,-0.6532512626262627,-0.8508070994309294,0.0394436411235927,-0.1842105263157893,-0.25,-0.2594422348864577,0.0176791224915299,0.86639003154198,0,크로플
87.15728715728717,65.9090909090909,0.6280323450134773,6.029951690821257,7.744698825140162,0.6264896456200805,14.0,2.0,2.1944444444444446,3.0444444444444447,-0.7114262910359025,0.6479520820545754,0.2352941176470586,1.0,-0.1915411174134089,0.0176791224915299,0.86639003154198,1,크로플
84.84848484848484,73.73737373737374,0.5849056603773584,5.629951690821256,7.7648327028530275,0.5935824486503835,16.333333333333332,2.333333333333333,2.8421052631578947,3.6771747076023393,-0.6883688941784205,0.3986907026266417,0.7499999999999998,2.5000000000000004,-0.0973634537239462,0.0176791224915299,0.86639003154198,0,크로플
84.84848484848484,79.61760461760461,0.3835294117647059,5.739673913043478,7.447219864590449,0.5827724253403602,17.0,1.6666666666666667,0.0782608695652173,-2.1161835748792277,0.4286351293125043,0.3564417976917478,0.8888888888888888,4.000000000000001,-0.0187009682925249,0.0176791224915299,0.86639003154198,0,크로플
84.84848484848484,85.42568542568543,0.3770491803278688,2.393055555555556,7.465915934651862,0.439298556214317,13.666666666666666,1.3333333333333333,-0.6712328767123288,-3.5133381398702235,-0.194357855361596,-0.0437628857036923,0.3225806451612902,0.3333333333333332,-0.1427790171312224,0.0176791224915299,0.86639003154198,1,크로플
73.73737373737373,82.07070707070707,-0.153973509933775,16.52638888888889,7.438142433444732,0.4822536000739663,9.666666666666666,1.3333333333333333,-0.2365591397849462,-0.3148200093501636,1.7407166319500078,-0.0395827389310884,-0.3095238095238095,-0.3333333333333333,-0.2302289376280971,0.0176791224915299,0.86639003154198,1,크로플
73.73737373737373,79.29292929292929,-0.130952380952381,18.47222222222222,3.784696660240857,0.6346302143176691,8.333333333333334,1.3333333333333333,1.75,2.421232876712329,2.281062296207311,-0.5125849061950494,-0.4897959183673468,-0.4285714285714286,0.0691525933096828,0.0176791224915299,0.86639003154198,1,크로플
72.94372294372293,76.31673881673882,-0.1403061224489796,18.404761904761905,8.216955490107308,0.5854583716675656,8.333333333333334,0.6666666666666666,0.1654929577464787,0.402052097531425,2.206586677848869,0.103358788851763,-0.5098039215686274,-0.6000000000000001,0.0046089111468112,0.0176791224915299,0.86639003154198,1,크로플
58.58585858585859,69.75108225108224,-0.3095238095238094,10.204761904761904,8.217379031786205,0.5567477061147948,7.666666666666667,0.3333333333333333,-0.4969696969696969,-2.246969696969697,3.264323024624823,0.1006524991322961,-0.4390243902439024,-0.75,0.2673561026755999,0.0176791224915299,0.86639003154198,1,크로플
35.78643578643579,60.26334776334775,-0.5146771037181995,11.321428571428571,8.215148117448853,0.5193121693121694,5.666666666666667,1.0,-0.6012084592145015,-0.7667014169609803,-0.3149484350425606,0.1044623292652218,-0.4137931034482758,-0.25,0.0768445673241613,0.0176791224915299,0.86639003154198,0,크로플
35.35353535353536,50.66738816738816,-0.5205479452054793,11.716666666666669,4.34099001449974,0.6101715015508119,4.0,1.3333333333333333,-0.1746987951807229,0.322270901788974,-0.3657142857142856,0.1469849248693766,-0.52,0.0,-0.03854010132996,0.0176791224915299,0.86639003154198,0,크로플
31.505531505531508,40.30784030784031,-0.568084404879657,6.25,5.280819802772732,0.5956327391859627,4.333333333333333,1.3333333333333333,-0.2651515151515151,0.3360569440629863,-0.6604139715394567,-0.3573264685283371,-0.4800000000000001,1.0,0.017378464483166,0.0176791224915299,0.86639003154198,0,크로플
31.313131313131315,33.489658489658495,-0.4655172413793104,7.633333333333333,5.2818359955468885,0.6406303341835576,6.0,1.6666666666666667,0.5036496350364965,0.6783484302172195,-0.2519832011199253,-0.3572359294714461,-0.2173913043478261,4.000000000000001,0.1506654219630807,0.0176791224915299,0.86639003154198,0,크로플
36.36363636363637,33.633958633958635,0.0161290322580645,10.190476190476192,5.185550893540451,0.6413625935365067,6.333333333333333,1.3333333333333333,1.5876288659793816,1.8527803811308967,-0.0998948475289168,-0.3687818138632928,0.1176470588235292,0.3333333333333332,0.2350232315680056,0.0176791224915299,0.86639003154198,0,크로플
36.36363636363637,33.88648388648389,0.0285714285714284,12.657142857142858,5.070992923120059,0.6603105269771937,6.333333333333333,1.0,0.4563106796116503,-0.0473389554248462,0.0802682381629751,0.1681650743682823,0.5833333333333333,-0.25,0.0821720209792631,0.0176791224915299,0.86639003154198,0,크로플
35.78643578643579,34.95670995670996,0.1358778625954197,9.449735449735453,5.688893791174795,0.608617775284442,5.666666666666667,0.3333333333333333,-0.2111553784860558,-1.7987842444654374,0.5119576719576722,0.077274742112541,0.3076923076923079,-0.75,0.0218004069356994,0.0176791224915299,0.86639003154198,1,크로플
34.34343434343434,35.714285714285715,0.0967741935483867,7.2592592592592595,6.137162639974942,0.6031939841463653,5.666666666666667,0.6666666666666666,-0.4933333333333334,-0.9496440129449836,-0.0490053372149441,0.1619373727524253,-0.0555555555555554,-0.6000000000000001,-0.0584367427510322,0.0176791224915299,0.86639003154198,0,크로플
34.34343434343434,35.2092352092352,-0.0555555555555558,4.497354497354497,6.453018369902823,0.5556427699284844,6.333333333333333,0.6666666666666666,-0.4646464646464646,-0.2534910861604088,-0.5586708203530635,0.2444229171371617,0.0,-0.5,-0.1336526708477942,0.0176791224915299,0.86639003154198,0,크로플
34.34343434343434,34.7041847041847,-0.0555555555555558,4.015873015873016,6.2122686046803,0.5428222571079715,6.0,0.6666666666666666,-0.4736842105263157,0.0196491228070176,-0.6827188362177076,0.2250596084164997,-0.0526315789473683,-0.3333333333333333,-0.1779288154121464,0.0176791224915299,0.86639003154198,1,크로플
30.303030303030305,33.33333333333333,-0.1532258064516128,7.765873015873016,5.741629975679537,0.5947627054184433,5.333333333333333,0.6666666666666666,0.0660377358490564,0.5306842004955211,-0.1781914893617022,0.0092700244442165,-0.0588235294117648,1.0,-0.0227648130380737,0.0176791224915299,0.86639003154198,0,크로플
32.323232323232325,32.82828282828282,-0.0588235294117645,13.461111111111114,4.755129953339702,0.6442132548689927,5.0,1.3333333333333333,1.3874999999999995,1.8611842105263157,0.8543367346938779,-0.2251908198803874,-0.1176470588235294,1.0,0.068003447979803,0.0176791224915299,0.86639003154198,1,크로플
30.88023088023088,31.962481962481963,-0.1008403361344536,20.016666666666666,5.527755509730537,0.694469665125403,4.666666666666667,1.3333333333333333,1.52212389380531,1.4560861579562534,3.450764705882353,-0.1433845073938973,-0.263157894736842,1.0,0.2498491885619005,0.0176791224915299,0.86639003154198,0,크로플
27.27272727272727,30.194805194805195,-0.2058823529411764,16.466666666666665,5.994767189228489,0.6777554812337422,5.0,1.3333333333333333,0.2931937172774868,-1.094306282722513,3.100395256916996,-0.0350115922688768,-0.1666666666666666,1.0,0.2485771767072762,0.0176791224915299,0.86639003154198,0,크로플
27.27272727272727,29.43722943722944,-0.1,10.715151515151517,6.508587937137096,0.6462869497652108,7.0,1.3333333333333333,-0.3614035087719298,-1.88352740257724,0.3797742370046919,0.1335784376050439,0.3125,1.0,0.0866299179107368,0.0176791224915299,0.86639003154198,0,크로플
27.27272727272727,28.17460317460317,-0.1562500000000001,3.6675324675324674,6.851530252929659,0.5761282196064806,7.333333333333333,1.6666666666666667,-0.6680161943319838,-0.9612099116094706,-0.7275460816525613,0.4408712948249875,0.4666666666666665,0.2500000000000002,-0.1056871070998963,0.0176791224915299,0.86639003154198,0,크로플
27.27272727272727,27.27272727272727,-0.1168224299065421,2.8265068265068263,7.371098845134134,0.5060840394173729,10.0,2.0,-0.5274725274725274,-0.1660690187005975,-0.8587923317315491,0.3334704894525002,1.1428571428571428,0.5,-0.271265449260498,0.0176791224915299,0.86639003154198,1,크로플
25.396825396825395,26.8037518037518,-0.0687830687830687,2.686355311355312,7.371835904134505,0.481270519603853,9.0,2.333333333333333,-0.1219512195121951,0.5460649748197887,-0.8368610134804466,0.2297117922077705,0.8,0.7500000000000002,-0.2899053819118079,0.0176791224915299,0.86639003154198,0,크로플
25.252525252525253,26.298701298701296,-0.0740740740740739,2.5117521367521367,7.074318798181045,0.4167202550535884,10.0,2.6666666666666665,-0.1511627906976744,0.3763097367748529,-0.7655887428936072,0.0869206756531577,0.4285714285714286,1.0,-0.3552086187026081,0.0176791224915299,0.86639003154198,0,크로플
25.252525252525253,25.79365079365079,-0.0740740740740739,4.676587301587301,5.913704186601226,0.5161640211640213,8.0,3.0,0.4722222222222223,0.5941734417344174,0.2751318067359143,-0.136878336912754,0.090909090909091,0.7999999999999998,-0.1040813423154612,0.0176791224915299,0.86639003154198,1,크로플
22.22222222222222,24.531024531024528,-0.1851851851851851,15.246031746031749,3.116311806885906,0.6168578010683275,7.333333333333333,2.333333333333333,2.972602739726028,3.123765530423702,4.3939483191957285,-0.5772256114916883,-0.2666666666666667,0.1666666666666667,0.2188841240250976,0.0176791224915299,0.86639003154198,0,크로플
22.22222222222222,23.737373737373737,-0.125,16.1765873015873,4.208803836127042,0.7169190993003575,7.0,2.333333333333333,1.924528301886792,1.4523060796645697,5.021760127265496,-0.4290697879253486,-0.2222222222222222,0.0,0.4896385091080861,0.0176791224915299,0.86639003154198,0,크로플
22.22222222222222,22.97979797979798,-0.12,27.986111111111114,7.91945931665608,0.6417026490839073,5.333333333333333,1.6666666666666667,0.1655172413793102,-2.807085498346717,10.142067205444492,0.1194659927811478,-0.4666666666666667,-0.3749999999999999,0.5398883094880691,0.0176791224915299,0.86639003154198,0,크로플
20.2020202020202,21.71717171717172,-0.2,18.041666666666668,8.61740902084144,0.5873422025129343,5.0,1.6666666666666667,-0.5032258064516129,-2.427754108338405,2.857870173949937,0.4571931143201313,-0.375,-0.4444444444444444,0.1378983780938401,0.0176791224915299,0.86639003154198,0,크로플
21.35642135642136,21.5007215007215,-0.0389610389610387,17.944444444444446,9.024633547178473,0.5911853012887497,4.0,0.6666666666666666,-0.5798816568047338,-0.745398898184044,0.1769911504424779,1.8959340741312665,-0.4545454545454545,-0.7142857142857143,-0.0416181812649787,0.0176791224915299,0.86639003154198,0,크로플
24.24242424242424,22.005772005772005,0.0909090909090908,7.166666666666667,8.63163980319782,0.6775128626163109,5.333333333333333,0.6666666666666666,-0.1948051948051947,0.3084206116464181,-0.5569728934134675,1.050853434675798,-0.2380952380952381,-0.7142857142857143,-0.0549660857445465,0.0176791224915299,0.86639003154198,1,크로플
21.21212121212121,21.75324675324676,-0.0454545454545454,14.7,7.950668709056169,0.7236191428095479,5.333333333333333,0.6666666666666666,0.6690140845070423,1.248895741311776,-0.4747394540942928,0.0039408488827576,0.0,-0.6000000000000001,0.1276549097040262,0.0176791224915299,0.86639003154198,1,크로플
24.38672438672439,22.7994227994228,0.2071428571428573,15.565079365079365,4.52321318580551,0.743239369326326,6.0,0.6666666666666666,1.096774193548387,1.2915793883535818,-0.1372704278016057,-0.4751075207332047,0.1999999999999999,-0.6000000000000001,0.2654281714244064,0.0176791224915299,0.86639003154198,1,크로플
19.19191919191919,22.25829725829725,-0.1013513513513516,13.842857142857143,5.396256453066856,0.6735201996071561,5.333333333333333,0.3333333333333333,-0.0886075949367088,-0.7576216794437511,-0.2285714285714286,-0.4020525681340289,0.3333333333333332,-0.5,0.1392708819703756,0.0176791224915299,0.86639003154198,0,크로플
19.19191919191919,20.995670995670995,-0.2083333333333332,6.042857142857144,6.521284124331696,0.5590964590964592,5.0,0.3333333333333333,-0.6192307692307693,-1.7160049627791565,-0.1568106312292357,-0.2444907024600686,-0.0625,-0.5,-0.1747810411489018,0.0176791224915299,0.86639003154198,0,크로플
15.151515151515152,19.48051948051948,-0.2857142857142856,5.5,6.400497126808093,0.539859374342133,4.333333333333333,1.0,-0.6481481481481481,-0.5595405532114393,-0.6258503401360545,-0.1949737360434048,-0.1875,0.5,-0.2539454218332906,0.0176791224915299,0.86639003154198,0,크로플
17.17171717171717,17.676767676767675,-0.2958579881656806,5.611111111111111,6.211195337126976,0.5947895390283953,5.0,1.3333333333333333,-0.0808080808080808,0.5384226884226884,-0.6395064246379767,0.3731820902491609,-0.1666666666666666,1.0,-0.1997335399932944,0.0176791224915299,0.86639003154198,0,크로플
17.46031746031746,17.243867243867243,-0.0902255639097744,8.766666666666667,3.731443264125812,0.661069058966452,4.666666666666667,1.3333333333333333,0.4605263157894737,1.1086744639376218,-0.3667010663914688,-0.3085126148878415,-0.1249999999999998,3.0,-0.0184866625350903,0.0176791224915299,0.86639003154198,0,크로플
23.80952380952381,18.3982683982684,0.2406015037593987,9.833333333333334,4.485326695718966,0.6296798153166718,4.0,1.0,0.197802197802198,0.2786102786102788,0.627265563435776,-0.3122019206334421,-0.1999999999999999,2.0,0.1262454001842194,0.0176791224915299,0.86639003154198,1,크로플
24.24242424242424,20.67099567099567,0.5999999999999996,10.841269841269842,4.238487660880192,0.6506109873613116,4.333333333333333,1.3333333333333333,0.234234234234234,-0.2262920815552396,0.9711399711399712,-0.3377877410291234,0.0,0.3333333333333332,0.2051490041348995,0.0176791224915299,0.86639003154198,1,크로플
21.21212121212121,21.68109668109668,0.2352941176470588,8.73015873015873,4.128792209616355,0.6264671095588971,4.333333333333333,1.3333333333333333,0.0825688073394494,-0.1152333904627485,0.5558698727015559,-0.335266082369557,-0.1333333333333334,0.0,0.053258452699501,0.0176791224915299,0.86639003154198,1,크로플
15.151515151515152,21.103896103896105,-0.1322314049586775,11.285714285714286,3.0191322714934863,0.6460555869251523,4.333333333333333,1.3333333333333333,0.0291970802919707,-0.2050371539422633,0.287343834872352,-0.1908942310554473,-0.0714285714285715,0.0,-0.0227108981091513,0.0176791224915299,0.86639003154198,1,크로플
12.987012987012989,18.3982683982684,-0.4545454545454545,12.333333333333334,4.307360458320147,0.6348096348096349,3.6666666666666665,1.0,0.1610169491525421,0.0784481418130926,0.2542372881355932,-0.0396774303126411,-0.0833333333333333,0.0,0.0081467110238928,0.0176791224915299,0.86639003154198,0,크로플
12.12121212121212,15.367965367965368,-0.5,14.603174603174605,4.33233354562935,0.6906056906056909,4.666666666666667,1.6666666666666667,0.5177304964539007,0.4885334161619299,0.3469985358711565,0.0221413608479561,0.0769230769230771,0.2500000000000002,0.0614725297010216,0.0176791224915299,0.86639003154198,0,크로플
12.12121212121212,13.095238095238097,-0.4285714285714286,21.84126984126984,4.2574372854021405,0.7545514939063328,10.666666666666666,6.666666666666667,6.08029197080292,5.919275021650377,1.5018181818181815,0.0311580407185807,1.4615384615384617,4.000000000000001,0.2044550821472837,0.0176791224915299,0.86639003154198,0,크로플
12.12121212121212,12.337662337662335,-0.2000000000000001,26.26190476190476,2.7367861190205987,0.765673394705653,13.5,9.5,5.343457943925234,4.825727447471333,1.3270042194092824,-0.0935189740240225,2.1153846153846154,6.125,0.1851509532636528,0.0176791224915299,0.86639003154198,0,크로플
4.0,4.0,0.0,87.0,7.849345620758331,0.0,1.0,0.5,0.0,0.0,0.0,0.0,0.0,0.0,0.0,0.4724591109237113,8.159297450177997,1,탕후루
3.0,3.5,0.0,73.33333333333333,8.149665093593779,0.0,1.0,0.3333333333333333,0.0,0.0,0.0,0.0,0.0,0.0,0.0,0.4724591109237113,8.159297450177997,1,탕후루
3.0,3.333333333333333,0.0,48.333333333333336,8.56947010050731,0.0,1.0,0.0,-0.4444444444444444,0.0,0.0,0.0,0.0,0.0,0.0,0.4724591109237113,8.159297450177997,1,탕후루
2.4285714285714284,3.107142857142857,0.0,43.333333333333336,8.59966698434092,0.0,1.0,0.0,-0.409090909090909,0.0,0.0,0.0,0.0,0.0,0.0,0.4724591109237113,8.159297450177997,1,탕후루
2.0,2.607142857142857,-0.5,34.666666666666664,8.632486752299288,0.0,1.0,0.0,-0.2827586206896553,0.1616858237547891,-0.6015325670498084,0.0997715184651655,0.0,-1.0,0.0,0.4724591109237113,8.159297450177997,0,탕후루
2.0,2.357142857142857,-0.3333333333333333,30.0,8.663546079079252,0.0,1.0,0.0,-0.3076923076923077,0.1013986013986013,-0.5909090909090908,0.0630554727812582,0.0,-1.0,0.0,0.4724591109237113,8.159297450177997,0,탕후루
2.0,2.107142857142857,-0.3333333333333333,24.33333333333333,8.70284374569724,0.0,1.0,0.0,-0.298076923076923,-0.0153183023872677,-0.4965517241379311,0.0155638147546643,0.0,0.0,0.0,0.4724591109237113,8.159297450177997,0,탕후루
2.0,2.0,-0.176470588235294,26.666666666666668,8.73837339440064,0.0,1.0,0.0,-0.111111111111111,0.1965811965811966,-0.3846153846153846,0.0161292769024996,0.0,0.0,0.0,0.4724591109237113,8.159297450177997,0,탕후루
2.0,2.0,0.0,27.0,8.774441342432459,0.0,1.0,0.0,0.1095890410958904,0.4076659641728134,-0.2211538461538461,0.0164442291319313,0.0,0.0,0.0,0.4724591109237113,8.159297450177997,0,탕후루
2.0,2.0,0.0,32.5,8.385108265381849,0.0686274509803921,1.3333333333333333,0.3333333333333333,0.7499999999999998,0.8611111111111108,0.0833333333333332,-0.0321390122654019,0.3333333333333332,0.0,0.0,0.4724591109237113,8.159297450177997,0,탕후루
2.0,2.0,0.0,37.0,7.734592988809253,0.185911401597676,1.6666666666666667,0.3333333333333333,1.3950617283950617,1.2854726872991713,0.5205479452054795,-0.111256824226759,0.6666666666666667,0.0,0.0,0.4724591109237113,8.159297450177997,0,탕후루
2.0,2.0,0.0,34.333333333333336,5.258829599220445,0.2525780682643427,2.0,0.3333333333333333,0.4714285714285715,-0.2785714285714282,0.2875000000000001,-0.3981912466008617,1.0,0.0,0.0,0.4724591109237113,8.159297450177997,0,탕후루
2.0,2.0,0.0,25.33333333333333,5.867832276523776,0.2215850258861011,2.0,0.0,-0.2164948453608248,-1.6115565737558866,-0.0617283950617284,-0.331258589860595,1.0,0.0,0.0,0.4724591109237113,8.159297450177997,0,탕후루
2.0,2.0,0.0,18.166666666666668,6.259496746221103,0.2007923033389926,2.0,0.0,-0.470873786407767,-0.9423023578363384,-0.441025641025641,-0.2534983988145259,0.5,-1.0,1.9258307057967512,0.4724591109237113,8.159297450177997,0,탕후루
2.0,2.0,0.0,16.0,6.537295414183832,0.2143725502525728,2.0,0.0,-0.3684210526315788,-0.151926207270754,-0.5675675675675675,-0.1547977477751865,0.1999999999999999,-1.0,0.1530898503820035,0.4724591109237113,8.159297450177997,0,탕후루
2.857142857142857,2.2142857142857144,0.4285714285714286,15.0,6.746444769377646,0.303404808317089,2.0,0.0,-0.1743119266055046,0.2965618598022623,-0.5631067961165048,0.2828795156963672,0.0,-1.0,0.201231802911534,0.4724591109237113,8.159297450177997,0,탕후루
4.0,2.7142857142857144,1.0,12.333333333333334,8.096220670855446,0.252368125701459,2.0,0.0,-0.2291666666666666,0.1392543859649122,-0.513157894736842,0.3797634781156036,0.0,0.0,0.1389222926606101,0.4724591109237113,8.159297450177997,0,탕후루
4.0,3.2142857142857144,1.0,11.333333333333334,8.645668465751305,0.2276767676767676,2.0,0.0,-0.2444444444444443,-0.0701325178389397,-0.3761467889908256,0.3812082370632668,0.0,0.0,0.1338919066652997,0.4724591109237113,8.159297450177997,0,탕후루
4.0,3.7142857142857135,1.0,12.0,8.675749446082383,0.1527342389411354,2.0,0.0,-0.027027027027027,0.2021396396396395,-0.25,0.3271160160911179,0.0,0.0,-0.2875289361385841,0.4724591109237113,8.159297450177997,0,탕후루
4.428571428571429,4.107142857142857,0.55,13.333333333333334,8.234901932752658,0.1961685823754788,2.0,0.0,0.1764705882352941,0.4209150326797385,-0.111111111111111,0.2206283775020543,0.0,0.0,-0.3534427372342015,0.4724591109237113,8.159297450177997,0,탕후루
7.000000000000001,4.857142857142858,0.7500000000000002,17.333333333333332,8.278407415067834,0.1665389527458492,2.0,0.0,0.4444444444444444,0.4714714714714715,0.4054054054054052,0.0225026900351441,0.0,0.0,-0.3400951396577797,0.4724591109237113,8.159297450177997,0,탕후루
7.000000000000001,5.607142857142858,0.7500000000000002,22.166666666666668,8.754286721084707,0.1320561941251595,2.0,0.0,0.6625000000000001,0.4860294117647059,0.9558823529411764,0.0125633148857926,0.0,0.0,-0.4199838856082165,0.4724591109237113,8.159297450177997,0,탕후루
7.000000000000001,6.357142857142858,0.7500000000000002,25.166666666666668,9.076205765708854,0.0778895274584929,2.0,0.0,0.4519230769230771,0.0074786324786326,1.0972222222222223,0.0461581241038837,0.0,0.0,-0.4900323071075639,0.4724591109237113,8.159297450177997,0,탕후루
7.000000000000001,7.000000000000001,0.5806451612903227,24.83333333333333,9.096434938900677,0.117855074400784,2.0,0.0,0.1203007518796992,-0.5421992481203008,0.8624999999999998,0.1046197044219121,0.0,0.0,-0.3992153433866281,0.4724591109237113,8.159297450177997,0,탕후루
10.571428571428571,7.892857142857143,0.5102040816326527,25.166666666666668,8.83379269947471,0.1228359173126614,2.0,0.0,0.0,-0.4519230769230771,0.4519230769230771,0.0670884213062525,0.0,0.0,-0.2624193001854759,0.4724591109237113,8.159297450177997,0,탕후루
12.0,9.142857142857142,0.714285714285714,26.666666666666668,8.856476044657335,0.0910376716986263,2.0,0.0,0.0738255033557047,-0.0464752485239945,0.2030075187969924,0.0116730610760673,0.0,0.0,-0.3106141495162041,0.4724591109237113,8.159297450177997,1,탕후루
12.0,10.392857142857142,0.714285714285714,25.666666666666668,8.878708959820191,0.0476687213529318,2.0,0.0,0.0198675496688742,0.0198675496688742,0.0198675496688742,-0.0217598422718481,0.0,0.0,-0.3879957561902739,0.4724591109237113,8.159297450177997,1,탕후루
12.0,11.642857142857142,0.714285714285714,20.83333333333333,8.90194796779658,0.0308228432167311,2.0,0.0,-0.2187500000000001,-0.2925755033557048,-0.1610738255033557,-0.0213805707851958,0.0,0.0,-0.738468255410765,0.4724591109237113,8.159297450177997,1,탕후루
10.714285714285714,11.678571428571429,0.0135135135135133,17.666666666666668,8.927218245176316,0.071758515731351,2.0,0.0,-0.3116883116883117,-0.3315558613571859,-0.2980132450331125,0.0105759268844016,0.0,0.0,-0.4158181312009916,0.4724591109237113,8.159297450177997,1,탕후루
9.0,10.928571428571429,-0.25,17.833333333333332,8.60616488261654,0.1194114318053197,2.0,0.0,-0.144,0.0747500000000001,-0.33125,-0.0282630654425802,0.0,0.0,0.3116705378914195,0.4724591109237113,8.159297450177997,1,탕후루
9.0,10.178571428571429,-0.25,16.166666666666668,8.63826873497117,0.1219715956558061,2.0,0.0,-0.0849056603773584,0.2267826513109532,-0.3701298701298701,-0.0270805390667845,0.0,0.0,1.5587343690791973,0.4724591109237113,8.159297450177997,1,탕후루
9.0,9.428571428571429,-0.25,13.333333333333334,8.196737194368998,0.1177944862155387,2.0,0.0,-0.2523364485981307,-0.1083364485981307,-0.36,-0.0792198264895203,0.0,0.0,2.821661920909296,0.4724591109237113,8.159297450177997,1,탕후루
6.0,8.25,-0.4399999999999999,10.333333333333334,8.49898359290898,0.1809523809523809,2.0,0.0,-0.3608247422680413,-0.2759190818906828,-0.4150943396226415,-0.0479695511531519,0.0,0.0,1.5216851144166514,0.4724591109237113,8.159297450177997,1,탕후루
3.0,6.75,-0.6666666666666667,49.27777777777777,8.221547406194237,0.3900024931438544,2.333333333333333,0.3333333333333333,4.2875,4.53983644859813,1.763239875389408,-0.0446909258268088,0.1666666666666667,0.0,2.266039835948773,0.4724591109237113,8.159297450177997,0,탕후루
3.0,5.25,-0.6666666666666667,67.77777777777777,7.816507967356266,0.5624411655825269,2.6666666666666665,0.3333333333333333,8.67741935483871,9.038244097106752,3.192439862542954,-0.095130261957247,0.3333333333333332,0.0,3.61124709042661,0.4724591109237113,8.159297450177997,0,탕후루
3.0,3.75,-0.6666666666666667,70.77777777777777,5.259721624726152,0.6357355125610843,3.0,0.3333333333333333,0.5059101654846336,-3.781589834515366,4.308333333333333,-0.3583152051843897,0.5,0.0,4.39698871301857,0.4724591109237113,8.159297450177997,0,탕후루
3.0,3.0,-0.5,77.66666666666667,5.225943289189964,0.6588952888294993,3.333333333333333,0.3333333333333333,0.4116666666666666,-8.265752688172043,6.516129032258065,-0.3851096155132991,0.6666666666666667,0.0,2.641263438268286,0.4724591109237113,8.159297450177997,0,탕후루
6.0,3.75,1.0,58.55555555555555,6.583717304403027,0.5151501450843556,3.333333333333333,0.3333333333333333,0.0596546310832024,-0.4462555344014312,0.1882750845546787,-0.1992119026835804,0.4285714285714286,0.0,0.3208893638901429,0.4724591109237113,8.159297450177997,0,탕후루
6.0,4.5,1.0,54.05555555555555,7.170920077637469,0.3312497374997374,3.6666666666666665,0.3333333333333333,-0.2443919716646988,-0.6560586383313655,-0.2024590163934426,-0.0825928781004173,0.375,0.0,-0.4110499768332956,0.4724591109237113,8.159297450177997,0,탕후루
6.0,5.25,1.0,6.588888888888889,7.344796779858973,0.1720557220557219,4.0,0.3333333333333333,-0.8874074074074074,-0.94706203849061,-0.9069073783359498,0.3964231006695875,0.3333333333333332,0.0,-0.72935958640632,0.4724591109237113,8.159297450177997,0,탕후루
8.0,6.5,1.6666666666666663,13.766666666666666,6.908578273562507,0.3173661878959892,4.666666666666667,0.3333333333333333,-0.6859375000000001,-0.4415455283353012,-0.8227467811158798,0.3219772759212922,0.4000000000000001,0.0,-0.5183359279138613,0.4724591109237113,8.159297450177997,0,탕후루
8.0,7.0,0.3333333333333332,16.333333333333332,6.485951375080869,0.4178712384010397,5.0,0.3333333333333333,2.223684210526316,3.111091617933724,-0.7210626185958254,-0.0148496548077444,0.5,0.0,-0.1888360269555715,0.4724591109237113,8.159297450177997,0,탕후루
8.0,7.5,0.3333333333333332,18.666666666666668,6.733438432175045,0.4490881696179709,5.0,0.0,0.3930348258706466,1.0789723258706467,-0.6546762589928057,-0.0610077424829641,0.3636363636363637,-1.0,0.3557389449050563,0.4724591109237113,8.159297450177997,0,탕후루
8.0,8.0,0.3333333333333332,11.0,7.337334271575369,0.3576238576238575,5.0,0.0,-0.326530612244898,-2.550214822771214,0.6694772344013491,-0.0010160265160866,0.25,-1.0,1.0785351010182471,0.4724591109237113,8.159297450177997,0,탕후루
9.142857142857142,8.285714285714285,0.1428571428571428,25.46666666666667,7.086677042962683,0.4902219230841139,4.666666666666667,0.6666666666666666,0.3642857142857143,-0.0287491115849323,0.8498789346246975,0.0257793662238319,0.0,1.0,0.5446570610879786,0.4724591109237113,8.159297450177997,0,탕후루
10.0,8.785714285714285,0.25,28.647619047619045,6.701511236584993,0.6176839473203316,5.0,1.0,1.8727272727272728,2.1992578849721705,0.753935860058309,0.0332348870718195,0.0,2.0,0.4781681306515946,0.4724591109237113,8.159297450177997,0,탕후루
10.0,9.285714285714285,0.25,28.91428571428571,5.198214865412089,0.7103054750981094,5.666666666666667,1.0,0.3141361256544503,-0.0501495886312639,0.5489795918367344,-0.2279999412227559,0.1333333333333333,0.0,0.5816615158273932,0.4724591109237113,8.159297450177997,0,탕후루
10.0,9.785714285714285,0.25,11.964285714285714,5.874938273478602,0.6609968255359647,6.666666666666667,0.3333333333333333,-0.4409282700421941,-2.3136555427694665,0.0876623376623375,-0.1993088966604737,0.3333333333333335,0.0,0.8483018161254483,0.4724591109237113,8.159297450177997,0,탕후루
11.428571428571429,10.357142857142858,0.25,10.842592592592592,5.776748348655935,0.6356981650015722,7.333333333333333,0.6666666666666666,-0.4442231075697211,-0.7583592332241715,-0.5742437463641652,-0.1848438536658804,0.5714285714285712,0.0,0.2967558876237712,0.4724591109237113,8.159297450177997,0,탕후루
15.0,11.607142857142858,0.5,14.942592592592597,5.377241286218446,0.670608109582853,8.0,1.0,0.5773584905660378,1.018286760608232,-0.4784001920803781,-0.1976076594689676,0.6000000000000001,0.0,0.0856816216320979,0.4724591109237113,8.159297450177997,1,탕후루
15.0,12.857142857142858,0.5,16.722895622895624,5.933132528196269,0.6975687350823238,9.0,1.0,0.7706093189964156,1.2148324265661368,-0.4216389853741631,0.1413788544360064,0.588235294117647,0.0,-0.0179313555397082,0.4724591109237113,8.159297450177997,1,탕후루
15.0,14.107142857142858,0.5,39.46363636363636,5.89483178010771,0.7683701588280446,9.333333333333334,0.6666666666666666,1.858851674641148,1.28149318407511,2.2984531886024424,0.0033861643651498,0.4000000000000001,1.0,0.162441526409778,0.4724591109237113,8.159297450177997,1,탕후루
15.0,15.0,0.3125,37.13030303030303,6.115684843761291,0.7293934066026536,9.333333333333334,0.3333333333333333,1.2773279352226723,0.5067186162262567,2.424485676577905,0.0586725394025888,0.2727272727272729,-0.5,0.1473895108708545,0.4724591109237113,8.159297450177997,1,탕후루
7.000000000000001,13.0,-0.5333333333333332,36.3962962962963,6.4090820579559535,0.6366517827134887,9.0,0.3333333333333333,-0.0937238493723848,-1.9525755240135327,1.4357417275994546,0.1918903610262115,0.125,-0.6666666666666667,-0.0506351271094628,0.4724591109237113,8.159297450177997,1,탕후루
7.000000000000001,11.0,-0.5333333333333332,10.021296296296295,7.066228547392156,0.491067947646895,8.333333333333334,0.0,-0.7546666666666667,-2.031994601889339,-0.4007439547385588,0.1909777025561168,-0.0740740740740739,-1.0,-0.2960293044255466,0.4724591109237113,8.159297450177997,1,탕후루
7.000000000000001,9.0,-0.5333333333333332,7.50462962962963,7.51009355277226,0.3581895560156429,7.666666666666667,0.0,-0.8254847645429363,-0.7317609151705514,-0.8098343102374431,0.2740132090139198,-0.1785714285714286,-1.0,-0.5338320314755963,0.4724591109237113,8.159297450177997,1,탕후루
7.000000000000001,7.000000000000001,-0.5333333333333332,40.61574074074075,7.191364589821634,0.5047710451022654,7.0,0.3333333333333333,2.9239130434782608,3.678579710144928,0.0938704353582344,0.1758886818959715,-0.25,0.0,-0.3079577625284925,0.4724591109237113,8.159297450177997,1,탕후루
5.857142857142857,6.714285714285714,-0.1632653061224491,39.46693121693122,7.304078137367663,0.4481700893077613,6.666666666666667,0.3333333333333333,4.560846560846561,5.386331325389497,0.0843666865341843,0.1396449712015623,-0.2592592592592592,0.0,-0.2960514656888181,0.4724591109237113,8.159297450177997,1,탕후루
5.0,6.214285714285714,-0.2857142857142858,60.46693121693122,6.592140586892415,0.6522412355528207,6.333333333333333,0.6666666666666666,0.4358264081255771,-2.488086635352684,5.033843270284183,-0.0670920785140337,-0.2400000000000001,0.0,0.3282097491360158,0.4724591109237113,8.159297450177997,1,탕후루
5.0,5.714285714285714,-0.2857142857142858,27.926190476190477,6.668159125128637,0.5988812698764008,6.333333333333333,0.3333333333333333,-0.346336822074215,-4.907183382920776,2.721195029523221,-0.1121070492301434,-0.1739130434782609,0.0,0.6719674256785038,0.4724591109237113,8.159297450177997,1,탕후루
5.0,5.214285714285714,-0.2857142857142858,27.934848484848484,5.2662749572432,0.7051712932171154,7.333333333333333,0.3333333333333333,-0.5466237942122187,-0.982450202337796,-0.3122162005326261,-0.2676946229792226,0.0476190476190476,0.0,0.3970121702885103,0.4724591109237113,8.159297450177997,1,탕후루
4.428571428571429,4.857142857142857,-0.2439024390243901,6.462626262626262,6.187925351735413,0.5903430967222522,7.666666666666667,0.0,-0.717612809315866,-0.371275987241651,-0.8362521213746203,-0.1528122734506375,0.1499999999999999,-1.0,0.3172300222758946,0.4724591109237113,8.159297450177997,1,탕후루
3.0,4.357142857142857,-0.4,4.262626262626262,6.948743704096498,0.5162447781495401,7.333333333333333,0.0,-0.8354609929078014,-0.2888371986955826,-0.9295048355053168,0.0540951929807351,0.1578947368421053,-1.0,-0.2085063776871052,0.4724591109237113,8.159297450177997,1,탕후루
3.0,3.8571428571428568,-0.4,4.407407407407407,7.526286017683708,0.4347495537971728,6.666666666666667,0.0,-0.4278350515463918,0.2897777577694742,-0.8421765614194636,0.1286902241611571,0.0526315789473685,-1.0,-0.2740638659697973,0.4724591109237113,8.159297450177997,1,탕후루
3.0,3.3571428571428568,-0.4,4.555555555555556,7.789354185310635,0.4364280360958101,6.666666666666667,0.0,-0.0086206896551722,0.8268403032526291,-0.8369221312216376,0.4791013094743959,-0.0909090909090908,-1.0,-0.3811035130134853,0.4724591109237113,8.159297450177997,1,탕후루
3.0,3.0,-0.3225806451612903,4.111111111111112,7.89268256454861,0.4123665596533812,7.333333333333333,0.0,0.0,0.4278350515463918,-0.3638637074085651,0.2754973785091146,-0.0434782608695653,0.0,-0.3014798310627257,0.4724591109237113,8.159297450177997,1,탕후루
2.142857142857143,2.785714285714286,-0.2857142857142857,4.481481481481482,7.896946521517471,0.4886502296870514,7.333333333333333,0.0,0.0,0.0086206896551722,0.0513428120063192,0.1364567262513911,0.0,0.0,-0.0534524505243428,0.4724591109237113,8.159297450177997,0,탕후루
2.0,2.5357142857142856,-0.3333333333333333,5.0888888888888895,7.9219746786187155,0.4905373176206509,8.0,0.3333333333333333,0.2432432432432432,0.2432432432432432,0.1546218487394959,0.0525742258539339,0.1999999999999999,0.0,0.1283216126071176,0.4724591109237113,8.159297450177997,0,탕후루
2.0,2.2857142857142856,-0.3333333333333333,6.152380952380952,7.963175192694247,0.4708788670678914,7.666666666666667,0.3333333333333333,0.3478260869565215,0.3478260869565215,0.3505226480836234,0.0223152013951821,0.1499999999999999,0.0,0.0789381710677226,0.4724591109237113,8.159297450177997,0,탕후루
2.0,2.0357142857142856,-0.3333333333333333,5.707936507936508,8.021220678084628,0.4755636113359691,8.0,0.3333333333333333,0.0797101449275361,-0.163533098315707,0.3884169884169883,0.0162857320669869,0.090909090909091,0.0,0.1532545503585662,0.4724591109237113,8.159297450177997,0,탕후루
2.571428571428572,2.1428571428571432,0.2000000000000004,4.915343915343915,8.111502113334337,0.4724978661649607,7.666666666666667,0.0,-0.2193548387096773,-0.5671809256661988,0.0968122786304603,0.0271694371023343,0.0454545454545456,0.0,-0.0330550617615286,0.4724591109237113,8.159297450177997,0,탕후루
3.0,2.3928571428571432,0.5,4.444444444444444,8.18760753407773,0.52857606980414,7.666666666666667,0.0,-0.1946308724832214,-0.2743410174107575,-0.126637554585153,0.0335311416957633,-0.0416666666666666,-1.0,0.0775450731618052,0.4724591109237113,8.159297450177997,0,탕후루
3.0,2.6428571428571432,0.5,4.296296296296297,8.229073319440525,0.5153021442495127,8.0,0.0,-0.0413223140495868,0.1780325246600904,-0.3016855865153077,0.0333909678378323,0.0434782608695651,-1.0,0.0943411995918184,0.4724591109237113,8.159297450177997,0,탕후루
3.0,2.8928571428571432,0.5,6.263888888888889,7.967447425370397,0.5601093783842322,7.333333333333333,0.0,0.3249999999999999,0.5196308724832214,0.0973998887652947,-0.006703873995282,-0.0833333333333333,-1.0,0.1777801434612593,0.4724591109237113,8.159297450177997,0,탕후루
3.0,3.0,0.1666666666666663,7.1157407407407405,7.981814234711866,0.5574109656858196,7.666666666666667,0.0,0.6293103448275863,0.6706326588771732,0.447658772874058,-0.0159881458218792,0.0,0.0,0.1797110751209478,0.4724591109237113,8.159297450177997,0,탕후루
3.0,3.0,0.0,8.125,8.004889809636856,0.5796096616594703,8.0,0.0,0.4968553459119496,0.1718553459119496,0.8281250000000002,-0.0223163755322153,0.0434782608695651,0.0,0.096549190874722,0.4724591109237113,8.159297450177997,0,탕후루
3.0,3.0,0.0,7.892857142857143,8.203001502609753,0.5345492693768557,8.333333333333334,0.0,0.1798941798941797,-0.4494161649334065,0.837130541871921,-0.0031682567184301,0.0416666666666667,0.0,0.0373511450362282,0.4724591109237113,8.159297450177997,0,탕후루
3.0,3.0,0.0,7.55952380952381,8.270079273862754,0.5550254598530461,8.666666666666666,0.0,-0.1050420168067226,-0.6018973627186722,0.2068419385492557,0.0379835388092677,0.1818181818181818,0.0,-0.0090766531098834,0.4724591109237113,8.159297450177997,0,탕후루
3.0,3.0,0.0,7.3852813852813854,8.337223256280225,0.5285593385593386,8.333333333333334,0.0,-0.1031390134529146,-0.2830331933470944,0.0378794920109168,0.0445273481839167,0.0869565217391303,0.0,-0.0517600637636953,0.4724591109237113,8.159297450177997,0,탕후루
3.0,3.0,0.0,6.047979797979799,8.493595820958804,0.5598891198891199,9.333333333333334,0.0,-0.0657276995305164,0.0393143172762061,-0.2556332556332555,0.0610509354836601,0.1666666666666667,0.0,-0.0340238320284185,0.4724591109237113,8.159297450177997,0,탕후루
3.0,3.0,0.0,8.095598845598845,8.533479276178703,0.5267518649871591,8.333333333333334,0.0,0.1199999999999998,0.2231390134529145,0.0256867315690842,0.0402874208256343,0.0,0.0,-0.0145868769005825,0.4724591109237113,8.159297450177997,0,탕후루
3.0,3.0,0.0,8.7506105006105,8.568204555324384,0.5529939000787517,9.0,0.0,0.3216080402010051,0.3873357397315216,0.157561074096507,0.0360486606705019,0.0384615384615385,0.0,-0.0036603001506133,0.4724591109237113,8.159297450177997,0,탕후루
3.0,3.0,0.0,9.472832722832722,8.591946670793801,0.5383418854267371,9.333333333333334,0.0,0.2901785714285712,0.1701785714285713,0.2826637508642196,0.0305525480946786,0.1199999999999998,0.0,0.0185079444326199,0.4724591109237113,8.159297450177997,0,탕후루
3.0,3.0,0.0,8.591880341880342,8.581743926020891,0.5656896666444874,9.666666666666666,0.0,0.0646387832699619,-0.2569692569310431,0.4206198811626787,0.0103781845663732,0.0357142857142855,0.0,0.0103601705218279,0.4724591109237113,8.159297450177997,0,탕후루
3.0,3.0,0.0,7.594444444444445,8.620023383503753,0.5665220744168112,9.0,0.0,-0.2249134948096884,-0.5150920662382596,-0.0619045497081234,0.0101417141266915,0.0799999999999998,0.0,0.0755008421861431,0.4724591109237113,8.159297450177997,0,탕후루
3.0,3.0,0.0,7.233333333333333,8.691322681275667,0.5614304993252363,8.333333333333334,0.0,-0.2928571428571428,-0.3574959261271048,-0.173391007081313,0.0143691861178518,-0.0740740740740739,0.0,0.0152562247888865,0.4724591109237113,8.159297450177997,0,탕후루
3.0,3.0,0.0,7.816666666666666,8.788732853962575,0.5633310841205578,8.333333333333334,0.0,-0.0535714285714286,0.1713420662382598,-0.1748332420326748,0.022903561987611,-0.1071428571428571,0.0,0.0464188267164313,0.4724591109237113,8.159297450177997,0,탕후루
3.0,3.0,0.0,7.977272727272727,8.80450427144773,0.5424473239179122,8.333333333333334,0.0,0.1262626262626263,0.4191197691197691,-0.0715335398250097,0.0259574682427194,-0.1379310344827584,0.0,-0.041086737299697,0.4724591109237113,8.159297450177997,0,탕후루
5.0,3.5,0.6666666666666667,9.043939393939397,8.79388486086895,0.5397616247373676,8.0,0.0,0.2028301886792451,0.2564016172506738,0.1908625390702933,0.020169490224112,-0.1111111111111111,0.0,-0.0472363759293782,0.4724591109237113,8.159297450177997,0,탕후루
5.0,4.0,0.6666666666666667,7.827272727272727,8.782251146576526,0.5457557767841513,8.0,0.0,0.0807174887892376,-0.0455451374733886,0.0821114369501465,0.0104619824433342,-0.04,0.0,-0.027919257254324,0.4724591109237113,8.159297450177997,0,탕후루
5.0,4.5,0.6666666666666667,21.79230769230769,8.390887661000898,0.6366195639773502,8.333333333333334,0.6666666666666666,2.1294117647058823,1.9265815760266367,1.7879284894210268,-0.0452676397806653,0.0,0.0,0.1300984126789426,0.4724591109237113,8.159297450177997,0,탕후루
5.0,5.0,0.6666666666666667,22.77326007326008,7.7466629806953184,0.6676217301184296,9.333333333333334,0.6666666666666666,2.6431535269709547,2.5624360381817173,1.8547676445112349,-0.1201477400815059,0.1199999999999998,0.0,0.2307586390074254,0.4724591109237113,8.159297450177997,0,탕후루
5.0,5.0,0.0,22.88095238095238,7.782364271861649,0.6298605047997182,10.666666666666666,0.6666666666666666,0.1340852130325815,-1.9953265516733008,1.5299763061532197,-0.1150254529153966,0.3333333333333332,0.0,0.1669234638646091,0.4724591109237113,8.159297450177997,0,탕후루
5.0,5.0,0.0,9.544200244200244,8.48966062497174,0.539412641551855,11.333333333333334,0.0,-0.5432801822323463,-3.186433709203301,0.2193519475749441,-0.0333161186945606,0.4166666666666667,0.0,-0.0116226625573678,0.4724591109237113,8.159297450177997,1,탕후루
5.0,5.0,0.0,8.196581196581198,8.897448861736226,0.4985300843508113,11.666666666666666,0.0,-0.6099447513812155,-0.7440299644137971,-0.6238773189002627,0.0603703947902578,0.3999999999999999,-1.0,-0.2169105183695734,0.4724591109237113,8.159297450177997,1,탕후루
5.0,5.0,0.0,8.333333333333334,8.932669342383722,0.5205416020671835,12.333333333333334,0.0,-0.0648379052369076,0.4784422769954386,-0.6340737642952502,0.1530990007754218,0.3214285714285714,-1.0,-0.2203045847910846,0.4724591109237113,8.159297450177997,1,탕후루
4.714285714285714,4.928571428571429,-0.0571428571428571,8.783333333333333,8.957072793491003,0.4949270494614803,11.666666666666666,0.0,0.0396600566572236,0.6496048080384391,-0.6161290322580645,0.1509449417417654,0.09375,-1.0,-0.2142275223005826,0.4724591109237113,8.159297450177997,1,탕후루
4.0,4.678571428571429,-0.1999999999999999,17.224358974358974,8.56275242746839,0.5884176120550331,11.0,0.3333333333333333,0.8106666666666666,0.8755045719035743,0.8046937966149399,0.0086095081682835,-0.0294117647058823,0.0,0.0908487616496973,0.4724591109237113,8.159297450177997,1,탕후루
4.0,4.428571428571429,-0.1999999999999999,16.40213675213675,8.593354633122539,0.5777186221560432,10.333333333333334,0.3333333333333333,0.7493188010899183,0.7096587444326947,1.001094890510949,-0.0341776877101765,-0.1142857142857142,0.0,0.1588440503211587,0.4724591109237113,8.159297450177997,1,탕후루
4.0,4.178571428571429,-0.1999999999999999,15.960217560217558,8.623668543746,0.5637916925236346,9.666666666666666,0.3333333333333333,-0.0898379970544919,-0.9005046637211586,0.9152261072261068,-0.0345922127858887,-0.2162162162162163,0.0,0.0830867125407377,0.4724591109237113,8.159297450177997,1,탕후루
4.0,4.0,-0.1515151515151515,6.883294483294484,9.047604943009231,0.4488972820627217,9.666666666666666,0.0,-0.5887850467289719,-1.3381038478188902,-0.2163232087330758,0.0101073365825514,-0.1714285714285714,0.0,-0.0930031354092338,0.4724591109237113,8.159297450177997,1,탕후루
3.0,3.75,-0.25,9.7995337995338,9.09681414864131,0.5237265463656703,9.666666666666666,0.0,-0.4077669902912622,-0.3179289932367702,-0.4310653990594445,0.0623703331022051,-0.1212121212121212,-1.0,-0.1099407365857574,0.4724591109237113,8.159297450177997,1,탕후루
3.0,3.5,-0.25,11.254079254079256,9.138881685085906,0.6239330732104321,10.333333333333334,0.0,0.5681818181818181,1.15696686491079,-0.3138650515998681,0.0634824320947569,0.0,-1.0,0.0799947401416918,0.4724591109237113,8.159297450177997,1,탕후루
3.0,3.25,-0.25,10.63869463869464,9.153927910236929,0.6384728118881019,10.0,0.0,0.0655737704918033,0.4733407607830655,-0.3334242093784076,0.0614888389785668,0.0344827586206897,-1.0,0.1324622557494257,0.4724591109237113,8.159297450177997,1,탕후루
3.0,3.0,-0.25,6.683566433566434,9.149967621215348,0.5385593725009783,9.333333333333334,0.0,-0.4371980676328502,-1.0053798858146683,-0.0290163453289384,0.0113137873338742,-0.0344827586206895,0.0,0.1997385460349672,0.4724591109237113,8.159297450177997,1,탕후루
2.142857142857143,2.7857142857142856,-0.2857142857142857,3.7371794871794872,9.15066948097778,0.4343227694291523,9.333333333333334,0.0,-0.6333333333333333,-0.6989071038251367,-0.6186370123691722,0.0059202410268559,-0.0344827586206895,0.0,-0.1707069797338389,0.4724591109237113,8.159297450177997,0,탕후루
2.0,2.5357142857142856,-0.3333333333333333,3.49957264957265,9.169931129839105,0.4188646313903691,10.333333333333334,0.0,-0.3905579399141631,0.046640127718687,-0.6890396299364816,0.0033975103106835,0.0,0.0,-0.3286705748180464,0.4724591109237113,8.159297450177997,0,탕후루
2.0,2.2857142857142856,-0.3333333333333333,4.212535612535613,9.198497423056356,0.4415919041176419,9.666666666666666,0.0,0.06993006993007,0.7032634032634033,-0.604036420294089,0.0048688948893276,-0.0333333333333334,0.0,-0.3083622420635902,0.4724591109237113,8.159297450177997,0,탕후루
2.0,2.0357142857142856,-0.3333333333333333,4.192592592592592,9.214103006602183,0.4347004996198544,9.0,0.0,-0.0281690140845071,0.362388925829656,-0.3727012914038811,0.0070093565400308,-0.0357142857142858,0.0,-0.1928457254375147,0.4724591109237113,8.159297450177997,0,탕후루
2.0,2.0,-0.0666666666666666,3.888888888888889,9.22784542723346,0.4055570068501102,7.666666666666667,0.3333333333333333,-0.3137254901960784,-0.3836555601261484,0.040594625500286,0.0084339125586507,-0.1785714285714286,0.0,-0.0662313021646323,0.4724591109237113,8.159297450177997,0,탕후루
2.0,2.0,0.0,3.342592592592593,9.232709890801912,0.367257343550447,7.333333333333333,0.3333333333333333,-0.3695652173913043,-0.3413962033067972,-0.0448569218870843,0.006846154030375,-0.2903225806451613,0.0,-0.1232075567436147,0.4724591109237113,8.159297450177997,0,탕후루
2.0,2.0,0.0,3.278619528619529,9.24594664155354,0.3611546499477533,7.666666666666667,0.3333333333333333,-0.1238095238095238,0.1899159663865546,-0.2216992732683251,0.005158366232538,-0.2068965517241379,0.0,-0.1821529186107083,0.4724591109237113,8.159297450177997,0,탕후루
2.0,2.0,0.0,3.496212121212121,9.261108679739776,0.3712121212121211,7.333333333333333,0.0,0.0804597701149425,0.4500249875062468,-0.1660978156119498,0.005101492039313,-0.1851851851851852,0.0,-0.1460508521689159,0.4724591109237113,8.159297450177997,0,탕후루
2.0,2.0,0.0,3.512878787878788,9.275075714021026,0.3967171717171716,8.0,0.0,0.0978260869565217,0.2216356107660455,-0.0966883116883117,0.0051182355794754,0.0434782608695651,-1.0,-0.0217967757519368,0.4724591109237113,8.159297450177997,0,탕후루
2.0,2.0,0.0,3.35462962962963,9.264950239846806,0.3809181559181558,7.666666666666667,0.0,-0.0425531914893616,-0.1230129616043042,0.0036011080332409,0.00349197033441,0.0454545454545456,-1.0,0.0371968392398733,0.4724591109237113,8.159297450177997,0,탕후루
2.0,2.0,0.0,3.35462962962963,9.283958154893032,0.3862945000041773,7.333333333333333,0.0,-0.1089108910891089,-0.2067369780456306,0.0231835686777919,0.0041111543050291,-0.0434782608695653,-1.0,0.0696096535377874,0.4724591109237113,8.159297450177997,0,탕후루
2.0,2.0,0.0,3.5509259259259256,9.304487084811186,0.3818211955308729,7.0,0.0,0.0222222222222223,0.064775413711584,0.0156494522691705,0.0046839321912188,-0.0454545454545454,0.0,0.0285795471443925,0.4724591109237113,8.159297450177997,0,탕후루
2.0,2.0,0.0,4.302248677248677,9.350694803851129,0.4695297832394606,6.666666666666667,0.0,0.1333333333333333,0.2422442244224422,0.224707408662552,0.0081529350445936,-0.1666666666666666,0.0,0.1835378368098437,0.4724591109237113,8.159297450177997,1,탕후루
2.0,2.0,0.0,4.084656084656085,9.366975154340537,0.5077358146323664,7.333333333333333,0.0,0.0869565217391303,0.064734299516908,0.2176176018295808,0.0110119225524751,-0.0434782608695653,0.0,0.3329262644583908,0.4724591109237113,8.159297450177997,1,탕후루
2.0,2.0,0.0,3.9095719095719104,9.382427528715109,0.5222282291247808,8.333333333333334,0.0,0.0,-0.1333333333333333,0.1654257969466361,0.0106064000051722,0.1363636363636364,0.0,0.3518914432360116,0.4724591109237113,8.159297450177997,1,탕후루
2.0,2.0,0.0,3.6536195286195294,9.395353526933077,0.5017255836221354,8.333333333333334,0.0,0.0099999999999997,-0.0769565217391305,0.0289202323100632,0.0097658733139864,0.1904761904761904,0.0,0.314032823464792,0.4724591109237113,8.159297450177997,1,탕후루
1.5714285714285716,1.892857142857143,-0.2142857142857142,4.246212121212122,9.410022252964824,0.5018506911364053,7.666666666666667,0.0,0.049019607843137,0.049019607843137,-0.0130249458458526,0.0063447102443403,0.1499999999999999,0.0,0.0688367576470883,0.4724591109237113,8.159297450177997,1,탕후루
1.0,1.6428571428571428,-0.5,4.569444444444444,9.42487341832138,0.5274613834137644,7.0,0.0,0.0792079207920792,0.0692079207920794,0.1186852331606216,0.0061811057493854,-0.0454545454545454,0.0,0.0388500637790945,0.4724591109237113,8.159297450177997,0,탕후루
1.0,1.3928571428571428,-0.5,10.069444444444445,9.026798593236366,0.5841337529603853,6.666666666666667,0.3333333333333333,1.2523364485981308,1.2033168407549937,1.5755874753937005,-0.037903723145245,-0.2,0.0,0.1185411289224136,0.4724591109237113,8.159297450177997,0,탕후루
1.0,1.1428571428571428,-0.5,9.86111111111111,8.914172078376383,0.5713786509195691,7.0,0.3333333333333333,1.2110091743119265,1.1318012535198472,1.69899781131206,-0.0512148315842846,-0.16,0.0,0.1388270193331251,0.4724591109237113,8.159297450177997,0,탕후루
1.0,1.0,-0.3636363636363637,9.342592592592592,8.932354821126356,0.512651205525457,7.0,0.3333333333333333,-0.0580912863070538,-1.3104277349051845,1.200218059272475,-0.0507615624062917,-0.0869565217391304,0.0,0.0215213699608436,0.4724591109237113,8.159297450177997,0,탕후루
2.0,1.25,1.0,3.467592592592593,9.393459777842176,0.4211803011803011,7.333333333333333,0.0,-0.6431535269709543,-1.8541627012828807,-0.2411347517730494,-0.0033330570167807,0.0476190476190476,0.0,-0.2014954754518808,0.4724591109237113,8.159297450177997,0,탕후루
2.0,1.5,1.0,2.8842592592592595,9.500580904886167,0.3664183964183963,7.333333333333333,0.0,-0.6828193832599119,-0.624728096952858,-0.7135632183908045,0.052486195050901,0.0999999999999998,-1.0,-0.3727149055136931,0.4724591109237113,8.159297450177997,0,탕후루
2.0,1.75,1.0,2.897727272727273,9.538513894324364,0.4012788286981834,7.333333333333333,0.0,-0.0930232558139535,0.5501302711570007,-0.706145966709347,0.0700392375712022,0.0476190476190476,-1.0,-0.2977006962854305,0.4724591109237113,8.159297450177997,0,탕후루
3.0,2.25,2.0,4.369949494949495,9.153849808603868,0.4494486540419218,7.0,0.3333333333333333,0.3611111111111109,1.0439304943710228,-0.5322551581223534,0.0247969311467164,0.0,0.0,-0.1232856780640041,0.4724591109237113,8.159297450177997,0,탕후루
3.0,2.5,0.5,4.2727272727272725,8.78661806220291,0.5030200826133505,8.333333333333334,0.3333333333333333,0.3461538461538462,0.4391771019677998,0.232188372375288,-0.0646025777499699,0.1363636363636364,0.0,0.1943105629672243,0.4724591109237113,8.159297450177997,0,탕후루
3.8571428571428568,2.9642857142857144,0.9285714285714284,3.972222222222222,8.830110676270385,0.4554865424430641,9.333333333333334,0.3333333333333333,-0.0102040816326529,-0.3713151927437639,0.3772070626003208,-0.0705714982408033,0.2727272727272729,0.0,0.2430777136062922,0.4724591109237113,8.159297450177997,0,탕후루
4.0,3.4642857142857144,1.0,2.4166666666666665,9.30455781270268,0.3329882677708763,9.333333333333334,0.0,-0.3142857142857143,-0.6604395604395605,-0.1660130718954249,-0.0245275190887852,0.2727272727272729,0.0,-0.1701823172402422,0.4724591109237113,8.159297450177997,0,탕후루
4.0,3.7142857142857135,0.3333333333333332,2.772222222222222,9.469418387938278,0.3507753826168147,8.666666666666666,0.3333333333333333,-0.1958762886597939,-0.1856722070271409,-0.3656168737359144,0.0344738646506743,0.2380952380952379,0.0,-0.2195429233967701,0.4724591109237113,8.159297450177997,0,탕후루
4.0,3.9642857142857135,0.3333333333333332,4.503703703703703,8.972056050974176,0.4478466386554621,8.0,0.3333333333333333,0.6527777777777777,0.967063492063492,0.0540583136327816,0.0211045919440788,-0.04,0.0,-0.1096843761609769,0.4724591109237113,8.159297450177997,1,탕후루
4.0,4.0,0.0370370370370372,4.503703703703703,9.1258654623005,0.512440994916485,9.333333333333334,0.3333333333333333,0.7179487179487178,0.9138250066085116,0.1337995337995337,0.0334938934372488,0.0,0.0,0.1250409115666466,0.4724591109237113,8.159297450177997,1,탕후루
4.0,4.0,0.0,4.759259259259259,9.311192335201882,0.4665586419753085,8.0,0.0,0.0504201680672269,-0.6023576097105507,0.9693486590038314,0.0007130400641011,-0.1428571428571429,0.0,0.4011263672999425,0.4724591109237113,8.159297450177997,1,탕후루
3.8571428571428568,3.964285714285714,-0.0357142857142858,3.788888888888889,9.715591931135087,0.3944356261022927,8.0,0.0,-0.2313432835820894,-0.9492920015308072,0.366733466933868,0.0259966909383129,-0.0769230769230768,-1.0,0.1244678094562075,0.4724591109237113,8.159297450177997,1,탕후루
3.0,3.7142857142857135,-0.25,4.026984126984126,9.725544731183437,0.3908913308913308,6.666666666666667,0.0,-0.256,-0.3064201680672269,-0.1058505639097745,0.0839817178948014,-0.1666666666666666,-1.0,-0.1271759188259715,0.4724591109237113,8.159297450177997,0,탕후루
3.0,3.4642857142857144,-0.25,3.601058201058201,9.733061573089955,0.3724867724867724,7.666666666666667,0.3333333333333333,-0.0873786407766991,0.1439646428053903,-0.2004229323308269,0.0665357289451418,-0.1785714285714286,0.0,-0.2731128536125834,0.4724591109237113,8.159297450177997,0,탕후루
3.0,3.2142857142857144,-0.25,4.5949975949975945,9.741343179789531,0.4499120195322726,7.333333333333333,0.3333333333333333,0.4086021505376342,0.6646021505376343,-0.0345141240082873,0.0461971817466837,-0.0833333333333333,0.0,-0.0356795929715453,0.4724591109237113,8.159297450177997,0,탕후루
3.0,3.0,-0.2222222222222221,4.551346801346801,9.751644043632734,0.4991425048092695,8.333333333333334,0.3333333333333333,0.574468085106383,0.6618467258830821,0.2012352261619121,0.0037107479146085,0.0416666666666667,0.0,0.2654599934130244,0.4724591109237113,8.159297450177997,0,탕후루
3.8571428571428568,3.2142857142857144,0.2857142857142856,5.421717171717172,9.762233794716703,0.5617558174225822,8.666666666666666,0.0,0.4351145038167938,0.0265123532791595,0.3463467947110048,0.0037724430401959,0.2999999999999998,0.0,0.4371150573783184,0.4724591109237113,8.159297450177997,0,탕후루
4.0,3.4642857142857144,0.3333333333333332,4.179292929292929,9.774397623264369,0.5248713161809858,8.666666666666666,0.0,-0.0067567567567567,-0.5812248418631398,0.160573558090455,0.0042469730478946,0.1304347826086955,-1.0,0.4091005505427036,0.4724591109237113,8.159297450177997,1,탕후루
4.0,3.7142857142857135,0.3333333333333332,4.384848484848484,9.78473385844323,0.4907812460444039,8.666666666666666,0.0,-0.2234042553191489,-0.6585187591359428,-0.0457343242960327,0.0044542808781975,0.1818181818181818,-1.0,0.0908382633445064,0.4724591109237113,8.159297450177997,1,탕후루
4.0,3.9642857142857135,0.3333333333333332,4.084848484848485,9.796160732540391,0.4981666947342004,8.333333333333334,0.0,-0.1428571428571429,-0.1361003861003861,-0.1024967634547807,0.0045650444897775,0.0,-1.0,-0.0019549729098745,0.4724591109237113,8.159297450177997,1,탕후루
3.2857142857142856,3.821428571428571,-0.1481481481481481,4.766666666666666,9.803432815423406,0.4543070456113934,7.666666666666667,0.0,-0.095890410958904,0.1275138443602449,-0.12081974848626,0.0042202452402848,-0.1153846153846153,0.0,-0.1912730914014908,0.4724591109237113,8.159297450177997,1,탕후루
3.0,3.571428571428571,-0.25,4.699999999999999,9.466753287029237,0.5047071505569529,7.666666666666667,0.0,0.0634920634920634,0.2063492063492064,0.1245921450151057,-0.0314745059585973,-0.1153846153846153,0.0,-0.0384173510771159,0.4724591109237113,8.159297450177997,1,탕후루
3.0,3.321428571428571,-0.25,4.685185185185184,9.340366194973548,0.4745944291398836,7.666666666666667,0.0,-0.0227272727272727,0.0731631382316313,0.0684942025646933,-0.04541438427436,-0.1153846153846153,0.0,-0.0329817348054407,0.4724591109237113,8.159297450177997,1,탕후루
3.0,3.071428571428571,-0.25,5.306397306397305,9.357855421928653,0.5387545488555588,8.0,0.6666666666666666,0.2388059701492537,0.1753139066571902,0.2990438509726341,-0.0447425601292759,-0.04,0.0,0.0814744432945568,0.4724591109237113,8.159297450177997,1,탕후루
2.7142857142857144,2.928571428571429,-0.1739130434782607,19.63973063973064,9.285121462442342,0.6352974445354879,8.333333333333334,1.0,4.682170542635659,4.704897815362932,3.120223211132303,-0.0528703937426512,0.0869565217391303,0.0,0.3983878319133764,0.4724591109237113,8.159297450177997,1,탕후루
2.0,2.678571428571429,-0.3333333333333333,23.269360269360263,8.755135637643775,0.7216283797872863,8.333333333333334,1.0,4.006024096385542,3.7672181262362887,3.950927716885164,-0.0751701906460871,0.0869565217391303,0.0,0.4297962273586913,0.4724591109237113,8.159297450177997,0,탕후루
2.0,2.428571428571429,-0.3333333333333333,25.58148148148148,5.605465851012914,0.7409181435214945,9.0,0.3333333333333333,0.218281036834925,-4.463889505800735,4.4600790513834,-0.399866586169881,0.1739130434782607,0.0,0.5611606416541264,0.4724591109237113,8.159297450177997,0,탕후루
2.0,2.178571428571429,-0.3333333333333333,14.174074074074076,6.2028000458498544,0.6893972731007452,8.333333333333334,0.0,-0.5222623345367028,-4.528286430922245,1.6711294416243665,-0.3371558154965105,0.0416666666666667,-1.0,0.2796129045502944,0.4724591109237113,8.159297450177997,0,탕후루
2.0,2.0,-0.2631578947368421,10.998148148148148,6.537883653852245,0.6900512100450863,9.0,0.3333333333333333,-0.631578947368421,-0.8498599842033461,-0.4400051431510372,-0.2958752688053118,0.0799999999999998,-0.6666666666666667,0.0861860314102678,0.4724591109237113,8.159297450177997,0,탕후루
3.0,2.25,0.5,7.620370370370371,6.755008759465145,0.6335710235648998,9.0,0.3333333333333333,-0.4055415617128464,0.1167207728238564,-0.6725148314281579,-0.2284518436903296,0.0799999999999998,-0.6666666666666667,-0.1220259051457248,0.4724591109237113,8.159297450177997,0,탕후루
3.0,2.5,0.5,5.155982905982906,6.939595816250689,0.6145835697948373,10.0,0.6666666666666666,-0.4194528875379939,0.2121260598304271,-0.7984486195721174,0.238005190058681,0.1111111111111111,1.0,-0.170510838250234,0.4724591109237113,8.159297450177997,0,탕후루
3.0,2.75,0.5,4.456487956487956,7.112077330426098,0.5540537240537241,9.333333333333334,0.3333333333333333,-0.3135593220338983,0.091982239678948,-0.6855887775668283,0.1465914228824156,0.1199999999999998,0.0,-0.1963215613521038,0.4724591109237113,8.159297450177997,0,탕후루
3.0,3.0,0.5,4.650932400932401,8.794322690522685,0.5310712679133731,8.666666666666666,0.3333333333333333,-0.2146596858638743,0.2047932016741196,-0.5771167710888203,0.3451329445639344,-0.037037037037037,0.0,-0.2303886143773674,0.4724591109237113,8.159297450177997,0,탕후루
3.0,3.0,0.0,3.977272727272727,8.81907005334676,0.5000482368903421,8.0,0.0,-0.2777777777777778,0.0357815442561205,-0.4780735667734453,0.3055601209975402,-0.1111111111111111,-1.0,-0.2107463594582783,0.4724591109237113,8.159297450177997,0,탕후루
3.0,3.0,0.0,4.162878787878788,8.84189278387741,0.5266355384776437,7.666666666666667,0.0,-0.2666666666666667,-0.0520069808027924,-0.1926119880947896,0.2741221561019515,-0.2333333333333332,-1.0,-0.1431018264067046,0.4724591109237113,8.159297450177997,0,탕후루
3.0,3.0,0.0,4.371212121212121,8.031026515115087,0.5655482271761341,7.333333333333333,0.0,-0.017094017094017,0.2606837606837607,-0.0191352105309038,0.1292096727854241,-0.2142857142857144,-1.0,0.0207461887239213,0.4724591109237113,8.159297450177997,0,탕후루
3.0,3.0,0.0,4.683333333333334,8.397217921235395,0.5145625692137319,7.0,0.0,0.1,0.3666666666666668,0.0069665455456708,-0.0451546734480456,-0.1923076923076923,-1.0,-0.0310856559130102,0.4724591109237113,8.159297450177997,0,탕후루
3.0,3.0,0.0,4.740151515151516,8.351495882885622,0.5060993657505284,7.666666666666667,0.0,0.1826086956521739,0.199702712746191,0.1918095238095241,-0.0530185345657502,-0.0416666666666666,0.0,0.0121010902824427,0.4724591109237113,8.159297450177997,0,탕후루
3.0,3.0,0.0,5.226262626262627,8.063641877551765,0.4711447429484864,9.333333333333334,0.0,0.4462809917355372,0.3462809917355371,0.2554443433424325,-0.0880185866701226,0.2173913043478261,0.0,-0.1053684977082359,0.4724591109237113,8.159297450177997,0,탕후루
3.0,3.0,0.0,6.092929292929294,7.638272213040783,0.5413840419036601,9.333333333333334,0.0,0.4779411764705881,0.2953324808184141,0.3938763720392839,-0.0489046202667998,0.2727272727272729,0.0,-0.0427270109096253,0.4724591109237113,8.159297450177997,0,탕후루
3.0,3.0,0.0,8.344444444444443,7.7143044928535,0.5690107514772723,9.0,0.0,0.5085714285714285,0.0622904368358911,0.7817319098457884,-0.0813261528743826,0.2857142857142858,0.0,0.1058145024943011,0.4724591109237113,8.159297450177997,0,탕후루
3.0,3.0,0.0,10.672727272727272,7.8035625763078835,0.6599490173192608,8.666666666666666,0.0,0.6616915422885572,0.1837503658179691,1.251558254754674,-0.0656090015802552,0.1304347826086955,0.0,0.3039909985672053,0.4724591109237113,8.159297450177997,0,탕후루
3.0,3.0,0.0,18.039393939393943,8.270726434642322,0.7050264785886262,9.0,0.0,1.102272727272727,0.5937012987012986,2.4516814843448014,0.0256812691132843,-0.0357142857142858,0.0,0.4964116423680687,0.4724591109237113,8.159297450177997,0,탕후루
3.0,3.0,0.0,20.814393939393938,8.637730200950294,0.7094601820626881,8.666666666666666,0.0,0.7934131736526946,0.1317216313641374,2.416155503978779,0.1308486998150106,-0.0714285714285715,0.0,0.3104563990619757,0.4724591109237113,8.159297450177997,0,탕후루
3.0,3.0,0.0,24.268939393939394,8.597816969551868,0.7107133148947683,8.333333333333334,0.3333333333333333,0.2846846846846846,-0.8175880425880424,1.908394867449462,0.1145291163340584,-0.0740740740740739,0.0,0.2490331914636168,0.4724591109237113,8.159297450177997,0,탕후루
3.0,3.0,0.0,19.63257575757576,8.062619826885998,0.6967754317005493,8.333333333333334,0.3333333333333333,-0.0166944908180299,-0.8101076644707246,0.8395088018171499,0.0331973054672014,-0.0384615384615383,0.0,0.0558019080487139,0.4724591109237113,8.159297450177997,0,탕후루
3.0,3.0,0.0,32.89646464646464,6.752378376972649,0.7386622043952924,9.0,1.0,0.6058906030855542,0.3212059184008695,0.8235903466039527,-0.1835809792124185,0.0,0.0,0.0477084575234687,0.4724591109237113,8.159297450177997,0,탕후루
3.0,3.0,0.0,30.724747474747478,4.635228683569691,0.743839011478753,9.666666666666666,0.6666666666666666,0.9422750424448216,0.9589695332628516,0.4761298149833182,-0.463374222656348,0.1153846153846154,0.0,0.0484577292500216,0.4724591109237113,8.159297450177997,0,탕후루
3.0,3.0,0.0,28.848290598290596,5.284397554291683,0.7147305941834418,10.0,0.6666666666666666,-0.0384279475982533,-0.6443185506838075,0.1886918554625747,-0.3853791522888031,0.1999999999999999,1.0,0.0056524609916281,0.4724591109237113,8.159297450177997,0,탕후루
3.0,3.0,0.0,12.114163614163616,5.850615306662533,0.6641875495195843,10.666666666666666,0.3333333333333333,-0.548076923076923,-1.4903519655217448,-0.3829559725758839,-0.2743530722913672,0.2799999999999998,0.0,-0.0467695626142143,0.4724591109237113,8.159297450177997,0,탕후루
3.428571428571428,3.1071428571428568,0.1428571428571425,9.691941391941391,6.197282672549652,0.6378950160572394,9.666666666666666,0.3333333333333333,-0.6766575840145322,-0.638229636416279,-0.705380456650895,-0.0822074346893854,0.0740740740740739,-0.6666666666666667,-0.1364184978444189,0.4724591109237113,8.159297450177997,0,탕후루
6.0,3.8571428571428568,1.0,8.948351648351649,6.462605839155102,0.6257331595777909,10.0,0.3333333333333333,-0.3675048355899419,0.180572087486981,-0.708757520116113,0.3942366774832149,0.0344827586206897,-0.5,-0.1587787815352243,0.4724591109237113,8.159297450177997,0,탕후루
6.0,4.607142857142857,1.0,7.594871794871795,6.779559520690149,0.5825829933800718,9.666666666666666,0.0,-0.25561797752809,0.4210396064864422,-0.7367306125472186,0.2829389634366517,-0.0333333333333334,-1.0,-0.1848914848179188,0.4724591109237113,8.159297450177997,0,탕후루
6.0,5.357142857142857,1.0,5.723443223443224,6.992902798153866,0.530311384392045,11.0,0.0,-0.3027522935779816,0.0647525420119603,-0.5275411984074989,0.1952422833527483,0.03125,-1.0,-0.2015637980934357,0.4724591109237113,8.159297450177997,0,탕후루
6.0,6.0,0.7500000000000002,4.854853479853481,7.680429350444335,0.5140221819326296,11.333333333333334,0.0,-0.2150943396226415,0.0405236379054484,-0.4990834876601533,0.2393220958702042,0.1724137931034484,-1.0,-0.1941900014993917,0.4724591109237113,8.159297450177997,0,탕후루
6.0,6.0,0.0,4.831349206349207,8.065197784551527,0.5227349233955546,11.333333333333334,0.0,-0.1140350877192982,0.1887172058586833,-0.4600850082552158,0.2479792184890457,0.1333333333333333,-1.0,-0.1646040881894985,0.4724591109237113,8.159297450177997,0,탕후루
6.0,6.0,0.0,4.979700854700854,8.348544193298622,0.5036641492764925,10.666666666666666,0.3333333333333333,-0.0240384615384614,0.1910558780841801,-0.3443337834796309,0.2314287038590308,0.1034482758620689,0.0,-0.1354636935858739,0.4724591109237113,8.159297450177997,0,탕후루
6.0,6.0,0.0,5.104700854700854,8.162285243620964,0.501143628755972,10.666666666666666,0.6666666666666666,0.0099009900990099,0.1239360778183081,-0.1081066666666668,0.1672241813193538,-0.0303030303030303,0.0,-0.0550011870280915,0.4724591109237113,8.159297450177997,0,탕후루
6.0,6.0,0.0,5.762108262108263,7.920519806326535,0.5266529059433182,12.0,0.6666666666666666,0.3300492610837438,0.3540877226222052,0.1868758317876491,0.0312600305174748,0.0588235294117647,0.0,0.0245723325853357,0.4724591109237113,8.159297450177997,0,탕후루
6.857142857142856,6.214285714285714,0.1428571428571425,5.518518518518519,7.978110020261112,0.5197634514435695,12.333333333333334,0.3333333333333333,0.3431372549019607,0.3332362648029507,0.1422313483915127,-0.0107979700705204,0.0882352941176469,0.0,-0.0056844718403032,0.4724591109237113,8.159297450177997,0,탕후루
8.0,6.714285714285714,0.3333333333333332,5.661375661375661,8.031952464963007,0.4753084249885429,11.666666666666666,0.0,0.0185185185185186,-0.3115307425652251,0.1368907142346318,-0.0379217886382805,0.09375,-1.0,-0.0562988736218018,0.4724591109237113,8.159297450177997,0,탕후루
8.0,7.214285714285714,0.3333333333333332,5.015406162464985,8.113824911204915,0.4204603536817024,11.666666666666666,0.0,-0.1423357664233576,-0.4854730213253183,-0.0174926395840882,-0.0059371035157,0.09375,-1.0,-0.1609983055647259,0.4724591109237113,8.159297450177997,0,탕후루
8.0,7.714285714285714,0.3333333333333332,4.848739495798319,7.899878946785146,0.4292335018298506,11.666666666666666,0.0,-0.1890909090909092,-0.2076094276094278,-0.1585129478243709,-0.0026059980968549,-0.0277777777777777,-1.0,-0.1849783852212381,0.4724591109237113,8.159297450177997,0,탕후루
8.0,8.0,0.1666666666666669,8.35500515995872,7.552696766896999,0.5683291783147923,13.666666666666666,0.3333333333333333,0.9148936170212768,1.0572293834446342,0.5139942236166808,-0.053322560391338,0.1081081081081081,0.0,0.0934381337055123,0.4724591109237113,8.159297450177997,0,탕후루
9.0,8.25,0.125,10.54306220095694,6.944108860554136,0.65232582866451,14.333333333333334,0.6666666666666666,1.7802690582959642,1.9693599673868731,0.8622792111970667,-0.1354394973269904,0.2285714285714286,0.0,0.3724263959348797,0.4724591109237113,8.159297450177997,0,탕후루
9.0,8.5,0.125,13.013650436251057,4.726957129453317,0.7287568867693098,14.333333333333334,1.0,0.6755555555555557,-0.239338061465721,1.5947351051335534,-0.4174193822046184,0.2285714285714286,0.0,0.7332356793882036,0.4724591109237113,8.159297450177997,0,탕후루
9.0,8.75,0.125,10.977860962566844,5.349678517429585,0.6767034092777866,14.666666666666666,1.0,0.1241935483870968,-1.656075509908867,1.2640649125571135,-0.3228151274891832,0.2571428571428571,0.0,0.5765391247257159,0.4724591109237113,8.159297450177997,0,탕후루
9.0,9.0,0.125,11.09781045751634,5.77612653533043,0.6387848588631071,14.333333333333334,1.3333333333333333,-0.03315649867374,-0.7087120542292957,0.3282828969038209,-0.2352232965784044,0.048780487804878,3.0,0.1239698457102442,0.4724591109237113,8.159297450177997,0,탕후루
10.428571428571429,9.357142857142858,0.1587301587301588,11.000555555555556,7.189798042881379,0.6152767956956908,16.333333333333332,1.6666666666666667,0.1664275466284073,0.0422339982413104,0.0433928346317726,0.0353809520070855,0.13953488372093,1.5000000000000004,-0.0567952874787569,0.4724591109237113,8.159297450177997,0,탕후루
11.0,9.857142857142858,0.2222222222222223,13.359444444444444,7.1384226405035065,0.646461197687494,16.0,2.0,0.334705075445816,0.3678615741195561,0.0265716379802349,0.510151762541811,0.1162790697674418,1.0,-0.1129261219700373,0.4724591109237113,8.159297450177997,0,탕후루
11.0,10.357142857142858,0.2222222222222223,12.99888888888889,7.062800201712145,0.6920181704408145,17.0,1.3333333333333333,0.1783517835178352,0.0119242368894278,0.1841003391474445,0.3202289032324283,0.1590909090909091,0.3333333333333332,0.0226314230917981,0.4724591109237113,8.159297450177997,0,탕후루
11.0,10.857142857142858,0.2222222222222223,15.350193236714976,4.960340526356139,0.7620132964535887,16.666666666666668,1.0,0.1284686536485098,-0.2062364217973062,0.3831731309051667,-0.1412340958918455,0.1627906976744186,-0.25,0.1929107051939216,0.4724591109237113,8.159297450177997,0,탕후루
11.571428571428571,11.142857142857142,0.1095890410958904,12.481419290354822,5.600740941603931,0.7637047299306854,18.0,0.6666666666666666,-0.0260960334029226,-0.2044478169207578,0.1346171770435169,-0.2210155406035047,0.1020408163265307,-0.6000000000000001,0.2412376596571754,0.4724591109237113,8.159297450177997,0,탕후루
12.0,11.392857142857142,0.0909090909090908,10.66141929035482,6.056512703984199,0.7162632838396042,18.0,0.6666666666666666,-0.27959927140255,-0.4080679250510598,-0.2019563886289899,-0.1515614850794259,0.125,-0.6666666666666667,0.1079756780481251,0.4724591109237113,8.159297450177997,0,탕후루
12.0,11.642857142857142,0.0909090909090908,6.5767816091954,6.59387181742002,0.6438156333599171,18.666666666666668,0.3333333333333333,-0.4415862808145766,-0.4154902474116539,-0.4940504788207659,-0.066394117191429,0.0980392156862746,-0.75,-0.0696550165007841,0.4724591109237113,8.159297450177997,0,탕후루
12.0,11.892857142857142,0.0909090909090908,5.153333333333332,7.034739842208026,0.5582257459980231,18.33333333333333,0.0,-0.5183312262958282,-0.2387319548932781,-0.6642821849950749,0.418196957412466,0.0999999999999998,-1.0,-0.2674330637063595,0.4724591109237113,8.159297450177997,0,탕후루
12.571428571428571,12.142857142857142,0.0864197530864196,4.639999999999999,7.089730247943691,0.5523839951562722,18.33333333333333,0.3333333333333333,-0.3320537428023032,0.1095325380122733,-0.6282474058390444,0.2658557719174466,0.0185185185185183,-0.5,-0.2767047610057264,0.4724591109237113,8.159297450177997,0,탕후루
16.0,13.142857142857142,0.3333333333333332,5.733333333333332,6.780183868107065,0.5772049900642237,19.33333333333333,1.0,0.1286089238845145,0.6469401501803427,-0.4622354512855369,0.1194864436834763,0.0740740740740739,0.5,-0.1941441044275563,0.4724591109237113,8.159297450177997,0,탕후루
16.0,14.142857142857142,0.3333333333333332,10.426666666666666,5.840464666043832,0.662461621687651,19.666666666666668,1.3333333333333333,1.2471264367816093,1.5791801795839129,0.5853752315704852,-0.1142586893160099,0.0535714285714286,3.0,0.0289616892811765,0.4724591109237113,8.159297450177997,0,탕후루
16.0,15.142857142857142,0.3333333333333332,11.429583333333332,4.379781059701061,0.7039574657787866,21.666666666666668,1.6666666666666667,1.1069767441860463,0.978367820301532,1.2179010349288486,-0.3774068184550859,0.1818181818181818,0.0,0.2610623405056627,0.4724591109237113,8.159297450177997,0,탕후루
16.0,16.0,0.2727272727272727,10.659212962962965,5.322232576768478,0.6809346848554291,21.33333333333333,1.6666666666666667,0.1023017902813296,-1.1448246465002796,1.2972441730523632,-0.2493039381417733,0.1636363636363635,4.000000000000001,0.2327197942489067,0.4724591109237113,8.159297450177997,0,탕후루
27.142857142857142,18.785714285714285,0.6964285714285714,10.550247445721585,5.200422228245055,0.6734697874976497,21.33333333333333,2.0,0.020971302428256,-1.0860054417577905,0.8401594382072535,-0.2329968730336302,0.1034482758620689,1.0,0.1667774864917834,0.4724591109237113,8.159297450177997,0,탕후루
29.0,22.035714285714285,0.8125,11.53209268381682,5.399762309680718,0.6624278442926917,21.33333333333333,1.6666666666666667,0.2169373549883992,0.1146355647070695,0.1060191192918946,-0.0754567284560996,0.0847457627118641,0.2500000000000002,-5.098770080169679e-05,0.4724591109237113,8.159297450177997,0,탕후루
29.0,25.285714285714285,0.8125,15.397701149425288,4.662629454772425,0.7043156656479198,22.0,2.6666666666666665,0.6324324324324324,0.6114611300041763,0.3471795690503698,0.0645804872928212,0.0153846153846153,0.5999999999999999,0.0005088373751913,0.4724591109237113,8.159297450177997,0,탕후루
29.0,28.535714285714285,0.8125,17.425,4.79352213447618,0.7064877314271979,24.0,3.333333333333333,0.8579599618684459,0.6410226068800466,0.6347360785965888,-0.0993399733412848,0.125,1.0,0.0375264282171117,0.4724591109237113,8.159297450177997,0,탕후루
34.142857142857146,30.28571428571429,0.2578947368421054,20.6239417989418,4.376339777518106,0.731880374952485,26.33333333333333,4.666666666666667,0.6423841059602649,0.0099516735278324,0.9548301501976032,-0.1584645274091611,0.234375,1.3333333333333337,0.0867308208017261,0.4724591109237113,8.159297450177997,0,탕후루
41.0,33.28571428571429,0.4137931034482758,22.61537037037037,4.245491396394616,0.7351721596240072,30.0,5.333333333333333,0.5679835813237557,-0.2899763805446902,0.9610812183383596,-0.2137632819905276,0.40625,2.2,0.1098147005112508,0.4724591109237113,8.159297450177997,0,탕후루
41.0,36.28571428571429,0.4137931034482758,19.21844054580897,4.587079758707197,0.6921170652944569,32.333333333333336,6.0,0.1616935483870969,-0.4806905575731679,0.2481370017060169,-0.0162032382796147,0.4696969696969697,1.25,-0.0173197913214681,0.4724591109237113,8.159297450177997,0,탕후루
41.0,39.28571428571429,0.4137931034482758,19.497805625174045,4.772523406817264,0.6805963435551489,35.333333333333336,5.666666666666667,0.074934554973822,-0.4930490263499336,0.1189558464949236,-0.0043806468541968,0.4722222222222223,0.7,-0.0366480360808885,0.4724591109237113,8.159297450177997,0,탕후루
45.57142857142857,42.14285714285714,0.3347280334728031,18.23662915458581,5.286180352663736,0.6610667147690857,39.0,5.333333333333333,0.2037486983686218,0.0420551499815249,-0.1157544308274998,0.2078998938381371,0.4810126582278482,0.1428571428571428,-0.0967557849710024,0.4724591109237113,8.159297450177997,0,탕후루
73.0,50.14285714285714,0.7804878048780488,21.181719152307387,5.626069150626244,0.6833515843677415,44.0,5.0,0.3461187214611871,0.2711841664873651,-0.0633927808647029,0.3251867982594549,0.4666666666666665,-0.0625,-0.0704876736392854,0.4724591109237113,8.159297450177997,0,탕후루
73.0,58.14285714285714,0.7804878048780488,24.247135217723454,5.546623338774595,0.6941833025674115,47.333333333333336,5.333333333333333,0.5614186851211074,0.3576699867524855,0.2616598708895299,0.2091839755447879,0.4639175257731958,-0.1111111111111111,0.0029853869765159,0.4724591109237113,8.159297450177997,0,탕후루
73.0,66.14285714285714,0.7804878048780488,26.83168086393893,5.252687585048593,0.7150803088162139,51.66666666666666,7.0,0.5045228403437358,0.1584041188825486,0.3761384937234147,0.1006101253574667,0.462264150943396,0.2352941176470586,0.0506672796402862,0.4724591109237113,8.159297450177997,0,탕후루
73.0,73.0,0.6018808777429467,29.29769594851072,4.165130167365169,0.7433718061371358,56.66666666666666,8.333333333333334,0.4443213296398891,-0.1170973554812182,0.6065302255238039,-0.2120718761957608,0.4529914529914529,0.5625000000000002,0.1245034571084096,0.4724591109237113,8.159297450177997,0,탕후루
92.28571428571428,77.82142857142857,0.2641878669275928,27.455811760091876,3.8266859834992055,0.7482778610725404,61.333333333333336,10.333333333333334,0.1982564256726291,-0.3062664146711067,0.2962031817469843,-0.3198295504289611,0.393939393939394,1.0666666666666669,0.0950115258236661,0.4724591109237113,8.159297450177997,0,탕후루
100.0,84.57142857142857,0.36986301369863,23.716288738310784,4.368756685396055,0.739824048322244,64.33333333333333,8.666666666666666,-0.0898862038102544,-0.5342075334501436,-0.0218931628271139,-0.2123574256691395,0.3591549295774645,0.625,0.0657473978213418,0.4724591109237113,8.159297450177997,1,탕후루
100.0,91.32142857142856,0.36986301369863,21.99305550956433,4.328495213767009,0.7500199394816747,68.0,9.666666666666666,-0.1141495233316608,-0.31240594900429,-0.1803325471449529,-0.1759465714108398,0.3161290322580645,0.3809523809523809,0.0488611282322988,0.4724591109237113,8.159297450177997,1,탕후루
100.0,98.07142857142856,0.36986301369863,20.065045635406182,4.7328220595467485,0.7433981879295496,73.33333333333333,8.666666666666666,-0.033576847429053,0.0563093563812013,-0.3151323001416382,0.13629631472975,0.2941176470588236,0.0399999999999998,3.548936372888001e-05,0.4724591109237113,8.159297450177997,1,탕후루
94.57142857142856,98.64285714285714,0.0247678018575849,24.74256431095636,4.334484822932681,0.7742647015346225,78.0,10.0,0.2824978759558199,0.3966473992874807,-0.0988223357897335,0.1326993752879437,0.2717391304347825,-0.0322580645161291,0.0347288645221095,0.4724591109237113,8.159297450177997,0,탕후루
81.0,93.89285714285714,-0.1899999999999999,26.415824159905124,5.128495967342337,0.7678215008871984,82.33333333333333,9.0,0.5173717110045066,0.5509485584335597,0.1138262167146568,0.1739028599340288,0.2797927461139897,0.0384615384615385,0.0378433934777415,0.4724591109237113,8.159297450177997,1,탕후루
81.0,89.14285714285714,-0.1899999999999999,27.911946017675422,5.482765133576368,0.7810768731592496,85.33333333333333,7.666666666666667,0.2686319973501159,-0.0138658786057039,0.269125429412802,0.2666677130976471,0.2549019607843137,-0.2068965517241379,0.0414081440275277,0.4724591109237113,8.159297450177997,1,탕후루
81.0,84.39285714285714,-0.1899999999999999,23.245339457999204,5.838229593708605,0.7627277535491955,87.0,6.0,-0.0629430925464648,-0.5803148035509714,0.1584992070479605,0.2335620313322572,0.1863636363636365,-0.3076923076923076,0.0260016313376831,0.4724591109237113,8.159297450177997,1,탕후루
81.0,81.0,-0.1435045317220542,18.13734058758373,5.8422879919890285,0.7482826306945513,86.33333333333333,5.666666666666667,-0.3494342906875544,-0.6180662880376703,-0.2669579288694723,0.347862140635246,0.1068376068376066,-0.4333333333333333,-0.0335570907321148,0.4724591109237113,8.159297450177997,1,탕후루
56.00000000000001,74.75,-0.3086419753086419,14.701516832794454,5.865550497293977,0.7175979495270921,84.66666666666667,6.0,-0.4050710561292301,-0.3421279635827653,-0.4434579536947047,0.1437174826001848,0.02834008097166,-0.3333333333333333,-0.0654104519111202,0.4724591109237113,8.159297450177997,0,탕후루
56.00000000000001,68.5,-0.3086419753086419,14.644091896407687,5.710622147955482,0.7291539115565322,84.0,5.333333333333333,-0.2382608695652173,0.111173421122337,-0.4753467964170531,0.0415587771549288,-0.015625,-0.3043478260869565,-0.0664761221167676,0.4724591109237113,8.159297450177997,0,탕후루
56.00000000000001,62.25000000000001,-0.3086419753086419,12.145604938271603,6.390334109753884,0.6894445853762483,84.0,3.0,-0.190410723492009,0.214660332637221,-0.4775036535724993,0.0945671127151694,-0.0344827586206896,-0.5,-0.0960803744611877,0.4724591109237113,8.159297450177997,0,탕후루
56.00000000000001,56.00000000000001,-0.3086419753086419,10.716312008978676,6.687111494165112,0.6865922635215913,84.0,2.6666666666666665,-0.2720407446434844,-0.033779875078267,-0.4091574805451501,0.1446049053614799,-0.0270270270270269,-0.5294117647058825,-0.0824426020896668,0.4724591109237113,8.159297450177997,0,탕후루
53.71428571428572,55.42857142857143,-0.0408163265306121,7.430773547440213,7.056313405148744,0.6399646565283895,84.0,2.6666666666666665,-0.374018255147527,-0.183607531655518,-0.4945573554108037,0.2030095740210771,-0.0078740157480315,-0.5555555555555556,-0.1081849426268066,0.4724591109237113,8.159297450177997,0,탕후루
52.0,54.42857142857143,-0.0714285714285715,7.373983423983424,7.140315612163566,0.6373687266157017,82.0,3.6666666666666665,-0.3235223160434258,-0.0514815713999414,-0.4964533495045656,0.2503568660587958,-0.0238095238095238,-0.3125,-0.1258790270285951,0.4724591109237113,8.159297450177997,0,탕후루
52.0,53.42857142857143,-0.0714285714285715,9.737878278035756,6.841543754215838,0.6865813788031593,82.66666666666667,3.6666666666666665,0.2424550695150897,0.6164733246626168,-0.1982385128178293,0.0706081461019776,-0.0158730158730158,0.2222222222222221,-0.0041529176293791,0.4724591109237113,8.159297450177997,0,탕후루
52.0,52.42857142857143,-0.0714285714285715,12.78419364246136,6.2385851886014505,0.7526174032157034,82.66666666666667,4.333333333333333,0.7129101283880173,1.0364324444314432,0.1929657919394383,-0.0670732506785667,-0.0158730158730158,0.625,0.096163535772255,0.4724591109237113,8.159297450177997,0,탕후루
57.71428571428572,53.42857142857143,0.074468085106383,13.595109821798587,4.809715562140132,0.790369822404401,85.0,4.333333333333333,0.4287663755458515,0.1863113060307617,0.8295685819253493,-0.3183812444284785,0.0119047619047618,0.625,0.2350210505247478,0.4724591109237113,8.159297450177997,0,탕후루
72.0,58.42857142857143,0.3846153846153846,11.138989900169078,6.595777731119958,0.7343576137464684,88.33333333333333,3.333333333333333,-0.0803664376431397,-0.793276566031157,0.5105797314298541,-0.076262438612095,0.0772357723577235,-0.0909090909090908,0.1521707656504547,0.4724591109237113,8.159297450177997,1,탕후루
72.0,63.42857142857143,0.3846153846153846,7.929330368173956,7.20929190456831,0.6604652068854554,92.66666666666669,2.333333333333333,-0.3705826170009552,-0.7993489925468067,-0.1857229940880514,0.0537522178566587,0.1209677419354837,-0.3636363636363635,-0.0380379846060335,0.4724591109237113,8.159297450177997,1,탕후루
72.0,68.42857142857143,0.3846153846153846,6.628385698808234,7.627071623769779,0.6211415392209823,96.0,1.3333333333333333,-0.3438985736925515,-0.2635321360494117,-0.481517107438615,0.2225643143745539,0.161290322580645,-0.6923076923076923,-0.174691501196976,0.4724591109237113,8.159297450177997,1,탕후루
72.0,72.0,0.2475247524752473,13.549827592177584,7.506172736240282,0.6862247171802226,94.33333333333331,2.333333333333333,0.8091047040971169,1.179687321098072,-0.0033307733600208,0.5606271596028298,0.1098039215686275,-0.4615384615384614,-0.1317675628193347,0.4724591109237113,8.159297450177997,1,탕후루
40.285714285714285,64.07142857142857,-0.4404761904761904,15.05163329820864,7.411313615423542,0.7227805205029791,91.66666666666669,2.6666666666666665,1.281573498964803,1.6254720726573546,0.3512565711169353,0.1236451435371679,0.0377358490566039,-0.2,-0.015764925734788,0.4724591109237113,8.159297450177997,1,탕후루
35.0,54.82142857142858,-0.5138888888888888,15.674010920586262,7.282636060412853,0.732270257395462,89.66666666666667,3.0,0.1424257674886764,-0.6666789366084405,0.9767130631228608,0.0101735589036235,-0.0323741007194244,0.2857142857142856,0.1087188995899064,0.4724591109237113,8.159297450177997,1,탕후루
35.0,45.57142857142857,-0.5138888888888888,11.57964257964258,7.028443062962723,0.7267973420632993,89.0,2.6666666666666665,-0.2388082274652146,-1.520381726430018,0.7469777870235534,-0.0784873396155647,-0.0729166666666666,1.0,0.1700993995262778,0.4724591109237113,8.159297450177997,1,탕후루
35.0,36.32142857142857,-0.5138888888888888,10.584352155780726,6.807275221322291,0.7190882035548775,91.33333333333331,2.6666666666666665,-0.3187958883994126,-0.461221655888089,-0.2188570604476805,-0.0931097031039093,-0.0318021201413427,0.1428571428571428,0.047890269108485,0.4724591109237113,8.159297450177997,1,탕후루
29.28571428571429,33.57142857142858,-0.2730496453900708,10.941421012849585,6.72973335439649,0.7253870654757105,86.33333333333333,2.6666666666666665,-0.0757003775084442,0.1631078499567704,-0.2730741710169242,-0.0919648386769962,-0.0581818181818183,0.0,0.0036062745173561,0.4724591109237113,8.159297450177997,1,탕후루
25.0,31.071428571428573,-0.2857142857142857,8.131235827664398,7.323402325394932,0.6635800313004477,85.33333333333333,3.0,-0.269454623841345,0.0493412645580676,-0.4812281381669305,0.0055977347548201,-0.0483271375464685,0.0,-0.093804473691628,0.4724591109237113,8.159297450177997,0,탕후루
25.0,28.57142857142857,-0.2857142857142857,7.400093370681604,7.302995076458351,0.658006505872461,82.0,2.6666666666666665,-0.355116079105761,-0.2794157015973167,-0.3609393968954422,0.0390629917659024,-0.0786516853932584,0.0,-0.0946492676975792,0.4724591109237113,8.159297450177997,0,탕후루
25.0,26.07142857142857,-0.2857142857142857,5.908868696530102,7.690512438335214,0.6166219348069277,85.33333333333333,2.0,-0.2844496901740927,-0.0149950663327477,-0.4417354402458229,0.1297490094489461,-0.0656934306569343,-0.25,-0.1424947151704039,0.4724591109237113,8.159297450177997,0,탕후루
24.428571428571427,24.857142857142858,-0.1658536585365855,5.255001594133588,7.448566070393704,0.6246870589862189,87.0,1.6666666666666667,-0.3016666666666666,0.0534494124390944,-0.5197148900529351,0.1068144424366539,0.0077220077220077,-0.3749999999999999,-0.1388224456738174,0.4724591109237113,8.159297450177997,0,탕후루
23.0,24.357142857142858,-0.0799999999999999,6.011949414584081,7.353074654254189,0.6453746833760498,85.33333333333333,1.6666666666666667,-0.0602061855670104,0.2242435046070823,-0.2606352168350597,0.0040517136080813,0.0,-0.4444444444444444,-0.0274350448561873,0.4724591109237113,8.159297450177997,0,탕후루
23.0,23.857142857142858,-0.0799999999999999,7.189392673391669,7.2428705106323585,0.723656901834068,88.33333333333333,2.0,0.3126491646778042,0.6143158313444709,-0.0284727079424036,-0.0082328640778914,0.0772357723577235,-0.25,0.0997716517628652,0.4724591109237113,8.159297450177997,0,탕후루
23.0,23.357142857142858,-0.0799999999999999,7.559725154210084,7.503502713855524,0.7286662815303039,85.0,1.6666666666666667,0.2079859587538395,0.2681921443208499,0.2793862145979693,-0.0243169393430137,-0.00390625,-0.1666666666666666,0.1817067158962788,0.4724591109237113,8.159297450177997,0,탕후루
23.0,23.0,-0.0584795321637426,6.504461050724636,7.692380981312276,0.6886091457678485,85.66666666666667,2.0,-0.1494545454545455,-0.4621037101323497,0.2377657616671098,0.0327331339501275,-0.0153256704980841,0.1999999999999999,0.1023265743416652,0.4724591109237113,8.159297450177997,0,탕후루
46.142857142857146,28.785714285714285,1.006211180124224,8.478656126482212,7.13036416887188,0.7064110217900476,79.66666666666667,3.6666666666666665,0.0385034507809662,-0.1694825079728732,0.4103006432346674,-0.0302880761931959,-0.0664062499999998,1.1999999999999995,0.0945750429730334,0.4724591109237113,8.159297450177997,0,탕후루
50.0,35.535714285714285,1.1739130434782608,9.608030991288617,6.649908849268604,0.736640377420982,83.33333333333333,3.6666666666666665,0.473706712270201,0.6231612577247465,0.336417612415087,-0.0818683228553238,-0.0566037735849056,0.8333333333333333,0.0179414796625418,0.4724591109237113,8.159297450177997,0,탕후루
50.0,42.285714285714285,1.1739130434782608,10.390590971802562,6.375169376859826,0.7573231196982709,83.66666666666667,3.333333333333333,0.3105981112277021,0.2720946604467358,0.3744667643129777,-0.15037421588616,-0.0156862745098038,1.0,0.0393277950336656,0.4724591109237113,8.159297450177997,0,탕후루
50.0,49.035714285714285,1.1739130434782608,8.910421631339103,6.400133852707871,0.734690101681427,87.66666666666667,2.333333333333333,0.0116042935886278,-0.4621024186815732,0.3698939177053613,-0.167990526176975,0.0233463035019454,0.1666666666666667,0.0669188845323787,0.4724591109237113,8.159297450177997,0,탕후루
50.57142857142857,50.142857142857146,0.0959752321981421,11.974686637244824,6.046164134182327,0.7546329896932233,91.66666666666669,4.666666666666667,0.2855617827595409,-0.0250363284681611,0.4123330936660021,-0.1520539497018549,0.1506276150627614,0.2727272727272729,0.0682633288775438,0.4724591109237113,8.159297450177997,0,탕후루
51.0,50.392857142857146,0.02,15.037174965909625,5.5166571761256655,0.7908153362357683,93.0,5.0,0.699741898480069,0.6881376048914412,0.565063120585632,-0.1704161213078251,0.1160000000000001,0.3636363636363637,0.0735432925961183,0.4724591109237113,8.159297450177997,1,탕후루
51.0,50.642857142857146,0.02,17.818493048698294,5.289318899658229,0.808209724191645,99.0,6.333333333333333,0.5264687564874402,0.2409069737278992,0.7148681049088721,-0.1703249612697265,0.1832669322709161,0.8999999999999999,0.0671927254956221,0.4724591109237113,8.159297450177997,1,탕후루
51.0,50.892857142857146,0.02,15.90171474720156,5.750924897565599,0.7848384674253644,96.66666666666669,5.666666666666667,0.1197907879196895,-0.5799511105603794,0.7846197862594042,-0.101436777742952,0.102661596958175,1.4285714285714284,0.0682578486210265,0.4724591109237113,8.159297450177997,1,탕후루
49.285714285714285,50.57142857142857,-0.0254237288135592,14.16202677155468,6.128073173567784,0.7657179896536421,102.0,6.0,-0.1419828641370869,-0.6684516206245271,0.1826636638245364,0.0135472735386688,0.1127272727272725,0.2857142857142856,0.014689259695531,0.4724591109237113,8.159297450177997,1,탕후루
39.0,47.57142857142857,-0.2352941176470588,14.937702613096306,6.230747615856269,0.7816995157391929,101.0,5.333333333333333,-0.0280247099593189,-0.1478154978790085,-0.0066150957901884,0.1294425984672311,0.086021505376344,0.0666666666666666,-0.0115271164820425,0.4724591109237113,8.159297450177997,1,탕후루
39.0,44.57142857142857,-0.2352941176470588,14.665379564094492,6.373460248679434,0.7825249668167666,103.66666666666669,3.6666666666666665,0.0182279283563164,0.1602107924934034,-0.1769573597490136,0.2049680440124828,0.0471380471380471,-0.4210526315789473,-0.0317798172999809,0.4724591109237113,8.159297450177997,1,탕후루
39.0,41.57142857142857,-0.2352941176470588,14.9024031406484,6.341267751764691,0.7945513069403708,102.0,3.6666666666666665,0.0137963106495115,0.0418210206088305,-0.0628430092250914,0.1026518107459526,0.0551724137931033,-0.3529411764705883,0.0123755905426869,0.4724591109237113,8.159297450177997,1,탕후루
39.0,39.0,-0.208695652173913,10.64306716838782,6.780289316821023,0.7432763776411201,102.33333333333331,2.6666666666666665,-0.2529576587795766,-0.2711855871358931,-0.2484785306461155,0.1064308673836407,0.0032679738562091,-0.5555555555555556,-0.0293079336201479,0.4724591109237113,8.159297450177997,1,탕후루
29.57142857142857,36.64285714285714,-0.2417582417582418,9.311926817510628,7.065958727301007,0.7180217066959639,100.66666666666669,3.333333333333333,-0.3590214067278288,-0.3728177173773404,-0.3766158653241229,0.1340466927787698,-0.0033003300330032,-0.3749999999999999,-0.0814607246916532,0.4724591109237113,8.159297450177997,1,탕후루
28.000000000000004,33.892857142857146,-0.2820512820512819,8.000209231067766,7.385746453929412,0.6733384354882817,106.0,3.333333333333333,-0.2092102521358616,0.043747406643715,-0.454483315886701,0.1588283547323796,0.022508038585209,-0.0909090909090908,-0.1395310513511727,0.4724591109237113,8.159297450177997,1,탕후루
28.000000000000004,31.142857142857142,-0.2820512820512819,9.173629710370598,7.359216086002273,0.6921303272830513,110.33333333333331,3.333333333333333,0.0873091603053435,0.4463305670331723,-0.3844194373356984,0.1605275749402477,0.0816993464052286,-0.0909090909090908,-0.1289041736671712,0.4724591109237113,8.159297450177997,1,탕후루
28.000000000000004,28.392857142857142,-0.2820512820512819,9.29559743833248,7.144064119640933,0.7063380189907148,114.0,2.333333333333333,0.2405797101449274,0.449789962280789,-0.1266053956755638,0.0536518112755795,0.1140065146579805,-0.1249999999999998,-0.0496966670293407,0.4724591109237113,8.159297450177997,1,탕후루
25.0,27.250000000000004,-0.1545893719806762,8.986880008663631,7.138772565739548,0.7258704239521583,111.33333333333331,1.0,-0.0287406757349714,-0.1160498360403149,-0.0349065038006701,0.0103048774056955,0.1059602649006621,-0.7,0.0109310306123069,0.4724591109237113,8.159297450177997,1,탕후루
21.0,25.500000000000004,-0.2500000000000001,7.406428880844082,7.500092838269957,0.6838319843338866,104.66666666666669,0.3333333333333333,-0.2846219201359388,-0.5252016302808662,-0.0742206026209684,0.0154820348970563,-0.0125786163522012,-0.9,0.0155843603937377,0.4724591109237113,8.159297450177997,1,탕후루
21.0,23.75,-0.2500000000000001,6.043407128933442,7.811637978252793,0.6569997476327498,99.0,0.0,-0.4323469618251638,-0.4036062860901924,-0.3412196350042888,0.0614769137043083,-0.1027190332326283,-1.0,-0.0507571742856669,0.4724591109237113,8.159297450177997,1,탕후루
21.0,22.0,-0.2500000000000001,5.18022579774287,7.975641699312415,0.6189626725934676,96.0,0.0,-0.4002375296912114,-0.1156156095552726,-0.4427226617644769,0.1164011920589087,-0.1578947368421053,-1.0,-0.1237018878328221,0.4724591109237113,8.159297450177997,1,탕후루
21.0,21.0,-0.16,4.859384935898337,8.040831033953193,0.606741133106491,94.33333333333331,0.0,-0.2542777556705133,0.1780692061546505,-0.4592800915096519,0.1263604436066236,-0.1526946107784431,-1.0,-0.1641192241957484,0.4724591109237113,8.159297450177997,1,탕후루
17.0,20.0,-0.1904761904761904,4.134517211030612,8.151944574548212,0.565477022450689,93.33333333333331,0.0,-0.2079207920792078,0.1923167376120035,-0.4417664332504307,0.0869124889964185,-0.1082802547770701,-1.0,-0.1730760838840931,0.4724591109237113,8.159297450177997,1,탕후루
17.0,19.0,-0.1904761904761904,3.945360512106527,8.283261518122082,0.5589727747269259,91.0,0.0,-0.194770544290288,0.0595072113802253,-0.3471628788307671,0.0603744747493759,-0.0808080808080807,0.0,-0.14920397345513,0.4724591109237113,8.159297450177997,1,탕후루
17.0,18.0,-0.1904761904761904,3.684747739865847,8.434695833119253,0.5403251449364287,88.33333333333333,0.0,-0.143125,0.0647957920792078,-0.2886897437035723,0.0575570156124758,-0.0798611111111111,0.0,-0.1270472859494836,0.4724591109237113,8.159297450177997,1,탕후루
17.0,17.0,-0.1904761904761904,3.7579569380750457,8.549244713088159,0.5248521193784172,84.0,0.0,-0.12259774685222,0.072172797438068,-0.2266599605408034,0.0632289967278432,-0.1095406360424028,0.0,-0.1349653241882665,0.4724591109237113,8.159297450177997,1,탕후루
14.142857142857142,16.285714285714285,-0.1680672268907563,3.405541530541528,8.610141290774465,0.4992611979418206,79.0,0.3333333333333333,-0.1684901531728665,-0.0253651531728664,-0.1763145836094783,0.0562070450842884,-0.1535714285714285,0.0,-0.1170972857958035,0.4724591109237113,8.159297450177997,0,탕후루
13.0,15.285714285714285,-0.2352941176470588,3.4446740152185678,8.666053489118962,0.5140337409453712,78.0,0.3333333333333333,-0.180513595166163,-0.057915848313943,-0.1269051320789518,0.0462127110389318,-0.1428571428571429,0.0,-0.0803957470084453,0.4724591109237113,8.159297450177997,0,탕후루
13.0,14.285714285714285,-0.2352941176470588,3.49879835000328,8.649093019967378,0.5431003828198356,78.0,0.3333333333333333,-0.0271929824561403,0.1412971707167262,-0.0504646187446571,0.0254184846839744,-0.1169811320754716,0.0,0.0051362367815279,0.4724591109237113,8.159297450177997,0,탕후루
13.0,13.285714285714285,-0.2352941176470588,3.730736170176394,8.564805386920654,0.5712379384681356,77.66666666666667,0.3333333333333333,0.0617511520737326,0.2422647472398956,-0.0072435018142051,0.001820122637111,-0.0753968253968253,0.0,0.0883788354415966,0.4724591109237113,8.159297450177997,0,탕후루
13.285714285714286,13.071428571428571,-0.0606060606060605,3.6850873947725376,8.47154495704527,0.5642647171108076,74.66666666666667,0.3333333333333333,0.0063119927862937,0.0335049752424341,0.0820855836653262,-0.016096871009271,-0.0548523206751053,0.0,0.1301994215391877,0.4724591109237113,8.159297450177997,0,탕후루
14.000000000000002,13.321428571428571,0.0769230769230771,3.426945542851497,8.564417800938266,0.5406214448374015,73.66666666666667,0.3333333333333333,-0.1145833333333333,-0.1763344854070659,-0.0051466328275902,-0.0117280245625427,-0.0555555555555554,0.0,0.0517236550330959,0.4724591109237113,8.159297450177997,0,탕후루
14.000000000000002,13.571428571428571,0.0769230769230771,3.1057801972806445,8.701088524606316,0.5174585059391239,73.33333333333333,0.0,-0.1944444444444444,-0.2007564372307382,-0.1123294666931197,0.0060116713415963,-0.0598290598290598,-1.0,-0.0472138810648159,0.4724591109237113,8.159297450177997,0,탕후루
14.000000000000002,13.821428571428571,0.0769230769230771,3.3321137078246807,8.66340326121455,0.5528366337770386,76.0,0.3333333333333333,-0.038235294117647,0.0763480392156863,-0.1068482047962309,0.0115119806977126,-0.0214592274678112,0.0,-0.0322130297235562,0.4724591109237113,8.159297450177997,0,탕후루
14.000000000000002,14.000000000000002,0.0537634408602152,3.643317459778824,8.57886861606577,0.5788736022078108,76.66666666666667,0.6666666666666666,0.1713014460511679,0.3657458904956123,-0.0113348560072051,0.0126687233042712,0.0267857142857141,1.0,0.0258901268394109,0.4724591109237113,8.159297450177997,0,탕후루
15.0,14.25,0.0714285714285714,4.105865674286725,8.465721255342217,0.6224012311637145,78.33333333333333,1.0,0.292558613659531,0.3307939077771781,0.1981123198328711,-0.011524022752047,0.0633484162895925,2.0,0.1512699636820904,0.4724591109237113,8.159297450177997,1,탕후루
15.0,14.5,0.0714285714285714,3.995292151948497,8.58295667378791,0.5940323466611525,81.0,0.6666666666666666,0.2497625830959164,0.0784611370447485,0.2864053146602874,-0.0135766749739798,0.1045454545454547,0.0,0.1479806396902421,0.4724591109237113,8.159297450177997,1,탕후루
15.0,14.75,0.0714285714285714,4.172695660720426,8.626293256236156,0.606231654221411,85.66666666666667,0.3333333333333333,0.1782334384858044,-0.1143251751737266,0.2522668872079117,-0.0042835366032806,0.1271929824561404,0.0,0.0965837232593866,0.4724591109237113,8.159297450177997,1,탕후루
15.0,15.0,0.0714285714285714,5.02524369747899,8.648877346540226,0.633811669265938,84.33333333333333,0.3333333333333333,0.2743161094224924,0.0245535263265759,0.3793043710728569,0.0081606017771795,0.0999999999999998,-0.5,0.0949051171941415,0.4724591109237113,8.159297450177997,1,탕후루
12.714285714285714,14.428571428571429,-0.1523809523809524,5.490725274725274,8.60604117248228,0.679481718022766,85.66666666666667,0.6666666666666666,0.2737617135207497,0.0955282750349453,0.337288092280108,0.0165750693777586,0.0936170212765958,-0.3333333333333333,0.0917101123857468,0.4724591109237113,8.159297450177997,0,탕후루
11.0,13.428571428571429,-0.2666666666666667,5.888932924998497,8.597201368579073,0.7068929930819419,85.66666666666667,1.0,0.2140727489564697,-0.0602433604660226,0.4739680356357607,0.0016596489219928,0.0576131687242797,0.5,0.1899907421795117,0.4724591109237113,8.159297450177997,0,탕후루
11.0,12.428571428571429,-0.2666666666666667,5.433881745648253,8.626057827134646,0.6992846231400067,88.0,1.0,0.0252233315817131,-0.2485383819390365,0.3022473210303769,-2.7292035468362563e-05,0.027237354085603,2.0,0.1534940781640716,0.4724591109237113,8.159297450177997,0,탕후루
11.0,11.428571428571429,-0.2666666666666667,4.913096631057828,8.659101106516562,0.6685916593509221,86.33333333333333,0.6666666666666666,-0.1738703339882121,-0.3879430829446819,-0.0223167418681451,0.0011820909890027,0.0237154150197629,1.0,0.0548743290341517,0.4724591109237113,8.159297450177997,0,탕후루
11.571428571428571,11.142857142857142,-0.0898876404494382,4.216705072738627,8.739333009529146,0.6149551109805613,83.66666666666667,0.6666666666666666,-0.2788313685289595,-0.3040547001106727,-0.2320313143058122,0.0154881709691401,-0.0233463035019455,0.0,-0.0949644491245057,0.4724591109237113,8.159297450177997,0,탕후루
13.0,11.642857142857142,0.1818181818181818,3.4856090659416856,8.897847029894562,0.5631686429954122,81.66666666666667,0.3333333333333333,-0.2972651605231866,-0.1233948265349744,-0.408108546941452,0.0349701779016464,-0.0466926070038909,-0.6666666666666667,-0.2033183968338887,0.4724591109237113,8.159297450177997,1,탕후루
13.0,12.142857142857142,0.1818181818181818,3.089631015381848,9.019089007307189,0.5152742728295489,76.33333333333333,0.3333333333333333,-0.2935323383084577,-0.0147009697794981,-0.4314136449774249,0.0455632443056663,-0.1325757575757576,-0.6666666666666667,-0.2631408502652237,0.4724591109237113,8.159297450177997,1,탕후루
13.0,12.642857142857142,0.1818181818181818,2.789019224503093,9.08757476682765,0.479593277522831,71.66666666666667,0.3333333333333333,-0.2952622673434856,0.002002893179701,-0.432329662137625,0.0494824641773303,-0.1698841698841697,-0.5,-0.2826813334937101,0.4724591109237113,8.159297450177997,1,탕후루
12.571428571428571,12.892857142857142,0.0864197530864196,2.56511350059737,9.09749166331381,0.4452716988044365,69.66666666666667,0.3333333333333333,-0.2877263581488933,0.0058059801595643,-0.3916782282970045,0.0409823785630021,-0.1673306772908366,-0.5,-0.2759281273482877,0.4724591109237113,8.159297450177997,1,탕후루
10.0,12.142857142857142,-0.2307692307692307,2.5964065802775464,9.119258286540452,0.4536074347530758,65.33333333333333,0.3333333333333333,-0.1896758703481392,0.1055863969953463,-0.2551067744092835,0.0248836888184302,-0.2,0.0,-0.1945442268582219,0.4724591109237113,8.159297450177997,0,탕후루
10.0,11.392857142857142,-0.2307692307692307,2.465868945868944,9.16232248729994,0.4449114568921482,69.33333333333333,0.0,-0.0776836158192091,0.2100427423296842,-0.2018888554676853,0.0158811471842337,-0.0917030567685589,-1.0,-0.1365541026355035,0.4724591109237113,8.159297450177997,0,탕후루
10.0,10.642857142857142,-0.2307692307692307,2.2982276203328813,9.18169816490328,0.4250201362456789,66.0,0.0,-0.1422222222222222,0.047453648125917,-0.1759728293940512,0.0103573726203838,-0.0790697674418605,-1.0,-0.113790463367273,0.4724591109237113,8.159297450177997,0,탕후루
10.0,10.0,-0.2045454545454544,2.0824876798738403,9.20458225170113,0.3828534631620068,69.66666666666667,0.0,-0.1546707503828484,-0.0769871345636392,-0.1881498891223076,0.011771441222548,0.0,-1.0,-0.1401801098296251,0.4724591109237113,8.159297450177997,0,탕후루
11.428571428571429,10.357142857142858,0.1428571428571428,2.08687792377628,9.21461360831224,0.3727046979964568,65.33333333333333,0.3333333333333333,-0.1088082901554404,0.0334139320667817,-0.1962437856889117,0.0104564777940907,0.0,0.0,-0.1783540801103909,0.4724591109237113,8.159297450177997,0,탕후루
12.0,10.857142857142858,0.1999999999999999,2.1146415074928524,9.2382431741766,0.3858850650092204,71.0,0.3333333333333333,0.0507246376811594,0.2053953880640078,-0.1424355657523895,0.0082861836594265,0.0240384615384616,0.0,-0.1326699750445772,0.4724591109237113,8.159297450177997,0,탕후루
12.0,11.357142857142858,0.1999999999999999,2.1487354879554186,9.232851646020295,0.4124883375943406,73.0,0.3333333333333333,0.1763565891472869,0.2851648793027274,-0.0650467042754494,0.0055712440333255,0.1060606060606059,0.0,-0.0294851880714056,0.4724591109237113,8.159297450177997,0,탕후루
12.0,11.857142857142858,0.1999999999999999,4.786682906390642,9.14411368100242,0.5631697249094153,69.33333333333333,1.0,1.079310344827586,1.0285857071464266,1.2985408041792716,-0.0065693987022099,-0.0047846889952154,0.0,0.4709798371893177,0.4724591109237113,8.159297450177997,0,탕후루
12.0,12.0,0.05,5.85965503291742,9.058433766465424,0.6603667431068146,66.0,1.3333333333333333,1.444810543657331,1.2684539545100442,1.807857118117464,-0.0169491471357987,0.0102040816326531,3.0,0.7718229650893547,0.4724591109237113,8.159297450177997,0,탕후루
12.0,12.0,0.0,6.61932690964949,8.985570545289038,0.7421832453423391,65.0,1.6666666666666667,0.3988391376451079,-0.6804712071824781,2.1302359696407613,-0.027350722872705,-0.0845070422535211,4.000000000000001,0.9233272096825133,0.4724591109237113,8.159297450177997,0,탕후루
12.0,12.0,0.0,5.14695340501792,9.007661453049126,0.6937347430157379,69.0,1.0,-0.0323450134770889,-1.47715555713442,1.3953406242270376,-0.0243901019538459,-0.0547945205479452,2.0,0.6818287446904439,0.4724591109237113,8.159297450177997,0,탕후루
12.0,12.0,0.0,5.500583947484998,9.015909717311825,0.7024671469271501,69.33333333333333,1.0,-0.1055127445168939,-0.5043518821620019,0.149143165539801,-0.0140203816534945,0.0,0.0,0.247345366514758,0.4724591109237113,8.159297450177997,0,탕후루
12.0,12.0,0.0,6.370646199890204,8.626441838485086,0.7288003916111031,67.66666666666667,1.6666666666666667,0.2298050139275764,0.2621500274046654,0.087204991437588,-0.0476894724979481,0.0252525252525253,0.2500000000000002,0.1036297621263149,0.4724591109237113,8.159297450177997,0,탕후루
13.0,12.25,0.0833333333333332,5.719776692389872,8.677190531878914,0.6820597784399176,65.66666666666667,1.6666666666666667,0.0212060967528162,0.1267188412697102,-0.1358975360392422,-0.0343194694043998,0.0102564102564102,0.0,-0.0810089250595909,0.4724591109237113,8.159297450177997,0,탕후루
13.0,12.5,0.0833333333333332,4.899381731545473,8.156987590821146,0.6454762677384503,63.333333333333336,2.0,-0.2536806342015855,-0.4834856481291619,-0.048100624581346,-0.0944389247599912,-0.0821256038647342,1.0,-0.0695632960049007,0.4724591109237113,8.159297450177997,0,탕후루
13.0,12.75,0.0833333333333332,3.499381731545473,8.806746338704128,0.5630799908704943,62.0,1.0,-0.4036340038935756,-0.4248401006463919,-0.3638163211479617,-0.0231993648079764,-0.1057692307692307,0.0,-0.1984251600468242,0.4724591109237113,8.159297450177997,0,탕후루
13.0,13.0,0.0833333333333332,3.376017418418364,8.938653973997324,0.5596887038863897,62.0,0.6666666666666666,-0.3057663125948406,-0.0520856783932551,-0.4700667228268698,0.0361924581835546,-0.083743842364532,-0.6000000000000001,-0.2320411592409702,0.4724591109237113,8.159297450177997,0,탕후루
13.714285714285712,13.178571428571429,0.0549450549450547,3.0260895684905136,9.312209654532476,0.5089829077354269,65.33333333333333,0.0,-0.0511425462459194,0.3524914576476562,-0.4709427078653775,0.0731825722070502,-0.0050761421319798,-1.0,-0.2537561606408917,0.4724591109237113,8.159297450177997,0,탕후루
14.000000000000002,13.428571428571429,0.0769230769230771,3.140157144838792,9.339075383923172,0.5007495401528664,67.66666666666667,0.3333333333333333,0.0349726775956285,0.3407389901904691,-0.3590707324109132,0.1449171988973234,0.0684210526315789,-0.8333333333333334,-0.2242169616749221,0.4724591109237113,8.159297450177997,0,탕후루
14.000000000000002,13.678571428571429,0.0769230769230771,3.5528096460439684,9.126535862637024,0.5425478737055394,70.33333333333333,0.6666666666666666,0.2740825688073394,0.3252251150532588,0.0152678154591894,0.0363118808733566,0.1344086021505375,-0.3333333333333333,-0.0364639438407556,0.4724591109237113,8.159297450177997,0,탕후루
14.000000000000002,13.928571428571429,0.0769230769230771,3.821592714827037,9.133321389161468,0.5592115746668745,68.0,0.6666666666666666,0.2038014783526927,0.1688288007570642,0.1319825229507913,0.0217781576208715,0.096774193548387,0.0,-0.0008524903508004,0.4724591109237113,8.159297450177997,0,탕후루
13.428571428571429,13.85714285714286,-0.0208333333333331,4.179454963040162,8.734295695254602,0.6016830063436142,62.333333333333336,1.3333333333333333,0.0054005400540053,-0.268682028753334,0.3811405341597258,-0.0620598097248152,-0.0459183673469386,0.0,0.1821281170729871,0.4724591109237113,8.159297450177997,0,탕후루
12.0,13.357142857142858,-0.142857142857143,3.853181829397684,8.962034105113668,0.5781037302906262,58.66666666666666,1.3333333333333333,-0.1745614035087719,-0.3783628818614646,0.2270665612167945,-0.0403724419505774,-0.1330049261083744,3.0,0.1544768071362492,0.4724591109237113,8.159297450177997,0,탕후루
12.0,12.857142857142858,-0.142857142857143,3.875404051619906,8.683406475412122,0.6113459060697869,55.0,2.0,-0.2130707251566695,-0.2184712652106749,0.0907998000779874,-0.0485539523313574,-0.2180094786729857,2.0,0.1268054593862195,0.4724591109237113,8.159297450177997,0,탕후루
12.0,12.357142857142858,-0.142857142857143,3.1835911861228303,9.20838753587682,0.5569020870748843,56.0,1.0,-0.2359192348565356,-0.0613578313477637,-0.1669465001408666,0.0082189319215715,-0.1764705882352941,0.5,-0.0041298994810077,0.4724591109237113,8.159297450177997,0,탕후루
12.0,12.0,-0.1063829787234043,2.992087542087541,9.32080810274673,0.543009149866195,55.66666666666666,0.6666666666666666,-0.2036405005688282,0.0094302245878413,-0.2840962353830277,0.0671505096639657,-0.1069518716577541,-0.5,-0.0975162267486597,0.4724591109237113,8.159297450177997,0,탕후루
12.85714285714286,12.214285714285715,0.0714285714285716,2.919336219336218,9.463712177774177,0.5391768012448438,58.333333333333336,0.6666666666666666,0.0111265646731573,0.2470457995296929,-0.2423570055627095,0.0559781481275836,-0.0056818181818181,-0.5,-0.0673355437893696,0.4724591109237113,8.159297450177997,0,탕후루
13.0,12.464285714285715,0.0833333333333332,3.333993429738109,9.435382065123273,0.573022138219092,63.333333333333336,0.6666666666666666,0.2671428571428571,0.4707833577116853,-0.1397043030017707,0.0865991465262439,0.1515151515151516,-0.6666666666666667,-0.0626875349457564,0.4724591109237113,8.159297450177997,0,탕후루
13.0,12.714285714285715,0.0833333333333332,3.537276258020938,9.418456662648394,0.5888501343223957,67.33333333333333,0.6666666666666666,0.3328748280605227,0.3217482633873654,0.1110962592935327,0.0228128025621341,0.2023809523809523,-0.3333333333333333,0.0573674403256734,0.4724591109237113,8.159297450177997,0,탕후루
13.0,12.964285714285715,0.0833333333333332,3.139056609801289,9.50106814878028,0.5402747600948477,66.33333333333333,0.0,-0.0473506200676437,-0.3144934772105009,0.0491192405457527,0.0193395297968239,0.1916167664670658,-1.0,-0.005035623749657,0.4724591109237113,8.159297450177997,0,탕후루
12.428571428571429,12.857142857142856,-0.0333333333333334,2.694334039922273,9.543330567874136,0.4948413644737173,63.0,0.0,-0.2776057791537667,-0.6104806072142894,-0.0770730613088149,0.0084130189722957,0.0799999999999998,-1.0,-0.0822280125345998,0.4724591109237113,8.159297450177997,0,탕후루
12.0,12.607142857142858,-0.0769230769230768,2.2944802387526835,9.57755662218105,0.449914671640069,56.66666666666666,0.0,-0.3633136094674556,-0.3159629893998118,-0.311792213419893,0.0150682352952413,-0.1052631578947369,-1.0,-0.2148389361737949,0.4724591109237113,8.159297450177997,0,탕후루
12.0,12.357142857142858,-0.0769230769230768,2.34174750601995,9.553416955511905,0.4557441485333757,57.66666666666666,0.0,-0.2128571428571429,0.0647486362966237,-0.3379800345788855,0.0143293426617052,-0.1435643564356435,-1.0,-0.2260439083404275,0.4724591109237113,8.159297450177997,0,탕후루
12.0,12.107142857142858,-0.0769230769230768,2.491759317973648,9.582889623805071,0.4769318939286907,58.333333333333336,0.0,0.0855018587360594,0.448815468203515,-0.2062075879124132,0.0086118185601369,-0.1206030150753767,0.0,-0.1172419495499601,0.4724591109237113,8.159297450177997,0,탕후루
12.0,12.0,-0.0344827586206897,2.912522765052884,9.535488340210414,0.5339497944148809,62.0,0.3333333333333333,0.3321234119782215,0.5449805548353645,0.0809805769803158,-0.0008217495567136,-0.0158730158730159,0.0,0.0790322571007313,0.4724591109237113,8.159297450177997,0,탕후루
12.0,12.0,0.0,2.910300542830662,9.585694665512026,0.5368504939060716,67.0,0.3333333333333333,0.3972602739726028,0.3117584152365433,0.2683920714055696,0.0008496993181046,0.1823529411764706,0.0,0.1932273556430077,0.4724591109237113,8.159297450177997,0,탕후루
12.0,12.0,0.0,3.821835571835571,9.385797605214186,0.6065948418354132,63.0,1.0,0.3405994550408719,0.0084760430626504,0.6320442584056329,-0.0175454867172951,0.0924855491329479,0.0,0.3309986398892628,0.4724591109237113,8.159297450177997,0,탕후루
12.0,12.0,0.0,3.606856856856856,9.468417425285102,0.5738954807030417,59.333333333333336,0.6666666666666666,0.0723039215686274,-0.3249563524039753,0.4475141442593375,-0.0119454781400807,0.0171428571428571,0.0,0.2033069878712048,0.4724591109237113,8.159297450177997,0,탕후루
12.0,12.0,0.0,3.622729872729872,9.52780383516346,0.5688721085860963,55.0,0.6666666666666666,-0.1676829268292683,-0.5082823818701403,0.2438460279860135,-0.0008058847929738,-0.1129032258064516,1.0,0.0654037412065762,0.4724591109237113,8.159297450177997,0,탕후루
15.428571428571429,12.857142857142858,0.2857142857142858,2.772022423707816,9.711795226910487,0.5121486217529279,61.0,0.0,-0.2194285714285715,-0.2917324929971989,-0.0475133468477974,0.0131550780406299,-0.0895522388059701,-1.0,-0.0460125722776473,0.4724591109237113,8.159297450177997,0,탕후루
16.0,13.857142857142858,0.3333333333333332,3.1007533285256774,9.783250508262158,0.552381894714015,65.66666666666667,0.0,0.0097680097680097,0.177450936597278,-0.1886743240927992,0.0423462043148226,0.0423280423280423,-1.0,-0.0893725818000077,0.4724591109237113,8.159297450177997,0,탕후루
16.0,14.857142857142858,0.3333333333333332,3.4286303126526616,9.813844918845046,0.582725162958925,67.33333333333333,0.0,0.3938506588579795,0.6132792302865511,-0.0494132568264733,0.0364820727735863,0.1348314606741572,-1.0,0.0153855232403408,0.4724591109237113,8.159297450177997,0,탕후루
16.0,15.857142857142858,0.3333333333333332,3.51214199447895,9.853959791756408,0.5845512030880299,62.66666666666666,0.0,0.1596130592503022,0.1498450494822925,-0.0305261176339347,0.0342320184415669,0.1393939393939394,-1.0,0.0275617212819647,0.4724591109237113,8.159297450177997,0,탕후루
15.571428571428571,15.892857142857142,0.0092592592592593,3.8819398936944793,9.544417198903613,0.6079494234282788,66.0,0.6666666666666666,0.2048319327731091,-0.1890187260848703,0.4003998887216988,-0.0172345095933538,0.0819672131147541,0.0,0.1870566425571043,0.4724591109237113,8.159297450177997,0,탕후루
15.0,15.642857142857142,-0.0625,7.453920230773131,8.919794455722043,0.705606806532109,64.0,1.3333333333333333,1.164754953076121,1.0051418938258188,1.4039062256904082,-0.0882586060543895,-0.0253807106598985,0.0,0.2773894533553154,0.4724591109237113,8.159297450177997,0,탕후루
15.0,15.392857142857142,-0.0625,7.771115997968899,8.7194230495402,0.7398286474565811,66.66666666666667,1.3333333333333333,0.9006102877070619,0.6957783549339527,1.266536572721526,-0.1115181540318902,-0.0099009900990097,0.0,0.2696013395061334,0.4724591109237113,8.159297450177997,0,탕후루
15.0,15.142857142857142,-0.0625,7.684231548570516,8.997240037740136,0.7183416228315725,67.0,1.3333333333333333,0.0317919075144508,-1.1329630455616702,1.1879045780751594,-0.0869416734106205,0.0691489361702129,0.0,0.2288771608659141,0.4724591109237113,8.159297450177997,0,탕후루
14.857142857142858,14.964285714285715,-0.0458715596330274,4.086111274384947,9.49781895844832,0.6117594551119881,71.33333333333333,1.0,-0.4311926605504587,-1.3318029482575209,0.0525951937128412,-0.004882251004351,0.0808080808080806,0.5,0.0062670208028559,0.4724591109237113,8.159297450177997,0,탕후루
14.000000000000002,14.714285714285715,-0.0666666666666665,3.7975590858327575,9.587048478999511,0.5824825270775945,74.33333333333333,1.0,-0.4281045751633987,-0.4598964826778495,-0.4905286120242168,0.0748059864596348,0.1614583333333332,-0.25,-0.1744941776563088,0.4724591109237113,8.159297450177997,1,탕후루
14.000000000000002,14.464285714285715,-0.0666666666666665,3.254983800266817,9.695171511570738,0.5569739650876421,69.33333333333333,0.6666666666666666,-0.2112903225806451,0.2199023379698135,-0.5811433259884993,0.1119051635052839,0.0399999999999998,-0.5,-0.2471581534421054,0.4724591109237113,8.159297450177997,1,탕후루
14.000000000000002,14.214285714285715,-0.0666666666666665,3.896833196833196,9.30971922896471,0.6193244084857613,62.0,0.3333333333333333,-0.1755102040816325,0.2525943710817662,-0.4928792590121628,0.0347305606957064,-0.0746268656716417,-0.75,-0.1378413991319385,0.4724591109237113,8.159297450177997,1,탕후루
14.000000000000002,14.000000000000002,-0.0576923076923076,4.023786944839575,8.928873476102657,0.6476182939000759,57.333333333333336,0.6666666666666666,-0.0470347648261758,0.1642555577544693,-0.0152527245002042,-0.0599027508141313,-0.1962616822429905,-0.3333333333333333,0.0586159126572443,0.4724591109237113,8.159297450177997,1,탕후루
11.0,13.250000000000002,-0.2142857142857144,4.238762790250203,8.531853105985387,0.6603536093474532,53.0,1.3333333333333333,-0.0801980198019801,0.0953121842796523,0.1161808662999894,-0.1100646747876091,-0.2869955156950672,0.3333333333333332,0.1336882715788061,0.4724591109237113,8.159297450177997,0,탕후루
11.0,12.500000000000002,-0.2142857142857144,3.4459699974574107,9.07399428636758,0.6011170509128537,55.0,1.6666666666666667,-0.1759656652360515,-0.1289309004098756,0.0586750069769741,-0.0640707824984645,-0.2067307692307691,1.5000000000000004,0.0792552050763548,0.4724591109237113,8.159297450177997,0,탕후루
11.0,11.75,-0.2142857142857144,3.384817115251897,9.35982970458526,0.5636236730620525,53.66666666666666,2.0,-0.2099031216361679,-0.1297051018341878,-0.1313928658782198,0.0053825979482435,-0.1344086021505376,5.0,-0.0899378979102345,0.4724591109237113,8.159297450177997,0,탕후루
11.0,11.0,-0.2142857142857144,3.015520282186948,9.637350204395329,0.5249664018147518,58.0,1.3333333333333333,-0.1015625,0.0744031652360515,-0.2505765530020689,0.0793467093232811,0.0116279069767442,1.0,-0.1893891714310476,0.4724591109237113,8.159297450177997,0,탕후루
11.571428571428571,11.142857142857142,0.0519480519480519,3.4063248798880976,9.52524024004207,0.5646608931891294,61.333333333333336,1.3333333333333333,0.1117166212534059,0.3216197428895739,-0.1963870005362977,0.1164327516796774,0.1572327044025157,0.0,-0.1449113244839917,0.4724591109237113,8.159297450177997,0,탕후루
12.0,11.392857142857142,0.0909090909090908,3.8195116930749102,9.271030272707655,0.6082614706026565,64.0,1.6666666666666667,0.4478260869565218,0.5493885869565218,0.108399578607218,0.021714360856067,0.1636363636363635,0.0,0.0118852387882746,0.4724591109237113,8.159297450177997,1,탕후루
12.0,11.642857142857142,0.0909090909090908,4.11272156961812,8.88709592500121,0.6415433267070506,63.0,2.0,0.3247549019607842,0.2130382807073783,0.2150498622470045,-0.0505066645980174,0.1739130434782609,0.0,0.1382476595095385,0.4724591109237113,8.159297450177997,1,탕후루
12.0,11.892857142857142,0.0909090909090908,4.076347351663806,8.950763432731945,0.6307003503616668,60.333333333333336,2.333333333333333,0.04004004004004,-0.4077860469164818,0.3517890679572923,-0.0712422768812791,0.0402298850574713,0.7500000000000002,0.2014108868327653,0.4724591109237113,8.159297450177997,1,탕후루
11.428571428571429,11.857142857142858,-0.0123456790123456,3.932016586643386,8.710955030140939,0.6250112096751272,59.0,2.0,-0.0906567992599444,-0.4154117012207287,0.1543281176317386,-0.0854871047218368,-0.0380434782608696,0.5,0.1068788669694253,0.4724591109237113,8.159297450177997,0,탕후루
10.0,11.357142857142858,-0.1666666666666666,4.6339685385953375,8.265378423700716,0.6530940977200578,57.333333333333336,2.0,0.0615976900866219,0.0215576500465819,0.2132358560381173,-0.108472501914637,-0.1041666666666666,0.1999999999999999,0.0737061761827226,0.4724591109237113,8.159297450177997,0,탕후루
10.0,10.857142857142858,-0.1666666666666666,6.79663217594252,7.179484035191456,0.7187163894575468,57.66666666666666,2.333333333333333,0.6327568667344863,0.7234136659944307,0.652587480307744,-0.1921450948904347,-0.0846560846560846,0.1666666666666667,0.1202928306442128,0.4724591109237113,8.159297450177997,0,탕후루
10.0,10.357142857142858,-0.1666666666666666,6.868035868035868,7.30302335759965,0.7187434692405045,56.66666666666666,2.0,0.4324569356300995,0.3708592455434776,0.6848504986290249,-0.1840893335541293,-0.0607734806629834,-0.1428571428571429,0.1395957982714779,0.4724591109237113,8.159297450177997,0,탕후루
10.0,10.0,-0.125,7.357181640314169,6.940990925350109,0.7414477523545978,60.333333333333336,2.333333333333333,0.0922118380062306,-0.5405450287282556,0.8710962881758131,-0.2031882955045163,0.0225988700564971,0.1666666666666667,0.1862951269945907,0.4724591109237113,8.159297450177997,0,탕후루
10.0,10.0,0.0,5.566115020480427,7.108937358816523,0.6857649731827461,57.0,2.0,-0.1721518987341771,-0.6046088343642767,0.2011551166395369,-0.1399138678960099,-0.0058139534883721,0.0,0.0500247599492047,0.4724591109237113,8.159297450177997,0,탕후루
10.0,10.0,0.0,5.205065500894321,8.493200193991797,0.6629016019229393,57.66666666666666,1.6666666666666667,-0.2920707358813462,-0.3842825738875769,-0.2341698997161766,0.1829819736851476,0.0,-0.2857142857142857,-0.0776589880978417,0.4724591109237113,8.159297450177997,0,탕후루
10.0,10.0,0.0,3.889482179956248,9.121393785291756,0.6011165180495021,56.0,1.3333333333333333,-0.3065749235474007,-0.1344230248132235,-0.4336834788446484,0.2489887185969188,-0.0117647058823529,-0.3333333333333333,-0.1636563756402527,0.4724591109237113,8.159297450177997,0,탕후루
10.0,10.0,0.0,3.214736833978025,9.5948161161169,0.565080226846393,61.333333333333336,1.0,-0.3424657534246575,-0.0503950175433113,-0.563047782269958,0.3823409682145535,0.0165745856353591,-0.5714285714285714,-0.237869121523558,0.4724591109237113,8.159297450177997,0,탕후루
10.571428571428571,10.142857142857142,0.0571428571428571,3.2686093200713078,9.721726913398449,0.5766484562840523,65.33333333333333,1.6666666666666667,-0.0363836824696802,0.2701912410777204,-0.4127664793047728,0.36753588092059,0.1461988304093566,-0.1666666666666666,-0.1591164920428444,0.4724591109237113,8.159297450177997,0,탕후루
11.0,10.392857142857142,0.1,7.990317139001348,9.409074496525056,0.6753311096729407,70.33333333333333,4.0,2.1372549019607843,2.479720655385442,0.5351040515491059,0.1078361844315363,0.2196531791907514,1.4,0.0187501549459918,0.4724591109237113,8.159297450177997,0,탕후루
11.0,10.642857142857142,0.1,13.008802529579762,8.774773817407839,0.7657413425631044,76.33333333333333,15.0,4.2883295194508015,4.324713201920482,2.3446103948279555,-0.0380007678698007,0.3630952380952379,10.25,0.2738650820106818,0.4724591109237113,8.159297450177997,0,탕후루
11.0,10.892857142857142,0.1,17.792151162790695,3.2724455539887347,0.8469863901523986,80.0,21.5,1.5166015625,-0.6206533394607843,4.53455915107492,-0.6589360844037603,0.3043478260869565,20.5,0.4988781236945259,0.4724591109237113,8.159297450177997,0,탕후루
51.36690647482014,51.36690647482014,0.0,115.83333333333334,1.2686870912657937,0.2916666666666667,5.0,4.5,0.0,0.0,0.0,0.0,0.0,0.0,0.0,0.7830407438908159,1.7923508279730191,0,포켓몬빵
80.14388489208632,65.75539568345323,0.0,116.04575163398692,2.502983023986624,0.3971776589423648,8.666666666666666,5.666666666666667,0.0,0.0,0.0,0.0,0.0,0.0,0.0,0.7830407438908159,1.7923508279730191,0,포켓몬빵
98.12949640287768,76.54676258992805,0.0,95.80964052287582,2.6105530637473247,0.6425554278419076,15.666666666666666,7.666666666666667,3.4296296296296296,0.0,0.0,0.0,0.0,0.0,0.0,0.7830407438908159,1.7923508279730191,1,포켓몬빵
100.0,82.41007194244604,0.0,105.6751375988992,2.7744042028866738,0.6664788001509377,24.33333333333333,10.0,1.9657559198542804,0.0,0.0,0.0,0.0,0.0,0.0,0.7830407438908159,1.7923508279730191,1,포켓몬빵
90.35971223021582,92.15827338129496,0.7591036414565826,83.98652882205515,3.768925366910541,0.6755095563331531,32.666666666666664,9.0,0.636828644501279,-2.7928009851283506,-0.2749364418239843,1.9707288683375916,5.533333333333333,1.0,1.3160327645708103,0.7830407438908159,1.7923508279730191,1,포켓몬빵
94.53237410071942,95.75539568345324,0.1795332136445244,63.548881067918025,4.9989122169305205,0.6066011364961761,39.0,9.0,-0.03734184989559,-2.0030977697498704,-0.4523808052159134,0.997181830250094,3.5,0.588235294117647,0.5272790974987873,0.7830407438908159,1.7923508279730191,1,포켓몬빵
82.58992805755395,91.8705035971223,-0.158357771260997,48.92315007376597,5.203271272240437,0.612707767751538,43.333333333333336,6.666666666666667,-0.1388221153846154,-0.7756507598858944,-0.4893713220635148,0.9931681698020682,1.7659574468085109,-0.1304347826086956,-0.0464514947614965,0.7830407438908159,1.7923508279730191,1,포켓몬빵
71.51079136690647,84.74820143884891,-0.2848920863309352,47.25912890974481,5.217369388129447,0.6184504379706562,47.0,7.666666666666667,0.0118667857598571,0.0492086356554472,-0.5527885746492078,0.8805368672311522,0.9315068493150688,-0.2333333333333332,-0.072062850565396,0.7830407438908159,1.7923508279730191,1,포켓몬빵
60.86330935251798,77.37410071942446,-0.3264331210191082,43.65684610832637,5.309759067337599,0.6434922391428322,51.0,6.0,0.1122121423586881,0.2510342577433035,-0.4801922793972891,0.4088257395476387,0.5612244897959184,-0.3333333333333333,-0.0473972823776461,0.7830407438908159,1.7923508279730191,1,포켓몬빵
52.374100719424455,66.83453237410072,-0.4459665144596652,35.61152447089947,6.130734419966582,0.583538414583792,53.333333333333336,4.0,-0.1293820933165195,-0.1412488790763766,-0.4396199606907388,0.2264136984047768,0.3675213675213675,-0.5555555555555556,-0.0380195824320377,0.7830407438908159,1.7923508279730191,1,포켓몬빵
45.32374100719424,57.51798561151079,-0.4512195121951219,28.221577380952382,6.553277918586892,0.5629422880375982,55.0,2.0,-0.2876145062115699,-0.399826648570258,-0.423144721090116,0.2594534429809125,0.2692307692307691,-0.7,-0.0812222111963177,0.7830407438908159,1.7923508279730191,1,포켓몬빵
44.74820143884892,50.8273381294964,-0.3742454728370221,29.130530440024117,6.665712084919571,0.5722914106181987,57.66666666666666,4.333333333333333,-0.07662224797219,0.0527598453443294,-0.3835999284782116,0.2776001829744681,0.2269503546099289,-0.4347826086956522,-0.0746365828503912,0.7830407438908159,1.7923508279730191,1,포켓몬빵
43.88489208633093,46.582733812949634,-0.2789598108747045,27.775267282129377,6.716014500271691,0.6004143929183593,59.0,4.666666666666667,0.1083318654218779,0.3959463716334478,-0.3637820924303555,0.2648435484736997,0.1568627450980393,-0.2222222222222222,-0.0669438473443828,0.7830407438908159,1.7923508279730191,1,포켓몬빵
40.431654676258994,43.59712230215828,-0.2280219780219778,27.60894904751845,6.831373470058637,0.5829648796468048,60.0,5.666666666666667,0.0261960784313723,0.1028183264035624,-0.2247186982944369,0.1142830535621006,0.125,0.4166666666666667,-0.0009828572081176,0.7830407438908159,1.7923508279730191,1,포켓몬빵
37.84172661870503,41.72661870503597,-0.1650793650793651,25.444202449120883,6.791175165358182,0.6091026630586468,60.66666666666666,4.333333333333333,0.0033375715193897,-0.1049942939024881,-0.0984131713950913,0.0363020231595168,0.103030303030303,1.1666666666666663,0.0819984144057865,0.7830407438908159,1.7923508279730191,0,포켓몬빵
35.8273381294964,39.49640287769784,-0.1993569131832799,27.639503921191864,6.617173265020878,0.6666504850663587,61.66666666666666,4.333333333333333,0.0932436563741976,0.0670475779428252,-0.0511843243603845,-0.0072818656552098,0.0693641618497109,0.0,0.1648794175439953,0.7830407438908159,1.7923508279730191,0,포켓몬빵
32.37410071942446,36.618705035971225,-0.2622950819672129,25.48843566632327,6.753018246728333,0.7096054612138613,62.333333333333336,3.0,0.0600348487248534,0.0566972772054636,-0.0823333792822744,0.005509777630043,0.056497175141243,-0.3571428571428572,0.1818595116695496,0.7830407438908159,1.7923508279730191,0,포켓몬빵
29.784172661870507,33.9568345323741,-0.2633451957295373,22.472378152009263,6.896085413168344,0.6946385113653957,61.66666666666666,2.0,-0.1823266219239373,-0.2755702782981349,-0.1860473170010386,0.0094727573295962,0.0277777777777776,-0.6470588235294118,0.1915615084501307,0.7830407438908159,1.7923508279730191,0,포켓몬빵
36.40287769784173,33.59712230215828,-0.0380228136882127,25.69483983783302,6.688496071973326,0.7140407209080876,63.333333333333336,4.0,0.0539450089659294,-0.0060898397589239,0.0098504714075169,-0.0151194882895412,0.043956043956044,-0.0769230769230768,0.1722830389913052,0.7830407438908159,1.7923508279730191,1,포켓몬빵
37.12230215827337,33.92086330935251,0.0361445783132527,32.413474593609344,5.815092479176688,0.7475961083143033,66.33333333333333,8.0,0.6113201094391245,0.7936467313630619,0.1727227335928112,-0.1212119969842833,0.0756756756756755,0.8461538461538463,0.1214213820603269,0.7830407438908159,1.7923508279730191,1,포켓몬빵
31.942446043165468,33.81294964028777,-0.0133333333333333,35.73279588534442,4.156859190604909,0.7734542724369406,69.0,9.333333333333334,0.5336736140649367,0.4797286050990073,0.4019218893278951,-0.3844442531132206,0.106951871657754,2.111111111111111,0.0899779028107516,0.7830407438908159,1.7923508279730191,1,포켓몬빵
27.338129496402875,33.20143884892086,-0.0821256038647344,27.308174673223217,5.966983876755342,0.7048344015779725,71.33333333333333,6.333333333333333,-0.0870211185397432,-0.6983412279788678,0.215188463299403,-0.1347288324820986,0.1567567567567567,2.1666666666666665,0.0146779800511427,0.7830407438908159,1.7923508279730191,1,포켓몬빵
24.028776978417262,30.107913669064743,-0.3399209486166009,21.564266036993317,6.239705597418016,0.6948372366819079,72.66666666666667,3.333333333333333,-0.3351206434316353,-0.868794257496572,-0.1607549931001266,-0.0670988619453433,0.1473684210526316,-0.1666666666666666,-0.0268941023444118,0.7830407438908159,1.7923508279730191,1,포켓몬빵
21.72661870503597,26.258992805755398,-0.4147286821705425,17.008354706944047,6.6752900591189,0.6666576017209082,74.33333333333333,2.0,-0.3108218063466232,-0.22380068780688,-0.4752690070968997,0.1479250042922792,0.1206030150753769,-0.75,-0.1082650186287047,0.7830407438908159,1.7923508279730191,1,포켓몬빵
21.151079136690644,23.561151079136685,-0.3378378378378379,16.156190204779545,6.647991025074435,0.6764284730779778,73.33333333333333,2.6666666666666665,-0.2112068965517242,0.123913746879911,-0.5478610110269624,0.5992822273364078,0.0628019323671496,-0.7142857142857143,-0.1254447778189411,0.7830407438908159,1.7923508279730191,1,포켓몬빵
20.43165467625899,21.83453237410072,-0.2526315789473684,11.539393520863069,7.122144810614569,0.6071506287992238,71.0,1.6666666666666667,-0.3408669252825096,-0.0300451189358863,-0.5774381239703321,0.1935920990769237,-0.0046728971962616,-0.7368421052631579,-0.1385910968023919,0.7830407438908159,1.7923508279730191,1,포켓몬빵
16.546762589928054,19.964028776978417,-0.311377245508982,8.116756538383433,7.237932345709322,0.5642428345309338,67.0,1.6666666666666667,-0.5334038427639697,-0.3221969462122455,-0.6236015394885592,0.1599797831334175,-0.0779816513761468,-0.5,-0.1879496308727037,0.7830407438908159,1.7923508279730191,0,포켓몬빵
14.388489208633093,18.12949640287769,-0.337748344370861,7.747708919335814,7.049212522652083,0.6027752306491926,64.0,1.3333333333333333,-0.383828045035824,-0.0429611197533144,-0.5444762851651586,0.0560159124504828,-0.1390134529147981,-0.3333333333333333,-0.095824859578305,0.7830407438908159,1.7923508279730191,0,포켓몬빵
13.38129496402878,16.18705035971223,-0.3673469387755099,7.302981269000686,7.135396036023718,0.6052332029374928,61.0,1.3333333333333333,-0.1594257650170004,0.3739780777469692,-0.5479762755677253,0.0733161355228853,-0.1681818181818181,-0.5,-0.1052517346239469,0.7830407438908159,1.7923508279730191,0,포켓몬빵
12.37410071942446,14.172661870503596,-0.3943661971830985,6.692896709025741,7.387509251171334,0.5900692458839556,59.66666666666666,1.0,-0.1690199335548172,0.2148081114810067,-0.4199957998724044,0.037259062770147,-0.15962441314554,-0.4,-0.0281336823269876,0.7830407438908159,1.7923508279730191,0,포켓몬빵
16.402877697841724,14.136690647482016,-0.0086956521739129,4.5994901156191474,7.690345969090668,0.536095855691931,57.333333333333336,1.3333333333333333,-0.4143820224719101,-0.2549562574549097,-0.4333339808988281,0.0625059204441913,-0.1442786069651741,-0.2,-0.0498845126892962,0.7830407438908159,1.7923508279730191,0,포켓몬빵
19.568345323741003,15.431654676258992,0.3599999999999996,5.936055772184804,7.335692107139246,0.5915949202736092,59.0,2.333333333333333,-0.1459270364817592,0.023092897073058,-0.2338308222485877,0.0406399414922706,-0.078125,0.7500000000000002,-0.0185480587242149,0.7830407438908159,1.7923508279730191,1,포켓몬빵
17.26618705035971,16.402877697841724,0.2903225806451608,8.426399231836124,6.600992004129832,0.686130852401686,61.333333333333336,3.6666666666666665,0.9293937068303916,1.3437757293023016,0.1538300485041723,-0.0748947961957398,0.0054644808743169,1.75,0.1336636011896856,0.7830407438908159,1.7923508279730191,1,포켓몬빵
16.115107913669064,17.338129496402875,0.3023255813953489,9.16675923026064,5.470162555235731,0.7059431263847403,62.66666666666666,4.333333333333333,0.5980105324751319,0.7439375689568911,0.3696250859360728,-0.2595389908488569,0.0502793296089385,3.333333333333333,0.1963733600913217,0.7830407438908159,1.7923508279730191,1,포켓몬빵
15.39568345323741,17.086330935251798,-0.0614035087719296,9.012685156186564,5.935689734473812,0.7147938599419024,59.66666666666666,3.0,0.0338106603023071,-0.8955830465280843,0.959496581062518,-0.2281634976721772,0.0406976744186045,1.25,0.3333321874300419,0.7830407438908159,1.7923508279730191,1,포켓몬빵
12.230215827338128,15.251798561151078,-0.3749999999999999,7.251192583955896,6.661094173846804,0.6729901289788472,56.0,1.3333333333333333,-0.289637495422922,-0.887648027898054,0.2215506158034372,-0.0919610479065649,-0.0508474576271186,-0.4285714285714286,0.137586050717936,0.7830407438908159,1.7923508279730191,1,포켓몬빵
9.640287769784171,13.345323741007194,-0.4416666666666667,6.296396041683072,7.038360165552818,0.6476216783813341,54.66666666666666,0.0,-0.3701423624470951,-0.4039530227494022,-0.2527773882473547,0.0662579444346169,-0.108695652173913,-1.0,-0.0561251164928046,0.7830407438908159,1.7923508279730191,1,포켓몬빵
8.345323741007196,11.402877697841726,-0.482142857142857,4.716206549865674,7.573261751534793,0.5777844540676668,55.0,0.0,-0.384020618556701,-0.0943831231337789,-0.4855099352564126,0.3844674038591584,-0.1223404255319148,-1.0,-0.1815424890860497,0.7830407438908159,1.7923508279730191,1,포켓몬빵
7.338129496402877,9.388489208633093,-0.5233644859813085,3.906832690793019,7.849101394132452,0.532619304641629,56.0,0.0,-0.383017715332926,-0.0128753528858309,-0.5665184544795446,0.3223570882665518,-0.0614525139664804,-1.0,-0.2548630668359131,0.7830407438908159,1.7923508279730191,0,포켓몬빵
7.050359712230216,8.093525179856115,-0.4235294117647058,3.398009161381254,8.057300217538078,0.4979947883510638,54.66666666666666,0.6666666666666666,-0.2761506276150628,0.1078699909416381,-0.531386165511623,0.2096061108358358,-0.0238095238095238,-0.5,-0.2600266082554737,0.7830407438908159,1.7923508279730191,1,포켓몬빵
7.050359712230216,7.446043165467626,-0.2686567164179103,3.204305247597931,8.118490279149492,0.4821032285755471,53.333333333333336,0.6666666666666666,-0.205940594059406,0.17707712127352,-0.4910889933884468,0.1534633193230226,-0.0243902439024389,0.0,-0.2555789210445885,0.7830407438908159,1.7923508279730191,1,포켓몬빵
7.050359712230216,7.122302158273381,-0.1551724137931035,2.9748395378690624,8.191588312795016,0.4543291310205729,50.66666666666666,0.6666666666666666,-0.1791907514450866,0.0969598761699761,-0.3692304384010086,0.0816460042642674,-0.0787878787878788,0.0,-0.2136702055203366,0.7830407438908159,1.7923508279730191,0,포켓몬빵
6.330935251798561,6.870503597122303,-0.1372549019607842,2.825752779878195,8.266283240847,0.4366731352597808,50.333333333333336,0.3333333333333333,-0.1820448877805486,0.0238957062788573,-0.2767151799109635,0.0531502685169043,-0.1011904761904761,0.0,-0.1801402400282978,0.7830407438908159,1.7923508279730191,0,포켓몬빵
5.323741007194244,6.438848920863309,-0.2448979591836735,2.9903869262196587,8.292158535961615,0.4709255712391968,48.333333333333336,0.3333333333333333,-0.0295774647887323,0.1496132866563543,-0.119959133658104,0.0291485127874877,-0.1158536585365852,-0.5,-0.0543564265029705,0.7830407438908159,1.7923508279730191,0,포켓몬빵
5.755395683453237,6.115107913669065,-0.1836734693877552,3.681973848069738,8.19788762189192,0.5357185937215356,50.0,1.0,0.3765243902439026,0.5585692780244512,0.1490708791960084,0.009779816198874,-0.0625,0.5,0.1112113795719722,0.7830407438908159,1.7923508279730191,0,포켓몬빵
6.762589928057554,6.043165467625899,-0.0408163265306124,4.084982174688057,8.290098592668977,0.5643615394130792,52.333333333333336,0.6666666666666666,0.505079825834543,0.5346572906232754,0.373177316855958,0.0120257850019258,0.0328947368421053,0.0,0.2421865578932551,0.7830407438908159,1.7923508279730191,0,포켓몬빵
6.330935251798561,6.043165467625899,0.0,3.905689245395127,8.356283848192128,0.5373381027402715,57.0,0.6666666666666666,0.1683277962347731,-0.2081965940091295,0.3821765559984633,0.0108876752372091,0.1324503311258278,1.0,0.2305270449500038,0.7830407438908159,1.7923508279730191,0,포켓몬빵
6.043165467625899,6.2230215827338125,0.1351351351351351,3.3834893988281927,8.547578396070211,0.4816805309959666,56.333333333333336,0.3333333333333333,-0.1427193828351013,-0.6477992086696444,0.1314553876496109,0.0308025780019622,0.1655172413793102,0.0,0.0228379183752309,0.7830407438908159,1.7923508279730191,0,포켓몬빵
6.762589928057554,6.474820143884892,0.175,3.258968579264412,8.516600191552493,0.4953703903493348,56.0,1.3333333333333333,-0.1744075829383887,-0.3427353791731619,-0.1148854625969397,0.0388774016381332,0.1200000000000001,0.3333333333333332,-0.0753160406322833,0.7830407438908159,1.7923508279730191,1,포켓몬빵
7.050359712230216,6.546762589928058,0.0425531914893617,4.362503932799766,8.153259319590251,0.5755619102938844,51.66666666666666,2.0,0.267716535433071,0.4104359182681724,0.0679370793418214,-0.0165063505034469,-0.0127388535031848,2.0,0.0198460917312921,0.7830407438908159,1.7923508279730191,1,포켓몬빵
7.050359712230216,6.726618705035971,0.1136363636363637,4.855566250229171,7.909452223715792,0.6332620415804834,53.333333333333336,2.6666666666666665,0.5602755453501722,0.734683128288561,0.2432034258624045,-0.0534725282905519,-0.0643274853801169,3.0,0.1785169120727285,0.7830407438908159,1.7923508279730191,1,포켓몬빵
5.611510791366906,6.618705035971224,-0.0714285714285714,5.422264791945644,7.817978399335131,0.6571904579153213,52.333333333333336,2.333333333333333,0.3629103815439218,0.0951938461108508,0.6025659172520363,-0.0853575086331488,-0.0710059171597633,6.000000000000001,0.3643699830600468,0.7830407438908159,1.7923508279730191,1,포켓몬빵
5.035971223021583,6.187050359712231,-0.25531914893617,4.347678725091535,8.318884823829464,0.5883047343228465,55.333333333333336,1.6666666666666667,-0.0566593083149374,-0.6169348536651097,0.3340658614367058,-0.0232152928722826,-0.0119047619047618,0.2500000000000002,0.187605770922187,0.7830407438908159,1.7923508279730191,1,포켓몬빵
4.316546762589928,5.503597122302158,-0.3877551020408164,3.970079972492782,8.421821438420027,0.5793407291513971,53.333333333333336,0.6666666666666666,-0.3098958333333333,-0.6728062148772552,-0.0899538353092403,0.0329392342746277,0.0322580645161292,-0.6666666666666667,0.00656544290011,0.7830407438908159,1.7923508279730191,0,포켓몬빵
4.028776978417266,4.748201438848921,-0.4285714285714286,3.20097598687696,8.552563096939977,0.5373391310884944,50.66666666666666,0.0,-0.3931357254290172,-0.3364764171140797,-0.3407615462509895,0.0813091545449726,-0.05,-1.0,-0.1514742779349073,0.7830407438908159,1.7923508279730191,0,포켓몬빵
4.028776978417266,4.35251798561151,-0.282051282051282,2.959767118073118,8.629505628043885,0.5012213573737988,46.66666666666666,0.0,-0.3905660377358489,-0.0806702044025156,-0.4541455956799409,0.1038026951798394,-0.1082802547770701,-1.0,-0.2373270924174297,0.7830407438908159,1.7923508279730191,1,포켓몬빵
4.028776978417266,4.100719424460431,-0.2000000000000001,2.5485883336548976,8.761096972381281,0.4268192875871168,45.333333333333336,0.6666666666666666,-0.2956298200514139,0.0975059053776032,-0.4138048152117678,0.0531576236378583,-0.1807228915662651,-0.6000000000000001,-0.2744928560223187,0.7830407438908159,1.7923508279730191,1,포켓몬빵
4.748201438848921,4.2086330935251794,0.1,2.402223659121209,8.824416466745268,0.3988281395569897,45.333333333333336,0.6666666666666666,-0.1888544891640867,0.2017115485717622,-0.39491806820887,0.0478037953272931,-0.15,0.0,-0.3115827707449767,0.7830407438908159,1.7923508279730191,1,포켓몬빵
3.597122302158273,4.100719424460432,-0.1071428571428571,2.572761677783111,8.741282561969047,0.4324580978304714,44.333333333333336,0.6666666666666666,0.0018248175182482,0.2974546375696622,-0.1962571139769054,0.0220658372104372,-0.1249999999999998,0.0,-0.1951859211250149,0.7830407438908159,1.7923508279730191,1,포켓몬빵
3.021582733812949,3.848920863309353,-0.2500000000000001,2.7282435888573997,8.73508922820713,0.4709209237169294,44.333333333333336,0.0,0.0954198473282443,0.2842743364923311,-0.0782235628614073,0.0122351852718101,-0.0499999999999999,0.0,-0.0604531973969177,0.7830407438908159,1.7923508279730191,0,포켓몬빵
3.021582733812949,3.597122302158273,-0.2500000000000001,2.9309462915601023,8.6882183673164,0.5019625152912087,42.66666666666666,0.3333333333333333,0.0673952641165755,0.0655704465983273,0.1500273515561732,-0.0083184337868449,-0.0588235294117648,-0.5,0.1760539644983936,0.7830407438908159,1.7923508279730191,0,포켓몬빵
3.021582733812949,3.16546762589928,-0.3636363636363637,2.956755304861671,8.790145625924644,0.5032375464549227,43.0,0.3333333333333333,0.0522648083623693,-0.043155038965875,0.2308409725442979,-0.0038836381929358,-0.0514705882352941,-0.5,0.2617904719910406,0.7830407438908159,1.7923508279730191,0,포켓몬빵
3.021582733812949,3.021582733812949,-0.1600000000000001,2.983756269181825,8.761696943597471,0.4965442561666051,40.0,0.6666666666666666,0.0068259385665527,-0.0605693255500228,0.1597484115795981,0.0023353988941212,-0.0977443609022556,0.0,0.1481904458666332,0.7830407438908159,1.7923508279730191,0,포켓몬빵
3.021582733812949,3.021582733812949,0.0,3.006744774928952,8.811817209929671,0.4913952853896938,39.333333333333336,0.6666666666666666,-0.0413907284768212,-0.0936555368391905,0.1020807625862287,0.0087838807043634,-0.1127819548872181,0.0,0.043477281729515,0.7830407438908159,1.7923508279730191,1,포켓몬빵
3.021582733812949,3.021582733812949,0.0,3.2065798840106354,8.864066427401315,0.5068302542000355,40.333333333333336,0.6666666666666666,0.0491525423728813,0.0423266038063285,0.0940425258709933,0.0202398296924057,-0.0546874999999998,1.0,0.0096974151665543,0.7830407438908159,1.7923508279730191,1,포켓몬빵
3.021582733812949,3.021582733812949,0.0,3.339765028032124,8.925066773364598,0.5174280735776194,38.0,0.6666666666666666,0.1001727115716752,0.1415634400484965,0.1295371729073033,0.0153491367699338,-0.1162790697674418,1.0,0.0281984665545376,0.7830407438908159,1.7923508279730191,0,포켓몬빵
3.021582733812949,3.021582733812949,0.0,3.771321976830452,8.885295688659001,0.5610828507174799,37.333333333333336,0.6666666666666666,0.1292407108239095,0.0800881684510281,0.2639510860129956,0.0141067131010332,-0.0666666666666666,0.0,0.1299755132586213,0.7830407438908159,1.7923508279730191,1,포켓몬빵
2.302158273381295,2.841726618705035,-0.238095238095238,3.970244259769128,8.798328128071809,0.5881847782859153,35.0,1.0,0.0894819466248038,-0.0106907649468714,0.3204460494532473,-0.0015307945610426,-0.1101694915254237,0.5,0.1969687047759605,0.7830407438908159,1.7923508279730191,0,포켓몬빵
2.014388489208633,2.5899280575539567,-0.3333333333333332,4.127955523142129,8.756971153911588,0.6070460568944244,35.333333333333336,1.3333333333333333,-0.0300429184549356,-0.1592836292788452,0.2873390567083209,-0.0120819574590129,-0.1239669421487603,1.0,0.1977305061485847,0.7830407438908159,1.7923508279730191,0,포켓몬빵
2.733812949640288,2.5179856115107917,-0.095238095238095,3.9716556826317615,8.74204509008121,0.6149217555595966,36.0,1.6666666666666667,-0.0489913544668588,-0.1384733010916626,0.1892021292803241,-0.0205064777587532,-0.0526315789473684,1.5000000000000004,0.1884197765070667,0.7830407438908159,1.7923508279730191,1,포켓몬빵
2.302158273381295,2.338129496402878,-0.238095238095238,3.433255285214971,8.835412100353407,0.5457924227181118,36.0,1.3333333333333333,-0.196165191740413,-0.1661222732854773,-0.0896414291042854,-0.0056141731297996,-0.0357142857142858,1.0,-0.0272516402520868,0.7830407438908159,1.7923508279730191,0,포켓몬빵
2.014388489208633,2.2661870503597124,-0.125,4.406945516283377,8.434302967363926,0.6178333783053608,38.333333333333336,1.0,0.1833333333333333,0.2323246878001922,0.1099935489963137,-0.0413743560604916,0.0952380952380953,0.0,0.0504069488262637,0.7830407438908159,1.7923508279730191,1,포켓몬빵
2.014388489208633,2.2661870503597124,0.0,5.180922124470512,7.8548389667148895,0.6547981757541429,41.0,0.6666666666666666,0.7100917431192661,0.9062569348596792,0.2550818669012409,-0.1030187460185627,0.1603773584905659,-0.5,0.0786630904152687,0.7830407438908159,1.7923508279730191,0,포켓몬빵
2.014388489208633,2.0863309352517985,-0.2631578947368422,5.805453149001536,7.207415671281278,0.723824486877812,43.333333333333336,0.6666666666666666,0.3725992317541613,0.1892658984208279,0.4617211593615873,-0.1755458137068103,0.2037037037037037,-0.6000000000000001,0.1771001437721304,0.7830407438908159,1.7923508279730191,1,포켓몬빵
2.014388489208633,2.014388489208633,-0.125,4.71959706959707,8.385511071958561,0.6270030802524837,44.0,0.3333333333333333,-0.0557939914163091,-0.7658857345355753,0.3746711728433427,-0.0509202087333142,0.2222222222222223,-0.75,0.1487940362563722,0.7830407438908159,1.7923508279730191,1,포켓몬빵
1.2949640287769784,1.8345323741007191,-0.3571428571428571,3.5654076342600933,8.954744667095449,0.5350728341799268,43.0,0.0,-0.3703358208955223,-0.7429350526496836,-0.1909571785977059,0.0617053598555024,0.1217391304347825,-1.0,-0.133952853684331,0.7830407438908159,1.7923508279730191,1,포켓몬빵
1.7266187050359711,1.7625899280575537,-0.1428571428571429,2.813603882456342,9.19622588703688,0.4561896249874392,41.66666666666666,0.0,-0.4159090909090908,-0.3601150994927816,-0.4569299026582278,0.1707720458695789,0.0162601626016258,-1.0,-0.3033126207750389,0.7830407438908159,1.7923508279730191,0,포켓몬빵
1.2949640287769784,1.5827338129496402,-0.3571428571428571,2.624430093282552,9.242083186303544,0.446454000198051,38.333333333333336,0.0,-0.3748148148148148,-0.0044789939192925,-0.5479370815809752,0.2823019522974952,-0.1153846153846154,-1.0,-0.3832013032277859,0.7830407438908159,1.7923508279730191,0,포켓몬빵
1.0071942446043165,1.3309352517985609,-0.5,2.3338482867894634,9.233235987012652,0.4128099414816682,35.333333333333336,0.0,-0.3190661478599221,0.0968429430491686,-0.5054984032802798,0.1010940070055972,-0.1969696969696969,-1.0,-0.3416141730668428,0.7830407438908159,1.7923508279730191,0,포켓몬빵
1.0071942446043165,1.2589928057553958,-0.2222222222222222,2.24041394335512,9.221516074783358,0.4019397006114273,33.333333333333336,0.0,-0.2417061611374407,0.1331086536773741,-0.3716247416348905,0.02979106804331,-0.2248062015503875,0.0,-0.2488131055514048,0.7830407438908159,1.7923508279730191,0,포켓몬빵
1.7266187050359711,1.2589928057553956,0.0,1.907261278495138,9.23825506901226,0.3675354694723418,33.333333333333336,0.0,-0.2342857142857143,0.0847804335742078,-0.3221287152795459,0.0045702642031253,-0.1999999999999998,0.0,-0.1943361941156344,0.7830407438908159,1.7923508279730191,1,포켓몬빵
2.014388489208633,1.4388489208633093,0.5555555555555556,1.916173934466617,9.27780260102251,0.3620499419279907,31.666666666666668,0.0,-0.2,0.0417061611374406,-0.269870460877878,0.0038648661777791,-0.1739130434782608,0.0,-0.1890543219068883,0.7830407438908159,1.7923508279730191,0,포켓몬빵
1.2949640287769784,1.5107913669064748,0.2857142857142858,1.8513591196518029,9.316658129331952,0.3604595279846356,30.666666666666668,0.0,-0.1007462686567164,0.1335394456289979,-0.2067354462878957,0.0090349843149941,-0.1320754716981131,0.0,-0.1268148080667223,0.7830407438908159,1.7923508279730191,0,포켓몬빵
1.7266187050359711,1.6906474820143884,0.7142857142857142,1.8888002835371256,9.330706632019604,0.3523440113216854,29.666666666666668,0.0,-0.0625,0.1375,-0.1569413816856704,0.0118408465973216,-0.1099999999999999,0.0,-0.1233908698600745,0.7830407438908159,1.7923508279730191,0,포켓몬빵
1.2949640287769784,1.5827338129496402,-0.25,2.0822238812160427,9.322845446052469,0.3865807556648128,30.33333333333333,0.3333333333333333,0.1327800829875518,0.2335263516442682,0.0917349944098657,0.0091565318784005,-0.09,0.0,0.0518189066753576,0.7830407438908159,1.7923508279730191,0,포켓몬빵
1.7266187050359711,1.5107913669064748,-0.1428571428571429,2.399962672639045,9.329882904077936,0.4281971605113517,27.33333333333333,0.3333333333333333,0.2333333333333334,0.2958333333333334,0.2524764216183193,0.0056134308192423,-0.136842105263158,0.0,0.1827019173960182,0.7830407438908159,1.7923508279730191,0,포켓몬빵
2.014388489208633,1.6906474820143884,0.5555555555555556,2.76128263922217,9.29717402021003,0.4912750240327936,26.666666666666668,0.3333333333333333,0.2783882783882783,0.1456081954007264,0.491489473820456,-0.0020913195323309,-0.1304347826086956,0.0,0.3629131314118958,0.7830407438908159,1.7923508279730191,0,포켓몬빵
2.014388489208633,1.762589928057554,0.1666666666666667,3.0016708437761075,9.312632990613428,0.5044844223687683,25.0,0.0,0.1959459459459458,-0.0373873873873875,0.5891944055381688,-0.0019370067154566,-0.1573033707865169,0.0,0.4317950813932829,0.7830407438908159,1.7923508279730191,0,포켓몬빵
2.014388489208633,1.9424460431654675,0.5555555555555556,3.1679387863598394,9.284467114787068,0.5253530923602453,28.666666666666668,0.3333333333333333,0.1260744985673352,-0.152313779820943,0.5214208303622598,-0.0041165898852961,-0.0549450549450548,0.0,0.3589737322976207,0.7830407438908159,1.7923508279730191,0,포켓몬빵
2.014388489208633,2.014388489208633,0.1666666666666667,2.982261414635956,9.344258569990188,0.5073176946989947,29.666666666666668,0.3333333333333333,0.0508474576271187,-0.1450984883188271,0.2426282494454816,0.0015408195429726,0.0853658536585366,0.0,0.184775943150014,0.7830407438908159,1.7923508279730191,1,포켓몬빵
2.014388489208633,2.014388489208633,0.0,2.752665686184392,9.38137563801858,0.4972308485620976,31.666666666666668,0.3333333333333333,-0.0687022900763358,-0.1947767886436711,-0.0031206341992594,0.0090566894440733,0.1875,0.0,0.0121231982859899,0.7830407438908159,1.7923508279730191,1,포켓몬빵
2.014388489208633,2.014388489208633,0.0,2.2915115920515743,9.427033165522603,0.4416142224089312,31.666666666666668,0.0,-0.1639784946236558,-0.2148259522507746,-0.2365879833883289,0.0122844071085466,0.2666666666666666,0.0,-0.124622678465739,0.7830407438908159,1.7923508279730191,1,포켓몬빵
2.014388489208633,2.014388489208633,0.0,2.166820844896701,9.443682309183949,0.4324580710764438,33.0,0.0,-0.1721311475409835,-0.1034288574646477,-0.3160155574260592,0.0171485549389585,0.1511627906976744,-1.0,-0.1768239735040931,0.7830407438908159,1.7923508279730191,1,포켓몬빵
1.2949640287769784,1.8345323741007196,-0.3571428571428571,3.068665377176016,9.039317609387185,0.51703396494769,34.0,0.6666666666666666,0.3408360128617362,0.5048145074853921,0.0289726320154291,-0.0326340456355034,0.146067415730337,1.0,0.0191522400070438,0.7830407438908159,1.7923508279730191,1,포켓몬빵
1.0071942446043165,1.5827338129496402,-0.5,4.359040250529612,8.783035666272436,0.6087213830540014,30.666666666666668,1.0,0.745874587458746,0.9180057349997296,0.5835705267107452,-0.0637795558810516,-0.031578947368421,2.0,0.2242228832227815,0.7830407438908159,1.7923508279730191,0,포켓몬빵
1.0071942446043165,1.330935251798561,-0.5,4.996392496392496,8.465142583048381,0.6585943927007692,30.33333333333333,1.3333333333333333,0.4652278177458033,0.124391804884067,1.180391543173151,-0.1020353451170762,-0.0421052631578947,0.0,0.49133419913029,0.7830407438908159,1.7923508279730191,0,포켓몬빵
1.0071942446043165,1.079136690647482,-0.5,4.164021164021164,9.103129859091228,0.5822018379462327,31.0,0.6666666666666666,0.0453686200378071,-0.7005059674209388,0.921719173889374,-0.0360614047511459,-0.0606060606060605,0.0,0.3462619312366106,0.7830407438908159,1.7923508279730191,0,포켓몬빵
1.0071942446043165,1.0071942446043165,-0.2222222222222222,3.502209772798008,9.121553171670524,0.5638745070138598,33.333333333333336,0.3333333333333333,-0.1080196399345335,-0.5732474576803369,0.141281092049524,0.0090975409690152,-0.0196078431372548,-0.5,0.0905947099063573,0.7830407438908159,1.7923508279730191,0,포켓몬빵
1.0071942446043165,1.0071942446043165,0.0,3.3475612467209106,9.326230955522696,0.5552565212131365,33.666666666666664,0.0,-0.0271247739602169,-0.0724933939980241,-0.2320416756155922,0.0618459619077003,0.0978260869565217,-1.0,-0.0878314173433953,0.7830407438908159,1.7923508279730191,0,포켓몬빵
1.7266187050359711,1.1870503597122302,0.7142857142857142,3.812508336668001,9.404546954855311,0.6079925909757843,34.333333333333336,0.0,0.0954128440366972,0.2034324839712308,-0.2369477899463034,0.1109732485413896,0.131868131868132,-1.0,-0.0768330284706444,0.7830407438908159,1.7923508279730191,1,포켓몬빵
1.2949640287769784,1.2589928057553956,0.2857142857142858,4.025052328623757,9.538799137922142,0.6251103107389399,37.0,0.0,0.178438661710037,0.205563435670254,-0.0333737101526173,0.047859284177498,0.1935483870967742,-1.0,0.0737003389478647,0.7830407438908159,1.7923508279730191,1,포켓몬빵
1.0071942446043165,1.2589928057553956,0.0,4.031710310965631,9.501860050555646,0.631316571136197,36.66666666666666,0.0,0.0519262981574539,-0.0434865458792432,0.1511904119165856,0.0416932151496161,0.0999999999999998,-1.0,0.1196047405645162,0.7830407438908159,1.7923508279730191,0,포켓몬빵
1.0071942446043165,1.2589928057553956,0.0,3.587265866521186,9.423054521960546,0.5914511564040444,33.666666666666664,0.3333333333333333,-0.1624605678233438,-0.3408992295333809,0.071605745835144,0.0103818538163604,0.0,0.0,0.0651854301716783,0.7830407438908159,1.7923508279730191,0,포켓몬빵
1.0071942446043165,1.079136690647482,-0.4166666666666666,3.23491906078455,9.4380426866906,0.560902937182617,32.333333333333336,0.3333333333333333,-0.2038216560509554,-0.2557479542084094,-0.1514984951844705,0.0035616528894031,-0.0582524271844659,0.0,-0.0774510322857583,0.7830407438908159,1.7923508279730191,0,포켓몬빵
1.0071942446043165,1.0071942446043165,-0.2222222222222222,2.8495762711864407,9.503832388137935,0.5141764687021266,33.333333333333336,0.3333333333333333,-0.1035781544256121,0.0588824133977317,-0.2920399441960135,-0.0036657391856794,-0.099099099099099,0.0,-0.1774628255702243,0.7830407438908159,1.7923508279730191,0,포켓몬빵
1.0071942446043165,1.0071942446043165,0.0,3.1387176853278547,9.315258060433848,0.5566085886407358,32.666666666666664,0.3333333333333333,0.006,0.2098216560509554,-0.221492259304686,-0.0196384696395192,-0.1090909090909091,0.0,-0.118336799493489,0.7830407438908159,1.7923508279730191,0,포켓몬빵
1.0071942446043165,1.0071942446043165,0.0,2.860722610722611,9.370863608625283,0.5235622592359571,31.666666666666668,0.6666666666666666,-0.1554621848739495,-0.0518840304483374,-0.2025339862816336,-0.0055386407044161,-0.0594059405940593,1.0,-0.1147836071212441,0.7830407438908159,1.7923508279730191,0,포켓몬빵
1.0071942446043165,1.0071942446043165,0.0,3.14008769008769,8.83815526223427,0.5775905732642711,28.0,1.0,-0.2584493041749502,-0.2644493041749503,-0.0293149129591703,-0.0635605754678649,-0.1340206185567011,2.0,0.0297513793838826,0.7830407438908159,1.7923508279730191,0,포켓몬빵
1.0071942446043165,1.0071942446043165,0.0,2.602930402930403,9.198627590678518,0.4949714453974183,28.0,0.6666666666666666,-0.2587064676616916,-0.103244282787742,-0.0865552786742377,-0.0321138657538147,-0.16,1.0,-0.0373510350506417,0.7830407438908159,1.7923508279730191,0,포켓몬빵
1.0071942446043165,1.0071942446043165,0.0,2.643191311612364,8.899455935221503,0.5177099422729303,26.0,0.6666666666666666,-0.1957104557640751,0.0627388484108751,-0.1578754202813019,-0.0446366727056597,-0.2040816326530611,1.0,-0.0698850990833572,0.7830407438908159,1.7923508279730191,0,포켓몬빵
1.0071942446043165,1.0071942446043165,0.0,3.456418824839877,8.894758173203028,0.5586164074368213,26.666666666666668,0.3333333333333333,0.3120805369127517,0.5707870045744433,0.2082327772306433,-0.0508069965914379,-0.1578947368421053,-0.5,0.0669531609326066,0.7830407438908159,1.7923508279730191,0,포켓몬빵
1.0071942446043165,1.0071942446043165,0.0,4.30896686159844,7.866797467211753,0.641020868201135,25.33333333333333,1.0,0.6000000000000001,0.7957104557640752,0.3722441176405835,-0.109905038574414,-0.0952380952380952,0.0,0.109818784919542,0.7830407438908159,1.7923508279730191,0,포켓몬빵
1.7266187050359711,1.1870503597122302,0.7142857142857142,4.472124756335282,6.336005089694243,0.6548276754954632,24.0,0.6666666666666666,0.2915601023017902,-0.0205204346109615,0.7181115374043514,-0.3112010430648513,-0.1428571428571429,0.0,0.322960509307147,0.7830407438908159,1.7923508279730191,0,포켓몬빵
2.014388489208633,1.4388489208633093,1.0,3.919936204146731,8.008834660760703,0.6228167157788018,24.0,1.3333333333333333,-0.0062499999999999,-0.6062500000000001,0.4830315864482559,-0.100075923847881,-0.0769230769230768,1.0,0.2030225130396674,0.7830407438908159,1.7923508279730191,0,포켓몬빵
3.4532374100719423,2.0503597122302155,2.4285714285714284,5.60920745920746,7.958236697672703,0.6671528620015234,27.0,3.0,0.5940594059405939,0.3024993036388037,0.622837897680792,-0.1052891441559091,0.0124999999999999,8.0,0.1942951426412897,0.7830407438908159,1.7923508279730191,1,포켓몬빵
2.5899280575539567,2.446043165467626,1.5714285714285716,6.715617715617717,7.865690049627791,0.7024777298727131,30.33333333333333,4.0,1.1299790356394133,1.1362290356394134,0.5585215508309835,-0.0001407710810628,0.1973684210526316,3.0,0.0958734180433804,0.7830407438908159,1.7923508279730191,0,포켓몬빵
2.733812949640288,2.697841726618705,0.5833333333333335,6.607962213225371,6.360429583438531,0.6809741276068603,32.0,4.0,0.303105590062112,-0.2909538158784819,0.4775889701789799,0.0038548728100005,0.3333333333333332,5.0,0.0399287523875864,0.7830407438908159,1.7923508279730191,1,포켓몬빵
2.302158273381295,2.7697841726618706,0.1428571428571428,4.571103238866397,8.373468071759254,0.5931234079134251,31.0,1.6666666666666667,-0.2942913385826772,-1.4242703742220906,0.1661167429283223,0.0455288973294794,0.2916666666666667,0.2500000000000002,-0.0476758364268478,0.7830407438908159,1.7923508279730191,0,포켓몬빵
2.733812949640288,2.5899280575539567,-0.2083333333333332,3.640964168896818,9.032643560100048,0.5465221773688916,31.0,1.0,-0.4299332697807435,-0.7330388598428556,-0.3508950782484947,0.1350056429889228,0.1481481481481481,-0.6666666666666667,-0.1808141604470194,0.7830407438908159,1.7923508279730191,1,포켓몬빵
3.021582733812949,2.697841726618705,0.1666666666666665,3.219326741996233,9.487480903497332,0.5063360312524268,32.333333333333336,0.6666666666666666,-0.2566248256624825,0.0376665129201946,-0.5206209051314183,0.206185451452703,0.0659340659340661,-0.8333333333333334,-0.2792141163760829,0.7830407438908159,1.7923508279730191,1,포켓몬빵
2.302158273381295,2.5899280575539567,-0.1578947368421054,2.829445789615281,9.59946928664698,0.4824761985584753,35.333333333333336,1.0,-0.1705685618729097,0.2593647079078338,-0.5718126559573322,0.5092485752286848,0.1041666666666667,-0.75,-0.2914911462876923,0.7830407438908159,1.7923508279730191,1,포켓몬빵
2.014388489208633,2.5179856115107917,-0.125,4.944231513743708,9.275277390092176,0.5718405203328838,34.333333333333336,1.6666666666666667,0.2926829268292683,0.5493077524917509,0.0816276192812142,0.1076984244287506,0.1075268817204302,0.0,-0.035882730805404,0.7830407438908159,1.7923508279730191,1,포켓몬빵
2.014388489208633,2.3381294964028774,-0.2631578947368422,5.0680410375532325,8.735472382743364,0.5955615907165384,31.0,1.3333333333333333,0.3346774193548385,0.5052459812277482,0.3919502643962593,-0.0328996904814644,0.0,0.3333333333333332,0.0897299604267405,0.7830407438908159,1.7923508279730191,0,포켓몬빵
1.2949640287769784,1.906474820143885,-0.5714285714285714,7.79634791586011,6.924111751791601,0.7328545841991719,28.0,1.3333333333333333,0.4571843251088536,0.1645013982795853,1.421732411984304,-0.2701843806358341,-0.1340206185567011,1.0,0.4473680302514704,0.7830407438908159,1.7923508279730191,0,포켓몬빵
1.0071942446043165,1.5827338129496402,-0.5625,6.335449735449735,7.085936757404667,0.7102912824418673,27.0,0.3333333333333333,0.2537764350453173,-0.0809009843095212,1.2391133128269494,-0.2618407803792527,-0.2358490566037736,-0.6666666666666667,0.4721789065741473,0.7830407438908159,1.7923508279730191,0,포켓몬빵
1.0071942446043165,1.330935251798561,-0.5,7.032507420312299,6.321193530230488,0.7799930468414048,27.33333333333333,0.3333333333333333,-0.0906374501992033,-0.547821775308057,0.4223661252034241,-0.3184900823577773,-0.2038834951456312,-0.8,0.364004506688945,0.7830407438908159,1.7923508279730191,0,포켓몬빵
1.7266187050359711,1.2589928057553956,-0.1428571428571429,4.401643222781433,7.033237937878951,0.6639851622060692,27.666666666666668,0.3333333333333333,-0.2987951807228916,-0.5525716157682089,-0.1314902167985453,-0.1948646129575225,-0.1075268817204301,-0.75,0.1148891610139066,0.7830407438908159,1.7923508279730191,1,포켓몬빵
2.014388489208633,1.4388489208633093,0.5555555555555556,3.434642387359545,8.574466277179052,0.5795438962384167,31.666666666666668,0.3333333333333333,-0.4501642935377874,-0.3595268433385841,-0.5594549621916625,0.2383489152901705,0.1309523809523809,-0.75,-0.2091966008895007,0.7830407438908159,1.7923508279730191,1,포켓몬빵
1.2949640287769784,1.5107913669064748,0.2857142857142858,2.7448862897985697,9.270879944424388,0.4992693230052008,33.0,0.3333333333333333,-0.240549828178694,0.0582453525441974,-0.5667416830032322,0.3083492362158746,0.2222222222222223,0.0,-0.2970921432559427,0.7830407438908159,1.7923508279730191,1,포켓몬빵
1.0071942446043165,1.5107913669064748,0.0,2.708157894736841,9.655918636771748,0.4813051614326251,32.333333333333336,0.0,-0.2031872509960159,0.2469770425417714,-0.6149086331690528,0.5275467505611502,0.1829268292682928,-1.0,-0.3829366000355021,0.7830407438908159,1.7923508279730191,0,포켓몬빵
1.0071942446043165,1.330935251798561,-0.4166666666666666,2.5332352941176466,9.76678511629899,0.4399151388813198,28.0,0.0,-0.2805429864253393,-0.0399931582466452,-0.4244796395567756,0.3886612684746464,0.0120481927710842,-1.0,-0.337462395364806,0.7830407438908159,1.7923508279730191,0,포켓몬빵
1.0071942446043165,1.079136690647482,-0.5,2.327521008403361,9.791281302248372,0.4203828944215391,27.0,0.0,-0.325,-0.121812749003984,-0.3223396365894464,0.1419114596447681,-0.1473684210526316,-1.0,-0.274631486674136,0.7830407438908159,1.7923508279730191,0,포켓몬빵
1.0071942446043165,1.0071942446043165,-0.2222222222222222,2.1914098972922496,9.812603403206928,0.408034852765245,26.33333333333333,0.0,-0.1477987421383648,0.1327442442869745,-0.2016390968774652,0.0584327983999337,-0.2020202020202021,-1.0,-0.1827359824368889,0.7830407438908159,1.7923508279730191,0,포켓몬빵
1.0071942446043165,1.0071942446043165,0.0,2.120718462823725,9.83422988656961,0.4138858988639691,27.33333333333333,0.0,0.0074074074074075,0.3324074074074076,-0.2169147644805987,0.0184665236426926,-0.154639175257732,0.0,-0.1400759185045507,0.7830407438908159,1.7923508279730191,0,포켓몬빵
1.0071942446043165,1.0071942446043165,0.0,2.3251319355298805,9.786998967779065,0.4454202371038258,28.0,0.0,0.088560885608856,0.2363596277472208,-0.0821492417506565,0.0020696525253065,0.0,0.0,0.01251400039677,0.7830407438908159,1.7923508279730191,0,포켓몬빵
1.0071942446043165,1.0071942446043165,0.0,2.6162430466409923,9.795523821203767,0.4857064494295118,29.0,0.6666666666666666,0.2610294117647058,0.2536220043572983,0.1240470170603054,0.0004332955845545,0.0740740740740741,0.0,0.1553906114516388,0.7830407438908159,1.7923508279730191,0,포켓몬빵
1.0071942446043165,1.0071942446043165,0.0,2.528523748395378,9.779040761736937,0.4643587740570685,28.666666666666668,0.6666666666666666,0.1288135593220338,0.0402526737131778,0.1538342286030893,-0.0034203605394899,0.0886075949367088,0.0,0.1380370350966768,0.7830407438908159,1.7923508279730191,0,포켓몬빵
1.0071942446043165,1.0071942446043165,0.0,2.1931578947368418,9.870282092344803,0.3991089743239727,27.33333333333333,0.6666666666666666,-0.1749271137026239,-0.4359565254673297,0.0341579673035259,0.0036659917645844,0.0,0.0,-0.035702894398084,0.7830407438908159,1.7923508279730191,0,포켓몬빵
1.0071942446043165,1.0071942446043165,0.0,1.9020467836257309,9.87958656801861,0.3730380991302904,25.33333333333333,0.0,-0.3723723723723723,-0.5011859316944062,-0.1819617826580373,0.0094602646372359,-0.0952380952380952,0.0,-0.1625030295977848,0.7830407438908159,1.7923508279730191,0,포켓몬빵
1.0071942446043165,1.0071942446043165,0.0,1.9960317460317456,9.88836784448769,0.4031615822803562,23.0,0.0,-0.2968197879858657,-0.1218926742832418,-0.2370618056321406,0.0094782091268001,-0.2068965517241379,-1.0,-0.1699480565804899,0.7830407438908159,1.7923508279730191,0,포켓몬빵
1.0071942446043165,1.0071942446043165,0.0,1.886382623224728,9.87117111363694,0.3820826503827109,23.33333333333333,0.0,-0.0909090909090909,0.2814632814632813,-0.2539589060922042,0.009421205427478,-0.186046511627907,-1.0,-0.1771822312207374,0.7830407438908159,1.7923508279730191,0,포켓몬빵
1.0071942446043165,1.0071942446043165,0.0,1.957263849278368,9.8794095004282,0.3851619511881486,22.666666666666668,0.3333333333333333,-0.0904522613065326,0.2063675266793331,-0.1075590800026637,0.0009247362940592,-0.1707317073170731,-0.5,-0.0349454009633537,0.7830407438908159,1.7923508279730191,0,포켓몬빵
1.0071942446043165,1.0071942446043165,0.0,2.186787658802177,9.888027161156591,0.4229080781246804,22.0,0.3333333333333333,0.0105263157894737,0.1014354066985646,0.1497023509767023,0.0008543467967887,-0.131578947368421,0.0,0.1336860205717807,0.7830407438908159,1.7923508279730191,0,포켓몬빵
1.7266187050359711,1.1870503597122302,0.7142857142857142,2.2626529978254117,9.89775760286945,0.45233526199535,22.666666666666668,0.3333333333333333,0.0994475138121546,0.1898997751186872,0.1335756569622339,0.0009495761615498,-0.0144927536231883,0.0,0.1219701526044678,0.7830407438908159,1.7923508279730191,1,포켓몬빵
2.014388489208633,1.4388489208633093,1.0,2.256216216216216,9.906220855325008,0.4605275500321226,22.33333333333333,0.0,-0.015625,-0.0261513157894737,0.1960543891987647,0.0035507176691169,-0.0428571428571428,0.0,0.2053087193852896,0.7830407438908159,1.7923508279730191,1,포켓몬빵
1.2949640287769784,1.5107913669064748,0.2857142857142858,1.861216216216216,9.92508315210645,0.3850191534367695,24.33333333333333,0.0,-0.0804020100502511,-0.1798495238624058,-0.0490723992565255,0.0046231155491907,0.0735294117647058,-1.0,-0.0003707472945824,0.7830407438908159,1.7923508279730191,1,포켓몬빵
1.0071942446043165,1.5107913669064748,0.0,1.92625,9.944062645467582,0.3900550399067349,23.0,0.0,-0.0423280423280423,-0.0267030423280423,-0.1191417272516017,0.0056670034778134,0.0454545454545454,-1.0,-0.0776836384011087,0.7830407438908159,1.7923508279730191,0,포켓몬빵
1.0071942446043165,1.330935251798561,-0.4166666666666666,1.825297619047619,9.952491602560508,0.3597833153977222,24.0,0.0,0.0601092896174864,0.1405112996677375,-0.1932931736320707,0.0055299393950796,0.0588235294117647,-1.0,-0.2046091790177067,0.7830407438908159,1.7923508279730191,0,포켓몬빵
1.0071942446043165,1.079136690647482,-0.5,2.045911654135338,9.950684346995974,0.4031806158383663,24.33333333333333,0.3333333333333333,0.1933701657458564,0.2356982080738987,-0.0932111738978495,0.0044884413865116,0.0895522388059701,0.0,-0.1245244376579777,0.7830407438908159,1.7923508279730191,0,포켓몬빵
1.0071942446043165,1.0071942446043165,-0.2222222222222222,2.1944862155388467,9.958169017137882,0.4256174581145224,26.666666666666668,0.3333333333333333,0.2577319587628863,0.1976226691453999,0.1790603350749631,0.0033335604875419,0.0958904109589042,0.0,0.1054448962223386,0.7830407438908159,1.7923508279730191,0,포켓몬빵
1.0071942446043165,1.0071942446043165,0.0,2.213317384370016,9.978548207978433,0.4320713984394304,28.33333333333333,0.3333333333333333,0.2268518518518518,0.0334816861059954,0.1490291417884575,0.0034679550743343,0.2318840579710144,0.0,0.1077190504774452,0.7830407438908159,1.7923508279730191,0,포켓몬빵
1.0071942446043165,1.0071942446043165,0.0,2.1177033492822965,10.009859652203614,0.4012300605547489,30.0,0.0,0.0573770491803278,-0.2003549095825585,0.1601961933129818,0.0057641897058569,0.25,0.0,0.1151991862413337,0.7830407438908159,1.7923508279730191,0,포켓몬빵
1.0071942446043165,1.0071942446043165,0.0,2.130055658627087,10.01815637368601,0.4040429219364461,30.666666666666668,0.0,0.0754716981132075,-0.1513801537386443,0.0411278777955399,0.0067806418470508,0.2602739726027399,-1.0,0.0021387588197581,0.7830407438908159,1.7923508279730191,1,포켓몬빵
1.0071942446043165,1.0071942446043165,0.0,2.1106953892668177,10.041825248464445,0.3827026667252231,29.666666666666668,0.0,0.0310077519379845,-0.0263692972423432,-0.0381824345392183,0.0084007643556349,0.1125,-1.0,-0.1008294903583396,0.7830407438908159,1.7923508279730191,1,포켓몬빵
1.0071942446043165,1.0071942446043165,0.0,2.3588435374149657,10.01538994007924,0.447803116104023,28.0,0.3333333333333333,0.0,-0.0754716981132075,0.0657502417288298,0.0036920934120809,-0.0117647058823529,0.0,0.0364099954808694,0.7830407438908159,1.7923508279730191,0,포켓몬빵
1.0071942446043165,1.0071942446043165,0.0,2.3207070707070705,10.023779528702391,0.4495460430709689,25.33333333333333,0.3333333333333333,-0.0827067669172932,-0.1137145188552778,0.0958603203293668,0.0013906165503241,-0.1555555555555555,0.0,0.1204196476440906,0.7830407438908159,1.7923508279730191,0,포켓몬빵
0.2877697841726618,0.8273381294964028,-0.7142857142857144,2.258328903065745,10.015100100115504,0.4508549873005952,25.33333333333333,0.3333333333333333,-0.1543859649122807,-0.1543859649122807,0.060220606874346,-0.0003050734542867,-0.1739130434782609,0.0,0.115859139766127,0.7830407438908159,1.7923508279730191,0,포켓몬빵
0.7194244604316546,0.7553956834532374,-0.2857142857142857,2.0164307549175966,10.043811056207833,0.3857316441489015,24.666666666666668,0.0,-0.151639344262295,-0.0689325773450018,-0.0446604634797469,0.0001977536647228,-0.1685393258426966,0.0,0.0079147016392577,0.7830407438908159,1.7923508279730191,0,포켓몬빵
1.0071942446043165,0.7553956834532374,0.0,1.973501461988304,10.062000420441263,0.3573948515655336,22.33333333333333,0.0,-0.2365145228215767,-0.0821285579092959,-0.1633605914570132,0.0046538857339442,-0.2023809523809524,-1.0,-0.201892888385993,0.7830407438908159,1.7923508279730191,0,포켓몬빵
1.0071942446043165,0.7553956834532374,0.0,1.9548611111111107,10.057885511311236,0.3490476190476191,21.666666666666668,0.3333333333333333,-0.1739130434782608,-0.0222736992159657,-0.1576441784548423,0.0034025072589818,-0.144736842105263,0.0,-0.2235553522767508,0.7830407438908159,1.7923508279730191,0,포켓몬빵
1.0071942446043165,0.935251798561151,2.500000000000001,2.106691919191919,10.03429479474289,0.3905429292929294,22.666666666666668,0.6666666666666666,0.0217391304347824,0.2582536532563592,-0.0671456596370769,0.0019165754146746,-0.1052631578947367,1.0,-0.133772631348213,0.7830407438908159,1.7923508279730191,0,포켓몬빵
1.7266187050359711,1.1870503597122302,1.4,2.604555167055167,9.599720505228277,0.4700273516805775,24.33333333333333,1.6666666666666667,0.3508771929824561,0.524790236460717,0.2916660592997178,-0.0442153430101689,-0.0135135135135135,0.0,0.2185345921454549,0.7830407438908159,1.7923508279730191,1,포켓몬빵
1.2949640287769784,1.2589928057553956,0.2857142857142858,2.7503885003885,8.939545910074447,0.4983838331620591,25.33333333333333,1.3333333333333333,0.3031914893617022,0.2814523589269198,0.3936592160501784,-0.1115538127077112,0.1343283582089551,0.0,0.3944908019210036,0.7830407438908159,1.7923508279730191,1,포켓몬빵
1.0071942446043165,1.2589928057553956,0.0,2.521255060728745,8.972688423608652,0.447373732151958,25.0,1.0,0.0,-0.3508771929824561,0.2897361589518272,-0.10789515216515,0.1538461538461537,2.0,0.2816982776522669,0.7830407438908159,1.7923508279730191,0,포켓몬빵
1.7266187050359711,1.4388489208633093,0.7142857142857142,2.069688109161793,9.269468039492743,0.4057905443322111,24.33333333333333,0.3333333333333333,-0.1918367346938776,-0.4950282240555799,-0.0175648891482528,-0.0762212762227046,0.0735294117647058,-0.5,0.0390420972846372,0.7830407438908159,1.7923508279730191,1,포켓몬빵
1.2949640287769784,1.330935251798561,-0.25,1.8196881091617931,9.753925363800349,0.3559371492704826,22.666666666666668,0.3333333333333333,-0.2597402597402597,-0.2597402597402597,-0.3013439944836267,0.0160634737738547,-0.0684931506849314,-0.8,-0.2427309857653318,0.7830407438908159,1.7923508279730191,1,포켓몬빵
1.0071942446043165,1.2589928057553956,-0.2222222222222222,1.812169312169312,9.71955011591127,0.3609876543209877,21.666666666666668,0.3333333333333333,-0.2272727272727273,-0.0354359925788496,-0.3411224225547271,0.0872532244571611,-0.144736842105263,-0.75,-0.2756834586092891,0.7830407438908159,1.7923508279730191,1,포켓몬빵
1.0071942446043165,1.2589928057553956,0.0,1.6825396825396826,9.995950604411828,0.3071015712682379,20.666666666666668,0.3333333333333333,-0.1988304093567251,0.0609098503835345,-0.3326578858493753,0.1140418715655835,-0.1733333333333333,-0.6666666666666667,-0.3135458137181695,0.7830407438908159,1.7923508279730191,0,포켓몬빵
1.0071942446043165,1.079136690647482,-0.4166666666666666,1.6652983032293376,9.924859309397014,0.2966643031298204,21.0,0.3333333333333333,-0.1241830065359477,0.1030897207367795,-0.1953868334761946,0.0707043022438789,-0.136986301369863,0.0,-0.2689225826638574,0.7830407438908159,1.7923508279730191,0,포켓몬빵
0.2877697841726618,0.8273381294964028,-0.7777777777777778,1.7813697318007662,9.913258698378058,0.2935077374732547,18.0,0.3333333333333333,-0.1313868613138686,0.0674435480428564,-0.0210576621169865,0.0163353038530562,-0.2058823529411765,0.0,-0.1753944816526771,0.7830407438908159,1.7923508279730191,0,포켓몬빵
0.7194244604316546,0.7553956834532374,-0.2857142857142857,1.8924808429118771,9.623148996639006,0.3453045517700691,19.0,0.3333333333333333,0.0447761194029849,0.1689591259389327,0.0443178957966274,-0.0099182696855949,-0.123076923076923,0.0,-0.0434449831266897,0.7830407438908159,1.7923508279730191,1,포켓몬빵
1.0071942446043165,0.7553956834532374,0.0,1.9481837606837609,9.53853588468358,0.3530094905094905,15.0,0.3333333333333333,0.0,0.1313868613138686,0.1578828011611031,-0.0457600020078492,-0.2741935483870968,0.0,0.1494877380524837,0.7830407438908159,1.7923508279730191,1,포켓몬빵
1.0071942446043165,0.7553956834532374,0.0,1.736874236874237,9.65281423120224,0.3328856328856329,16.0,0.3333333333333333,-0.1714285714285714,-0.2162046908315564,0.0429808482396816,-0.0274104719990537,-0.2380952380952381,0.0,0.1220953426943385,0.7830407438908159,1.7923508279730191,1,포켓몬빵
0.2877697841726618,0.7553956834532374,0.0,1.547985347985348,9.950373868499106,0.2833931115181116,14.0,0.0,-0.3025210084033612,-0.3025210084033612,-0.1310140054863807,0.0037439928937919,-0.2222222222222222,-1.0,-0.0344611901622009,0.7830407438908159,1.7923508279730191,0,포켓몬빵
0.0,0.5755395683453237,-1.0,1.492282430213465,10.128103426858097,0.2817089719029375,18.0,0.0,-0.1034482758620689,0.0679802955665025,-0.2114676162759168,0.0524728891130594,-0.0526315789473684,-1.0,-0.184172434279055,0.7830407438908159,1.7923508279730191,0,포켓몬빵
0.0,0.3237410071942446,-1.0,1.4560919540229884,10.08447267078329,0.2649893951833607,19.33333333333333,0.0,0.2891566265060239,0.5916776349093852,-0.2525900362130424,0.0572348621108971,0.2888888888888887,-1.0,-0.2493420083383377,0.7830407438908159,1.7923508279730191,0,포켓몬빵
0.7194244604316546,0.2517985611510791,-0.2857142857142857,1.465968497232865,9.836424506725272,0.2506901527591183,21.0,0.0,0.1442307692307691,0.2476790450928381,-0.1559731464086352,0.0190214243354567,0.3125,-1.0,-0.2469180763795652,0.7830407438908159,1.7923508279730191,0,포켓몬빵
1.0071942446043165,0.4316546762589928,2.500000000000001,1.469320987654321,9.725273213452928,0.2497186147186147,20.0,0.0,0.0467289719626169,-0.2424276545434069,-0.0508172512313545,-0.0226223313838289,0.4285714285714286,0.0,-0.1188260950278767,0.7830407438908159,1.7923508279730191,1,포켓몬빵
1.0071942446043165,0.6834532374100719,0.0,1.7404320987654318,9.805814235498948,0.3199269480519481,21.0,0.0,0.2016806722689075,0.0574499030381383,0.1662886753390711,-0.0318212776643342,0.1666666666666667,0.0,0.135664746106058,0.7830407438908159,1.7923508279730191,1,포켓몬빵
1.0071942446043165,0.935251798561151,0.0,1.8739898989898989,9.8150300293709,0.3680198170403395,22.0,0.3333333333333333,0.4821428571428572,0.4354138851802402,0.2869996938121344,-0.0267185652843325,0.1379310344827586,0.0,0.3888096041944862,0.7830407438908159,1.7923508279730191,0,포켓몬빵
1.0071942446043165,1.0071942446043165,0.3999999999999999,1.9950216450216447,9.665553266128413,0.3790609001402461,22.33333333333333,0.6666666666666666,0.2727272727272727,0.0710466004583652,0.3608898477609927,-0.0173712755564822,0.0634920634920634,0.0,0.5120693651835457,0.7830407438908159,1.7923508279730191,0,포켓몬빵
0.2877697841726618,0.8273381294964028,-0.7142857142857144,1.8172438672438675,9.334732404792671,0.3414451593995053,22.0,0.6666666666666666,0.0,-0.4821428571428572,0.2367916081733667,-0.0401573097319283,0.1,0.0,0.3673196120531459,0.7830407438908159,1.7923508279730191,0,포켓몬빵
0.7194244604316546,0.7553956834532374,-0.2857142857142857,1.5404761904761903,9.385673783739918,0.2510543106131342,19.33333333333333,0.3333333333333333,-0.3241758241758241,-0.5969030969030968,-0.1148886580700732,-0.0428460545620006,-0.0793650793650794,0.0,-0.2152761368124286,0.7830407438908159,1.7923508279730191,0,포켓몬빵
1.0071942446043165,0.7553956834532374,0.0,1.4125,9.351249602824062,0.2274959742351047,17.333333333333332,0.0,-0.4277108433734939,-0.4277108433734939,-0.2462606117773884,-0.0472520639426472,-0.2121212121212121,-1.0,-0.3818377062826257,0.7830407438908159,1.7923508279730191,0,포켓몬빵
1.0071942446043165,0.7553956834532374,0.0,3.420833333333333,8.901217108293043,0.3943599693777884,17.333333333333332,0.6666666666666666,0.869918699186992,1.1940945233628162,0.7146848215254418,-0.0790783659031583,-0.2238805970149253,0.0,0.0403604519270699,0.7830407438908159,1.7923508279730191,0,포켓몬빵
1.0071942446043165,0.935251798561151,2.500000000000001,4.110576923076923,8.177478044834498,0.5649042127161493,17.666666666666668,0.6666666666666666,2.063157894736842,2.490868738110336,1.26198420430564,-0.123972954957339,-0.1969696969696969,0.0,0.6544507870887324,0.7830407438908159,1.7923508279730191,1,포켓몬빵
1.0071942446043165,1.0071942446043165,0.3999999999999999,4.387820512820513,5.136085160647005,0.6607356565118526,19.33333333333333,0.6666666666666666,0.4217391304347826,-0.4481795687522094,1.848353346807752,-0.4527739532621574,0.0,1.0,1.6318435038943535,0.7830407438908159,1.7923508279730191,1,포켓몬빵
1.0071942446043165,1.0071942446043165,0.0,2.4190705128205123,5.852411323439788,0.5092967455442531,20.33333333333333,0.0,-0.316151202749141,-2.379309097485983,0.7126162922623098,-0.3741572974725892,0.1730769230769231,0.0,1.23870662879477,0.7830407438908159,1.7923508279730191,0,포켓몬빵
1.0071942446043165,1.0071942446043165,0.0,2.0879476127320955,6.287555695219804,0.4409599212236559,23.666666666666668,0.0,-0.4495412844036697,-0.8712804148384523,-0.389637725876123,-0.2936296667382886,0.3653846153846156,-1.0,0.1181660296794113,0.7830407438908159,1.7923508279730191,0,포켓몬빵
0.2877697841726618,0.8273381294964028,-0.7142857142857144,1.857853145795523,6.560067540497807,0.3775496571889494,22.33333333333333,0.0,-0.2412060301507537,0.0749451725983872,-0.5480310475725512,-0.1977884251683644,0.2641509433962263,-1.0,-0.3316572107444011,0.7830407438908159,1.7923508279730191,0,포켓몬빵
0.7194244604316546,0.7553956834532374,-0.2857142857142857,1.7359168712857194,7.040808536484945,0.3283270926690703,19.33333333333333,0.0,-0.3388888888888889,0.1106523955147807,-0.6043783317449638,0.3708512059792244,0.0,-1.0,-0.5030885809880905,0.7830407438908159,1.7923508279730191,0,포켓몬빵
1.0071942446043165,0.7553956834532374,0.0,1.3847035890379542,8.4810046011731,0.2330641180957509,15.333333333333334,0.0,-0.5033112582781457,-0.262105228127392,-0.4275885792913656,0.4491470493889244,-0.2459016393442622,0.0,-0.5423805077594005,0.7830407438908159,1.7923508279730191,1,포켓몬빵
1.0071942446043165,0.7553956834532374,0.0,1.3028322440087143,9.049087623104093,0.2002917108872534,15.666666666666666,0.0,-0.3865546218487394,-0.0476657329598505,-0.3760225419142828,0.4392059588408545,-0.3380281690140846,0.0,-0.5457825048329845,0.7830407438908159,1.7923508279730191,1,포켓몬빵
0.2877697841726618,0.7553956834532374,0.0,1.368518518518518,9.301656348185356,0.2287725843025382,16.666666666666668,0.0,0.08,0.5833112582781458,-0.2633871403584348,0.4179208202907476,-0.253731343283582,0.0,-0.3940596158771078,0.7830407438908159,1.7923508279730191,0,포켓몬빵
0.7194244604316546,0.7553956834532374,0.0,1.4914141414141409,9.343637136383212,0.2801434356733896,18.0,0.0,0.2876712328767123,0.6742258547254518,-0.1408493309305104,0.3270687717135301,-0.0689655172413792,0.0,-0.1467550441968743,0.7830407438908159,1.7923508279730191,0,포켓몬빵
0.2877697841726618,0.5755395683453237,-0.7142857142857144,1.6501443001442997,9.124104037997451,0.3130829272594977,18.0,0.0,0.2839506172839505,0.2039506172839504,0.1916949686616793,0.0758282145885642,0.1739130434782607,0.0,0.3433338851880767,0.7830407438908159,1.7923508279730191,0,포켓몬빵
0.0,0.3237410071942446,-1.0,1.7566660392747346,9.302087004494126,0.3373786751095037,18.33333333333333,0.0,0.2340425531914893,-0.053628679685223,0.3483440000453233,0.027958551395179,0.1702127659574468,0.0,0.6844365331694535,0.7830407438908159,1.7923508279730191,0,포켓몬빵
0.7194244604316546,0.4316546762589928,1.5000000000000004,1.855992638601334,9.36000641560004,0.3535459501003081,17.666666666666668,0.0,0.1057692307692308,-0.1781813865147197,0.3562057169752648,0.0062730835488311,0.06,0.0,0.5454034895753264,0.7830407438908159,1.7923508279730191,0,포켓몬빵
1.0071942446043165,0.5035971223021583,0.3999999999999999,1.816920599529295,9.66779764347766,0.3343546151194994,18.0,0.0,0.0431034482758621,-0.1909391049156272,0.2182535682587216,0.0346931823617375,0.0,0.0,0.193512224606658,0.7830407438908159,1.7923508279730191,0,포켓몬빵
1.0071942446043165,0.6834532374100719,2.500000000000001,1.9962013295346623,9.637470164735223,0.3715957970859931,18.33333333333333,0.0,0.2434782608695651,0.1377090301003343,0.2097131925735835,0.0562648260694804,0.0185185185185183,0.0,0.1868925601874074,0.7830407438908159,1.7923508279730191,0,포켓몬빵
1.0071942446043165,0.935251798561151,0.0,2.318952652285985,9.710666768467368,0.4270735437402104,19.666666666666668,0.0,0.5619834710743801,0.518880022798518,0.3200873703025526,0.043923451132616,0.0727272727272727,0.0,0.2658581447140791,0.7830407438908159,1.7923508279730191,0,포켓몬빵
1.0071942446043165,1.0071942446043165,0.3999999999999999,2.452766754850088,9.795763770740356,0.4891484402367487,21.0,0.0,0.4825174825174827,0.2390392216479175,0.321539053462238,0.0465552410748406,0.1886792452830188,0.0,0.3835498330498976,0.7830407438908159,1.7923508279730191,0,포켓몬빵
1.0071942446043165,1.0071942446043165,0.0,2.1797093837535013,9.821374253786509,0.4232694390636299,22.33333333333333,0.0,0.0634920634920634,-0.4984914075823166,0.1996723380857661,0.0158853769981894,0.2407407407407407,0.0,0.2659297043420563,0.7830407438908159,1.7923508279730191,0,포켓몬빵
1.0071942446043165,1.0071942446043165,0.0,1.7408419448860624,9.731081287477627,0.3341558894237645,25.0,0.0,-0.1603773584905661,-0.6428948410080488,-0.1279226603401408,0.0097132464373212,0.3636363636363637,0.0,-0.1007543894624954,0.7830407438908159,1.7923508279730191,0,포켓몬빵
1.0071942446043165,1.0071942446043165,0.0,1.5557457910399084,9.556441226671405,0.2713234171696504,25.0,0.0,-0.2487562189054726,-0.3122482823975361,-0.3291170522579321,-0.0158820753994737,0.271186440677966,0.0,-0.3646915826406307,0.7830407438908159,1.7923508279730191,0,포켓몬빵
1.0071942446043165,1.0071942446043165,0.0,1.55014355014355,9.574598834048889,0.2725164869901712,24.33333333333333,0.0,-0.2078651685393259,-0.0474878100487597,-0.3680020543827479,-0.0225776102678263,0.1587301587301586,0.0,-0.4428756905403342,0.7830407438908159,1.7923508279730191,1,포켓몬빵
1.0071942446043165,1.0071942446043165,0.0,1.5674942341609004,9.586155067875133,0.2823982577858547,21.666666666666668,0.0,-0.1589403973509934,0.0898158215544792,-0.2808700802757268,-0.0239497222927524,-0.0298507462686565,0.0,-0.3328168024353822,0.7830407438908159,1.7923508279730191,1,포켓몬빵
1.0071942446043165,1.0071942446043165,0.0,1.693562610229277,9.621715555208052,0.3322589043856317,21.0,0.0,-0.0567375886524822,0.1511275798868436,-0.0271588898668684,-0.0112388057440557,-0.16,0.0,-0.0056769462941504,0.7830407438908159,1.7923508279730191,0,포켓몬빵
1.0071942446043165,1.0071942446043165,0.0,1.7972040668119096,9.629331381379204,0.3571188483632228,22.0,0.0,0.2047244094488187,0.3636648067998121,0.1552041967027293,0.0076273324953193,-0.12,0.0,0.3162109341263641,0.7830407438908159,1.7923508279730191,0,포켓몬빵
0.2877697841726618,0.8273381294964028,-0.7142857142857144,1.845287237702098,9.664274922634094,0.363042356530713,20.666666666666668,0.0,0.0751879699248119,0.1319255585772941,0.1903976489991632,0.0093660413495659,-0.1506849315068492,0.0,0.332184927746433,0.7830407438908159,1.7923508279730191,0,포켓몬빵
0.7194244604316546,0.7553956834532374,-0.2857142857142857,1.7397316821465425,9.749983279869282,0.3012871230363491,18.0,0.0,-0.2091503267973855,-0.4138747362462043,0.1098807537737724,0.0170900857365812,-0.1692307692307693,0.0,0.0668873292583056,0.7830407438908159,1.7923508279730191,0,포켓몬빵
1.0071942446043165,0.7553956834532374,0.0,1.622084623323013,9.77706555830197,0.2656536388734531,14.333333333333334,0.0,-0.4195804195804195,-0.4947683895052314,-0.0422056949501187,0.0161457696605706,-0.3174603174603174,0.0,-0.2004619428795626,0.7830407438908159,1.7923508279730191,0,포켓몬빵
1.0071942446043165,0.7553956834532374,0.0,1.6571723426212586,9.790337740859911,0.2927213080463854,14.333333333333334,0.0,-0.2975206611570249,-0.0883703343596393,-0.077916429623407,0.016720409040243,-0.3484848484848485,0.0,-0.1803252351758794,0.7830407438908159,1.7923508279730191,0,포켓몬빵
1.0071942446043165,0.935251798561151,2.500000000000001,2.150505675954592,9.32919033620419,0.4200854254105028,17.333333333333332,1.3333333333333333,0.6626506024096386,1.082231021990058,0.1654042969660252,-0.034672501466729,-0.1612903225806452,0.0,0.1571251063509555,0.7830407438908159,1.7923508279730191,0,포켓몬빵
1.7266187050359711,1.1870503597122302,1.4,3.2344517543859648,8.626200623981223,0.5517837243882137,21.0,3.6666666666666665,2.117647058823529,2.4151677199805546,0.8591670126942701,-0.1152599572358574,0.1666666666666667,0.0,0.8314215318178175,0.7830407438908159,1.7923508279730191,0,포켓몬빵
2.014388489208633,1.4388489208633093,1.0,3.620416666666666,4.454514702567607,0.5795609220119025,22.33333333333333,5.0,1.1884057971014492,0.5257551946918106,1.2319530156508465,-0.5443914458786503,0.5581395348837208,0.0,1.1816411944124816,0.7830407438908159,1.7923508279730191,0,포켓몬빵
2.014388489208633,1.6906474820143884,1.0,3.3100620567375887,4.386797642700873,0.5301926538780982,27.0,4.666666666666667,0.2301886792452832,-1.8874583795782465,0.9974157011948712,-0.5519258110583254,0.8837209302325582,0.0,0.8112540471228094,0.7830407438908159,1.7923508279730191,0,포켓몬빵
6.330935251798561,3.021582733812949,5.285714285714286,4.623415881874201,4.431636017865495,0.5568910513369763,34.666666666666664,12.333333333333334,1.334437086092715,0.1460312889912658,1.149920334352014,-0.5249709933918429,1.0,8.250000000000002,0.3256614432476166,0.7830407438908159,1.7923508279730191,1,포켓몬빵
7.338129496402877,4.424460431654676,3.25,8.641680722056849,2.607178907918629,0.6735975653919256,47.66666666666666,17.666666666666668,4.312883435582823,4.082694756337539,1.671760588278555,-0.6977604600720095,1.2698412698412698,3.8181818181818175,0.2207637442347039,0.7830407438908159,1.7923508279730191,1,포켓몬빵
5.611510791366906,5.323741007194244,1.7857142857142856,10.033593773544368,2.7242576540586256,0.7602155379622927,56.0,21.666666666666668,2.0042553191489363,0.6698182330562212,1.7713919963754732,-0.388427733218986,1.5074626865671643,3.333333333333334,0.311709449497149,0.7830407438908159,1.7923508279730191,1,포켓몬빵
5.035971223021583,6.079136690647482,1.5000000000000004,8.44987303298487,3.300201469909348,0.7146385418875695,57.333333333333336,19.0,0.0692840646651269,-4.243599370917695,1.5527838717661688,-0.2476968990351072,1.123456790123457,3.071428571428571,0.3478846541164619,0.7830407438908159,1.7923508279730191,1,포켓몬빵
4.316546762589928,5.575539568345324,-0.3181818181818182,6.607798668992699,3.3055647733401767,0.7116370965945356,54.66666666666666,16.0,-0.3295561850802644,-2.3338115042292005,0.4292027448575719,-0.2540983149305869,0.5769230769230769,0.2972972972972971,0.2778749001012803,0.7830407438908159,1.7923508279730191,1,포켓몬빵
3.309352517985612,4.568345323741007,-0.5490196078431372,5.663676124870155,4.333268501241476,0.6690415485742438,51.0,13.666666666666666,-0.3736501079913606,-0.4429341726564876,-0.344609421820653,0.6620526071610577,0.06993006993007,-0.2264150943396227,-0.006763707370336,0.7830407438908159,1.7923508279730191,0,포켓몬빵
3.021582733812949,3.920863309352518,-0.4615384615384615,6.002057746175393,4.093102278561526,0.7131969368636769,50.66666666666666,10.333333333333334,-0.1316901408450703,0.197866044235194,-0.4018037921765328,0.5024651844011825,-0.0952380952380952,-0.523076923076923,-0.0618490398455232,0.7830407438908159,1.7923508279730191,1,포켓몬빵
3.021582733812949,3.41726618705036,-0.4000000000000002,3.850558628009608,4.114839881045705,0.618619303770362,48.0,9.333333333333334,-0.3689655172413794,0.0046845907499812,-0.5443057412840888,0.2468450543289813,-0.1627906976744186,-0.5087719298245614,-0.1343605648018823,0.7830407438908159,1.7923508279730191,1,포켓몬빵
3.021582733812949,3.0935251798561145,-0.3000000000000001,3.686456063907044,3.757720770907208,0.608551501171214,48.66666666666666,8.0,-0.4322789943227899,-0.3005888534777196,-0.4421052685509542,0.1367863069009354,-0.1097560975609756,-0.5,-0.1448569726292049,0.7830407438908159,1.7923508279730191,1,포켓몬빵
3.021582733812949,3.021582733812949,-0.0869565217391307,2.6349477682811018,6.011123963351113,0.4750196359631385,47.66666666666666,4.666666666666667,-0.3442622950819672,0.0247032221594121,-0.5347636923109704,0.3872032073777411,-0.0653594771241831,-0.6585365853658536,-0.2899997960135275,0.7830407438908159,1.7923508279730191,1,포켓몬빵
2.302158273381295,2.841726618705036,-0.238095238095238,2.312637362637363,6.750632331401916,0.4428786065959162,47.333333333333336,3.0,-0.3828571428571429,0.049421851465647,-0.614692583704145,0.6492703753726743,-0.0657894736842104,-0.7096774193548387,-0.3790234033484503,0.7830407438908159,1.7923508279730191,1,포켓몬빵
2.014388489208633,2.5899280575539567,-0.3333333333333332,1.8126373626373624,7.1821845024326265,0.3433239906271662,42.333333333333336,2.0,-0.3625,-0.0182377049180327,-0.5292534050898654,0.7454347459584301,-0.1180555555555554,-0.7857142857142857,-0.4450157172033356,0.7830407438908159,1.7923508279730191,0,포켓몬빵
1.2949640287769784,2.158273381294964,-0.5714285714285714,1.844356261022928,7.350841531016279,0.3652832586648656,39.0,2.0,-0.3263888888888888,0.056468253968254,-0.4996939529320715,0.9561968488791152,-0.1986301369863012,-0.75,-0.3997496383431083,0.7830407438908159,1.7923508279730191,0,포켓몬빵
1.0071942446043165,1.6546762589928057,-0.6666666666666666,1.7560103963612732,7.274156555457632,0.3465096296771421,40.0,2.333333333333333,-0.0915032679738562,0.2709967320261438,-0.3335691820916815,0.2101158784625025,-0.1608391608391608,-0.5,-0.2705361979940734,0.7830407438908159,1.7923508279730191,0,포켓몬빵
1.0071942446043165,1.330935251798561,-0.5625,1.8840155945419097,7.254219197951055,0.3872817728080888,42.0,3.0,0.0773195876288659,0.4037084765177547,-0.1853389446266867,0.0745984734210163,-0.1126760563380282,0.0,-0.1255351533350406,0.7830407438908159,1.7923508279730191,0,포켓몬빵
47.47619047619048,47.47619047619048,0.0,58.69642857142857,3.526466728126696,0.720883018975023,5.5,3.0,0.0,0.0,0.0,0.0,0.0,0.0,0.0,0.1862156035523057,0.01584403905052406,0,흑당버블티
56.99999999999999,52.23809523809524,0.0,42.24206349206349,4.629698376751185,0.6690807428087456,5.666666666666667,2.6666666666666665,0.0,0.0,0.0,0.0,0.0,0.0,0.0,0.1862156035523057,0.01584403905052406,0,흑당버블티
56.99999999999999,53.82539682539683,0.0,32.8994708994709,4.586785552862813,0.7019911272889011,7.333333333333333,2.333333333333333,-0.2628398791540786,0.0,0.0,0.0,0.0,0.0,0.0,0.1862156035523057,0.01584403905052406,0,흑당버블티
56.99999999999999,54.61904761904761,0.0,16.91851851851852,4.675323125077092,0.619956322660679,6.666666666666667,2.0,-0.4930362116991643,0.0,0.0,0.0,0.0,0.0,0.0,0.1862156035523057,0.01584403905052406,0,흑당버블티
72.42857142857143,60.85714285714285,0.5255767301905716,25.14074074074074,3.461713065083145,0.6772915156910592,8.333333333333334,2.6666666666666665,-0.0683060109289617,0.1945338682251168,-0.5716819344443318,-0.0183621931059445,0.5151515151515154,-0.1111111111111111,-0.0604695937295677,0.1862156035523057,0.01584403905052406,0,흑당버블티
84.0,67.60714285714286,0.4736842105263159,22.32592592592593,3.594829475293062,0.6362014423344514,8.333333333333334,3.333333333333333,0.6648351648351649,1.1578713765343291,-0.4714764365116641,-0.2235283634577346,0.4705882352941177,0.2500000000000002,-0.0491410055179134,0.1862156035523057,0.01584403905052406,0,흑당버블티
84.0,74.35714285714286,0.4736842105263159,21.20043572984749,2.567670012096427,0.7052230933552629,12.333333333333334,4.0,0.0894428152492667,0.1577488261782285,-0.3555994929332299,-0.4402027340271376,0.6818181818181819,0.7142857142857142,0.004603998456282,0.1862156035523057,0.01584403905052406,0,흑당버블티
84.0,81.10714285714286,0.4736842105263159,13.200435729847497,3.2079740229914866,0.658375428669554,13.333333333333334,4.333333333333333,-0.16006600660066,-0.824901171435825,-0.219764087771711,-0.3138497731237368,1.0,1.1666666666666663,0.0619706656817224,0.1862156035523057,0.01584403905052406,0,흑당버블티
84.14285714285714,84.03571428571428,0.1617357001972386,12.24673202614379,4.452344322648247,0.6021908882581032,14.333333333333334,4.333333333333333,-0.2934051144010766,-0.3828479296503434,-0.5128730631910985,0.2861679286932201,0.72,0.625,-0.1108837563930337,0.1862156035523057,0.01584403905052406,0,흑당버블티
85.0,84.28571428571428,0.0119047619047618,9.951388888888888,5.518884082152487,0.5599046715019657,14.0,3.6666666666666665,-0.2102161100196463,-0.0501501034189862,-0.554267584605176,0.5352283383908134,0.6799999999999999,0.0999999999999998,-0.1199254917633093,0.1862156035523057,0.01584403905052406,0,흑당버블티
85.0,84.53571428571428,0.0119047619047618,12.354166666666666,5.462414055358366,0.6559546734236382,17.333333333333332,3.6666666666666665,0.2857142857142858,0.5791194001153624,-0.4172682663652246,1.1273816454702703,0.4054054054054052,-0.0833333333333333,-0.0698621760912829,0.1862156035523057,0.01584403905052406,0,흑당버블티
85.0,84.78571428571428,0.0119047619047618,8.6383547008547,6.0424506010149726,0.6163202670227648,17.666666666666668,3.0,0.3532338308457712,0.5634499408654176,-0.3456007909403685,0.8835721728757304,0.3249999999999999,-0.3076923076923076,-0.0638771737453421,0.1862156035523057,0.01584403905052406,0,흑당버블티
85.0,85.0,0.0101867572156197,7.817918192918192,5.581064190392314,0.6045478279341757,19.33333333333333,4.333333333333333,-0.2266666666666666,-0.5123809523809525,-0.3616322969892016,0.2535113607459511,0.3488372093023255,0.0,0.0039139411140713,0.1862156035523057,0.01584403905052406,0,흑당버블티
97.85714285714286,88.21428571428572,0.1512605042016808,4.12942612942613,6.233246467986373,0.5038703936442069,16.0,3.333333333333333,-0.6415441176470589,-0.99477794849283,-0.5850402214672974,0.1294396430872793,0.1428571428571428,-0.0909090909090908,-0.1000782467262589,0.1862156035523057,0.01584403905052406,0,흑당버블티
100.0,91.96428571428572,0.1764705882352941,4.735760971055089,6.884823037325545,0.5461864653720434,17.333333333333332,4.666666666666667,-0.5459770114942528,-0.3193103448275861,-0.6166669028488292,0.2603993339852852,0.0,0.2727272727272729,-0.1673411479465177,0.1862156035523057,0.01584403905052406,1,흑당버블티
100.0,95.71428571428572,0.1764705882352941,4.322128851540616,7.372440624527665,0.5048758291252352,15.666666666666666,3.333333333333333,0.0358974358974357,0.6774415535444946,-0.4996583260105105,0.2201077197535201,-0.1132075471698114,0.1111111111111111,-0.1808222832519852,0.1862156035523057,0.01584403905052406,1,흑당버블티
100.0,99.46428571428572,0.1764705882352941,4.964985994397759,7.206542577569968,0.551779464009936,15.666666666666666,4.0,-0.0337552742616034,0.5122217372326494,-0.364922237368094,0.2912488249061677,-0.189655172413793,-0.0769230769230768,-0.0872856728384195,0.1862156035523057,0.01584403905052406,1,흑당버블티
87.57142857142857,96.89285714285714,-0.1051094890510949,13.141456582633054,6.44409990132457,0.66805839205357,15.666666666666666,4.0,2.198019801980198,2.1621223660827624,2.182392945350819,0.0338272254147384,-0.0208333333333333,0.1999999999999999,0.3258536331572985,0.1862156035523057,0.01584403905052406,1,흑당버블티
71.0,89.64285714285714,-0.29,27.104691876750703,1.9152531911514452,0.8353598213475181,15.666666666666666,4.0,4.737991266375547,4.7717465406371495,4.723407925867509,-0.7218151896180852,-0.0961538461538461,-0.1428571428571429,0.5294407209056338,0.1862156035523057,0.01584403905052406,1,흑당버블티
71.0,82.39285714285714,-0.29,28.927036199095024,3.3183775445830475,0.8513884092787608,15.333333333333334,4.333333333333333,1.1315789473684208,-1.0664408546117774,5.692775063562491,-0.5498943004650312,-0.0212765957446807,0.2999999999999998,0.6863322824424074,0.1862156035523057,0.01584403905052406,1,흑당버블티
71.0,75.14285714285714,-0.29,21.19734432234432,4.823339534591189,0.7373476950254315,14.333333333333334,3.6666666666666665,-0.2656012176560121,-5.003592484031559,3.269366388195725,-0.3306999184874573,-0.0851063829787233,-0.0833333333333333,0.3363086941781397,0.1862156035523057,0.01584403905052406,1,흑당버블티
71.0,71.0,-0.1892332789559543,7.859381359381359,7.02709857827539,0.6221974881613436,12.0,2.6666666666666665,-0.785039941902687,-1.916618889271108,-0.4019398603220409,0.0904701487993668,-0.2340425531914893,-0.3333333333333333,-0.0686480469936959,0.1862156035523057,0.01584403905052406,1,흑당버블티
56.00000000000001,67.25,-0.2112676056338027,4.596560846560847,7.426612121556049,0.5558853280991836,13.0,2.333333333333333,-0.8134715025906736,-0.5478702849346615,-0.8304145692759715,2.877613756691453,-0.1702127659574468,-0.4166666666666666,-0.3345558238574539,0.1862156035523057,0.01584403905052406,1,흑당버블티
56.00000000000001,63.50000000000001,-0.2112676056338027,5.7718855218855225,7.371423750322256,0.6173268985768986,11.666666666666666,2.0,-0.3209459459459459,0.464093995956741,-0.8004674422170462,1.2213939346218885,-0.2391304347826087,-0.5384615384615384,-0.2749174268183231,0.1862156035523057,0.01584403905052406,1,흑당버블티
56.00000000000001,59.75,-0.2112676056338027,6.946969696969698,7.35139583073039,0.6032543845043844,12.0,2.6666666666666665,0.3777777777777777,1.1912492803684511,-0.67227169633477,0.5241298643831573,-0.1627906976744186,-0.2727272727272727,-0.1818589946448834,0.1862156035523057,0.01584403905052406,1,흑당버블티
56.00000000000001,56.00000000000001,-0.2112676056338027,6.405303030303031,7.430834217760175,0.5397331426743192,12.0,2.0,0.1044776119402985,0.4254235578862445,-0.1850118046941017,0.0574541021429459,0.0,-0.25,-0.1325372523291839,0.1862156035523057,0.01584403905052406,1,흑당버블티
46.0,53.5,-0.1785714285714287,25.58712121212121,7.430324289581643,0.5827665940825631,11.666666666666666,2.333333333333333,1.907258064516129,1.5294802867383512,4.566579463701767,0.0004998467625392,-0.1025641025641026,0.0,0.0483575741696555,0.1862156035523057,0.01584403905052406,0,흑당버블티
42.0,50.0,-0.2500000000000001,24.94642857142857,6.655478363849807,0.6438235926395618,13.0,2.0,2.22972972972973,2.1252521177894312,3.322058792891518,-0.0971244376557717,0.1142857142857143,0.0,0.0429216580773412,0.1862156035523057,0.01584403905052406,0,흑당버블티
42.0,46.5,-0.2500000000000001,26.0,6.383631439407909,0.6952657911405838,12.333333333333334,1.3333333333333333,0.0499306518723994,-1.8573274126437296,2.7426390403489638,-0.1316436243681806,0.0277777777777779,-0.5,0.1525250524483021,0.1862156035523057,0.01584403905052406,0,흑당버블티
42.0,43.0,-0.2500000000000001,7.833333333333333,6.385175973995059,0.6343098455598456,14.666666666666666,1.6666666666666667,-0.506276150627615,-2.736005880357345,0.22294500295683,-0.140718822829599,0.2222222222222221,-0.1666666666666666,0.1752286369091753,0.1862156035523057,0.01584403905052406,0,흑당버블티
43.42857142857143,42.35714285714286,-0.0559006211180124,7.384711779448621,6.533005396972007,0.5860774422624454,16.333333333333332,1.6666666666666667,-0.5284015852047557,-0.5783322370771551,-0.7113895026240658,-0.1207644320272538,0.3999999999999999,-0.2857142857142857,0.0056812593815445,0.1862156035523057,0.01584403905052406,0,흑당버블티
47.0,43.60714285714286,0.119047619047619,6.62280701754386,6.799478065333495,0.5486773189248221,17.0,1.6666666666666667,-0.0649717514124293,0.4413043992151856,-0.7345188310791295,0.0216362661872424,0.3076923076923077,-0.1666666666666666,-0.1477831424671112,0.1862156035523057,0.01584403905052406,0,흑당버블티
47.0,44.85714285714286,0.119047619047619,3.611695906432749,7.590214130277658,0.4719999684974716,16.666666666666668,0.3333333333333333,-0.4873949579831933,0.0410066272215623,-0.8610886189833558,0.1890119600923672,0.3513513513513513,-0.75,-0.3211229798561561,0.1862156035523057,0.01584403905052406,0,흑당버블티
47.0,46.10714285714286,0.119047619047619,5.905555555555556,7.514126256916996,0.5452323717948718,15.666666666666666,0.6666666666666666,-0.1540785498489426,-0.0891067984365132,-0.2460992907801418,0.17680801398737,0.0681818181818181,-0.6000000000000001,-0.1404321159264893,0.1862156035523057,0.01584403905052406,0,흑당버블티
47.0,47.0,0.082236842105263,5.9944444444444445,7.341995890904123,0.5388867085295657,15.333333333333334,0.6666666666666666,0.5355191256830603,1.0229140836662536,-0.188262910798122,0.1238312912319152,-0.0612244897959182,-0.6000000000000001,-0.0805196213502237,0.1862156035523057,0.01584403905052406,0,흑당버블티
44.0,46.25,-0.0638297872340425,5.736324786324786,7.009288270673336,0.5387646084074655,14.666666666666666,0.6666666666666666,-0.057142857142857,0.0969356927060856,-0.133852946170827,0.0308568103792463,-0.1372549019607843,-0.6000000000000001,-0.018066557839098,0.1862156035523057,0.01584403905052406,0,흑당버블티
44.0,45.5,-0.0638297872340425,3.791880341880342,7.989485807502407,0.4619483690912262,13.333333333333334,0.3333333333333333,-0.4697508896797153,-1.0052700153627756,0.0498891490633719,0.0526034800035535,-0.2,0.0,-0.0212957628752453,0.1862156035523057,0.01584403905052406,0,흑당버블티
44.0,44.75,-0.0638297872340425,4.06013431013431,8.103094392248643,0.5193657219973009,12.666666666666666,0.6666666666666666,-0.4053030303030303,-0.3481601731601732,-0.3124890161578779,0.0783814531715489,-0.1914893617021277,0.0,-0.047441515096434,0.1862156035523057,0.01584403905052406,0,흑당버블티
44.0,44.0,-0.0638297872340425,4.729365079365079,8.14077210906199,0.4940286477240564,11.666666666666666,0.6666666666666666,0.1342281879194631,0.6039790775991785,-0.2110419700781146,0.108795514193553,-0.2391304347826087,0.0,-0.083242099119333,0.1862156035523057,0.01584403905052406,0,흑당버블티
42.85714285714285,43.71428571428571,-0.0259740259740262,4.069642857142857,8.18813531885882,0.4966024627978715,13.0,0.6666666666666666,0.0127388535031847,0.418041883806215,-0.2905487383063185,0.1681835591093814,-0.1136363636363636,0.0,-0.0782570810176657,0.1862156035523057,0.01584403905052406,0,흑당버블티
42.0,43.21428571428571,-0.0454545454545454,29.167045454545452,7.938564067945259,0.5928363569156506,12.333333333333334,0.6666666666666666,4.769230769230769,4.635002581311306,6.691974119647961,-0.0063735940940443,-0.0749999999999999,1.0,0.2833389975635489,0.1862156035523057,0.01584403905052406,1,흑당버블티
42.0,42.71428571428571,-0.0454545454545454,32.405934343434346,7.633241867323375,0.6965648855919101,13.0,1.0,5.9245283018867925,5.911789448383608,6.981493189165546,-0.0579843331671818,0.0263157894736842,0.5,0.3411837864716263,0.1862156035523057,0.01584403905052406,1,흑당버블티
42.0,42.21428571428571,-0.0454545454545454,33.905934343434346,6.65576907749308,0.7156235828002138,13.0,1.6666666666666667,0.2030769230769231,-4.566153846153846,6.16923599139575,-0.1824155020769913,0.1142857142857143,1.5000000000000004,0.4485467312412434,0.1862156035523057,0.01584403905052406,1,흑당버블티
38.285714285714285,41.07142857142857,-0.1066666666666664,10.118055555555555,6.672795898595207,0.6502966851239421,14.666666666666666,2.0,-0.6039963669391462,-6.528524668825939,1.486226902637609,-0.1850652634884404,0.1282051282051282,2.0,0.3094914621650348,0.1862156035523057,0.01584403905052406,1,흑당버블티
29.0,37.82142857142857,-0.3095238095238095,12.801388888888887,6.639426325889716,0.6976937185272188,15.0,2.0,-0.4884910485933503,-0.6915679716702735,-0.5611009380830552,-0.1636489585441864,0.2162162162162162,2.0,0.1768740401771402,0.1862156035523057,0.01584403905052406,0,흑당버블티
29.0,34.57142857142857,-0.3095238095238095,13.197222222222225,4.957920587121306,0.7073295003558601,14.666666666666666,1.3333333333333333,0.4197247706422018,1.023721137581348,-0.5927529173403986,-0.3504829699756625,0.1282051282051282,0.3333333333333332,0.0154538579055742,0.1862156035523057,0.01584403905052406,0,흑당버블티
29.0,31.32142857142857,-0.3095238095238095,12.354084967320262,7.120206238109455,0.6508406809191671,14.333333333333334,1.0,-0.04,0.4484910485933503,-0.6356364982546914,0.0697796385675249,0.1025641025641026,-0.4,-0.0905265050483007,0.1862156035523057,0.01584403905052406,0,흑당버블티
29.0,29.0,-0.2425373134328358,6.731862745098041,7.708174272506975,0.5480884161490982,14.333333333333334,0.6666666666666666,-0.4781906300484653,-0.8979154006906671,-0.334668335419274,0.1551641005728561,-0.0227272727272725,-0.6666666666666667,-0.1571717514681221,0.1862156035523057,0.01584403905052406,0,흑당버블티
28.000000000000004,28.750000000000004,-0.0344827586206895,13.970897832817338,7.656989831914839,0.6256202245962997,14.666666666666666,1.6666666666666667,0.3246527777777779,0.3646527777777779,0.0913579732698799,0.1532607571918141,-0.0222222222222222,-0.1666666666666666,-0.1033024836214105,0.1862156035523057,0.01584403905052406,0,흑당버블티
28.000000000000004,28.5,-0.0344827586206895,13.833642930856554,7.280352815360169,0.6173240329013171,14.666666666666666,2.0,1.3405572755417956,1.818747905590261,0.0482238381621467,0.4684286864681966,0.0,0.5,-0.1272468734999189,0.1862156035523057,0.01584403905052406,0,흑당버블티
28.000000000000004,28.25,-0.0344827586206895,17.712074303405572,6.119204330905341,0.70877355165459,15.333333333333334,2.6666666666666665,0.2647444298820445,-0.0599083478957334,0.433701836296138,-0.1405860832859664,0.069767441860465,1.6666666666666663,0.0890123688236661,0.1862156035523057,0.01584403905052406,0,흑당버블티
28.000000000000004,28.000000000000004,-0.0344827586206895,8.857298474945535,6.958790584074793,0.6003526994758791,15.666666666666666,1.6666666666666667,-0.3968253968253968,-1.7373826723671923,0.3157277280192885,-0.0972193494774809,0.0930232558139534,1.5000000000000004,0.0953573945130838,0.1862156035523057,0.01584403905052406,0,흑당버블티
28.000000000000004,28.000000000000004,0.0,8.546023965141613,6.991610325831773,0.6146457669495212,15.333333333333334,1.3333333333333333,-0.5481865284974093,-0.8129309583794538,-0.3882981561093956,-0.0868983139183129,0.0454545454545456,-0.2,-0.0175417245404112,0.1862156035523057,0.01584403905052406,0,흑당버블티
28.000000000000004,28.000000000000004,0.0,12.208333333333334,6.985566010469484,0.6405169997689683,15.333333333333334,1.0,0.4276315789473683,0.8244569757727652,-0.1174896305800907,-0.0404907306509569,0.0454545454545456,-0.5,0.0375701667706798,0.1862156035523057,0.01584403905052406,0,흑당버블티
28.000000000000004,28.000000000000004,0.0,12.910612535612536,6.955985939215749,0.6388762933089848,13.333333333333334,0.6666666666666666,0.5068807339449539,1.0550672624423632,-0.2710841026039418,0.1367467995935682,-0.1304347826086956,-0.75,-0.0986171932945779,0.1862156035523057,0.01584403905052406,0,흑당버블티
28.000000000000004,28.000000000000004,0.0,13.827279202279202,7.685900880180845,0.6666540710867624,13.333333333333334,0.3333333333333333,0.0768049155145929,-0.3508266634327754,0.5611169976254218,0.1044880266651573,-0.1489361702127658,-0.8,0.1104373673488365,0.1862156035523057,0.01584403905052406,0,흑당버블티
29.142857142857142,28.28571428571429,0.040816326530612,6.211538461538463,8.362163457123915,0.5410907330737815,12.666666666666666,0.0,-0.5753424657534247,-1.0822231996983789,-0.2731662716048171,0.1960282492043907,-0.1739130434782609,-1.0,-0.1196706100178519,0.1862156035523057,0.01584403905052406,0,흑당버블티
32.0,29.28571428571429,0.1428571428571428,5.67982456140351,8.782838953341182,0.5593337456097554,14.666666666666666,0.3333333333333333,-0.5905848787446505,-0.6673897942592434,-0.5347583977007364,0.2572837963563823,-0.0434782608695653,-0.6666666666666667,-0.1267464473050603,0.1862156035523057,0.01584403905052406,0,흑당버블티
32.0,30.28571428571429,0.1428571428571428,4.777046783625733,8.810116815404337,0.5351193797287228,15.333333333333334,0.6666666666666666,-0.0967741935483871,0.4785682722050376,-0.6299906940550835,0.2665518436050249,0.1499999999999999,0.0,-0.1624053273958018,0.1862156035523057,0.01584403905052406,0,흑당버블티
32.0,31.285714285714285,0.1428571428571428,4.628237259816209,8.769504961692407,0.5409925159734466,15.0,0.6666666666666666,-0.1811846689895471,0.4094002097551034,-0.6652821432105516,0.1409859557655479,0.125,1.0,-0.1884958939926154,0.1862156035523057,0.01584403905052406,0,흑당버블티
32.0,32.0,0.0980392156862746,4.5317460317460325,8.61823797434896,0.5165279304302386,14.333333333333334,0.6666666666666666,-0.1071428571428571,-0.0103686635944699,-0.2704309794093076,0.0306229982872301,0.1315789473684212,0.0,-0.0453949793300075,0.1862156035523057,0.01584403905052406,0,흑당버블티
30.28571428571428,31.57142857142857,-0.0535714285714287,5.292857142857144,8.342792988801735,0.5442482864451682,14.666666666666666,1.3333333333333333,0.1872340425531915,0.3684187115427386,-0.068130170987314,-0.0501029299156218,0.0,3.0,-0.0269704077091608,0.1862156035523057,0.01584403905052406,0,흑당버블티
30.0,31.07142857142857,-0.0625,7.020370370370372,7.777699660916654,0.6207732107961795,16.0,1.6666666666666667,0.7422222222222221,0.8493650793650792,0.4696046926804385,-0.1171854103775922,0.0434782608695651,1.5000000000000004,0.1600649019866906,0.1862156035523057,0.01584403905052406,0,흑당버블티
30.0,30.57142857142857,-0.0625,7.63941798941799,7.84196121902663,0.6336238435663573,15.0,1.3333333333333333,0.4336917562724016,0.2464577137192101,0.6506107099879659,-0.1057692249126422,0.0,1.0,0.1712247856631297,0.1862156035523057,0.01584403905052406,0,흑당버블티
30.0,30.07142857142857,-0.0625,6.9560846560846565,8.353189860085399,0.6004040487186554,13.333333333333334,1.3333333333333333,-0.1403061224489795,-0.8825283446712017,0.5349678925861061,-0.0307543276308267,-0.0697674418604651,1.0,0.1623844778704468,0.1862156035523057,0.01584403905052406,0,흑당버블티
29.428571428571427,29.857142857142858,-0.0283018867924527,4.86904761904762,8.629871673654227,0.5470518453664521,14.333333333333334,1.0,-0.42,-0.8536917562724017,-0.0800719748088167,0.0344103809405109,-0.0227272727272725,-0.25,0.0051512498819163,0.1862156035523057,0.01584403905052406,0,흑당버블티
29.0,29.607142857142858,-0.0333333333333333,4.62878787878788,8.30387987986116,0.5881852317336188,16.666666666666668,1.6666666666666667,-0.2077151335311572,-0.0674090110821776,-0.3406632934462003,0.0676524219093455,0.0416666666666667,0.0,-0.0524957883101376,0.1862156035523057,0.01584403905052406,1,흑당버블티
29.0,29.357142857142858,-0.0333333333333333,4.966042780748665,8.07160303914852,0.6038422279532748,17.666666666666668,0.6666666666666666,0.2629310344827587,0.6829310344827587,-0.349944879619422,0.0292837230009146,0.1777777777777778,-0.5,-0.0470020437448445,0.1862156035523057,0.01584403905052406,1,흑당버블티
29.0,29.107142857142858,-0.0333333333333333,4.7660427807486645,8.080855932612998,0.5620906462016931,17.0,0.6666666666666666,0.052434456928839,0.2601495904599963,-0.3148383010865615,-0.0326023868766244,0.2749999999999999,-0.5,-0.0638126984631903,0.1862156035523057,0.01584403905052406,1,흑당버블티
27.285714285714285,28.57142857142857,-0.0728155339805824,4.279411764705884,8.34530246607815,0.471903962300922,15.666666666666666,0.6666666666666666,-0.2218430034129693,-0.484774037895728,-0.1210988062706743,-0.0329749060400081,0.0930232558139534,-0.3333333333333333,-0.13736885032385,0.1862156035523057,0.01584403905052406,1,흑당버블티
17.0,25.57142857142857,-0.4137931034482759,3.9491744066047487,8.573743896461641,0.4493635960400012,16.333333333333332,1.3333333333333333,-0.2170818505338079,-0.269516307462647,-0.1468232051197598,0.0324985453191541,-0.0200000000000001,-0.2,-0.2360168671431179,0.1862156035523057,0.01584403905052406,0,흑당버블티
17.0,22.57142857142857,-0.4137931034482759,4.620227038183696,8.774518370736647,0.4687023274839958,16.333333333333332,2.0,0.1184210526315789,0.3402640560445483,-0.069636078026866,0.0870849728584122,-0.0754716981132076,2.0,-0.2238000163177327,0.1862156035523057,0.01584403905052406,0,흑당버블티
17.0,19.57142857142857,-0.4137931034482759,4.661403508771932,8.947834968382367,0.5443399195663577,17.333333333333332,1.3333333333333333,0.2272727272727273,0.4443545778065352,-0.0219551684259735,0.1072880203531887,0.0196078431372548,1.0,-0.0315798292593646,0.1862156035523057,0.01584403905052406,0,흑당버블티
17.0,17.0,-0.3769633507853402,5.543274853801171,8.992181966739887,0.5684394766351303,16.333333333333332,1.6666666666666667,0.1450980392156862,0.0266769865841072,0.2953357046683145,0.0775142067397989,0.0425531914893617,1.5000000000000004,0.2045660177624231,0.1862156035523057,0.01584403905052406,0,흑당버블티
16.285714285714285,16.821428571428573,-0.0420168067226891,5.2888888888888905,9.019585829522825,0.6034882095786002,16.333333333333332,1.0,0.0444444444444445,-0.1828282828282827,0.3392391280677684,0.0520008456568408,0.0,-0.25,0.3429842000927887,0.1862156035523057,0.01584403905052406,1,흑당버블티
16.0,16.571428571428573,-0.0588235294117647,5.392592592592593,9.039494846249156,0.6036905694055047,15.666666666666666,1.0,-0.0445205479452054,-0.1896185871608916,0.167170476261385,0.0301984068317888,-0.0408163265306121,-0.5,0.2880042065208608,0.1862156035523057,0.01584403905052406,1,흑당버블티
16.0,16.321428571428573,-0.0588235294117647,4.520370370370372,9.060128277580286,0.6043819221956489,16.666666666666668,0.0,-0.0709219858156029,-0.1153664302600474,-0.0302555095554721,0.0125497742855913,-0.0384615384615383,-1.0,0.1103024056679931,0.1862156035523057,0.01584403905052406,1,흑당버블티
16.0,16.071428571428573,-0.0588235294117647,4.763960113960114,9.079523239502509,0.5839763582606734,14.666666666666666,0.0,-0.1397849462365591,-0.0952643982913536,-0.1405874253748504,0.0097130232779627,-0.1020408163265306,-1.0,0.0273325169418447,0.1862156035523057,0.01584403905052406,1,흑당버블티
13.428571428571429,15.357142857142856,-0.1754385964912279,4.791025641025642,9.097872757322897,0.5316805841596454,13.0,0.0,-0.1679389312977098,-0.0970169454821069,-0.0941338073691016,0.0086796588313204,-0.2040816326530611,-1.0,-0.1189876194418051,0.1862156035523057,0.01584403905052406,1,흑당버블티
10.0,13.857142857142858,-0.375,4.455840455840457,9.151168594443815,0.5028248527486402,12.333333333333334,0.0,-0.2041666666666667,-0.0643817204301075,-0.1737109044801351,0.0123539810679793,-0.2127659574468084,-1.0,-0.1670818160306758,0.1862156035523057,0.01584403905052406,1,흑당버블티
10.0,12.357142857142858,-0.375,4.267806267806269,9.162971215058656,0.510756871710071,12.333333333333334,0.0,-0.1788990825688073,-0.0109601512710975,-0.0558724356348281,0.0113511568851469,-0.26,0.0,-0.1549104085467166,0.1862156035523057,0.01584403905052406,1,흑당버블티
10.0,10.857142857142858,-0.375,4.216524216524218,9.182134127717404,0.5430307939534292,12.333333333333334,0.0,-0.0732984293193717,0.130868237347295,-0.1149119397183264,0.0113013520102536,-0.159090909090909,0.0,-0.0701151060792892,0.1862156035523057,0.01584403905052406,1,흑당버블티
10.0,10.0,-0.2553191489361702,4.735042735042736,9.16703314483129,0.5407261415247073,11.0,0.0,0.0055865921787709,0.1844856747475783,-0.0116849522790116,0.0076018196069764,-0.1538461538461538,0.0,0.0170131421657215,0.1862156035523057,0.01584403905052406,1,흑당버블티
8.0,9.5,-0.1999999999999999,4.8276353276353285,9.192853352145995,0.5426545346047859,12.666666666666666,0.0,0.2033898305084744,0.2766882598278462,0.0834398976982095,0.00455512946483,0.0270270270270269,0.0,0.0792118401435824,0.1862156035523057,0.01584403905052406,0,흑당버블티
8.0,9.0,-0.1999999999999999,5.043981481481484,9.237438102596812,0.5436837492469268,14.0,0.0,0.3166666666666666,0.3110800744878956,0.181867489986649,0.0081269367534162,0.1351351351351351,0.0,0.0644668321869323,0.1862156035523057,0.01584403905052406,0,흑당버블티
8.0,8.5,-0.1999999999999999,4.853505291005292,9.253012267706938,0.5594719312882105,14.333333333333334,0.0,0.0985915492957747,-0.1047982812126997,0.1510678088803088,0.0077191357699273,0.162162162162162,0.0,0.0302766206223494,0.1862156035523057,0.01584403905052406,0,흑당버블티
8.0,8.0,-0.1999999999999999,4.649801587301588,9.268154822377491,0.5541766273412212,13.333333333333334,0.0,-0.1139240506329114,-0.4305907172995781,-0.0180021918514698,0.0110310147185643,0.2121212121212121,0.0,0.0248748576841264,0.1862156035523057,0.01584403905052406,0,흑당버블티
10.142857142857142,8.535714285714286,0.2678571428571428,4.253968253968256,9.256767044239568,0.5597430105209992,14.0,0.6666666666666666,-0.1666666666666666,-0.2652582159624413,-0.1188298275934744,0.006952541245385,0.1052631578947369,0.0,0.0314905244985352,0.1862156035523057,0.01584403905052406,0,흑당버블티
11.0,9.285714285714286,0.375,12.644444444444446,8.860513618682406,0.6747524900466076,14.0,1.0,1.7476190476190476,1.8615430982519592,1.5068379990821468,-0.0408040064494121,0.0,0.0,0.24107533282212,0.1862156035523057,0.01584403905052406,0,흑당버블티
11.0,10.035714285714286,0.375,21.46666666666667,8.178185348416033,0.7485198338139515,12.333333333333334,1.0,3.2051282051282044,3.371794871794871,3.422920215302854,-0.1161596773238976,-0.1395348837209302,0.0,0.337904177052188,0.1862156035523057,0.01584403905052406,0,흑당버블티
11.0,10.785714285714286,0.375,22.830303030303032,7.8684353769555475,0.7260879805823626,9.666666666666666,0.3333333333333333,0.4575389948006931,-1.2900800528183545,3.909952091859495,-0.1510246076211838,-0.275,0.0,0.3102104000053596,0.1862156035523057,0.01584403905052406,0,흑당버블티
12.714285714285714,11.428571428571429,0.2535211267605632,15.963636363636365,8.761227361826839,0.6298862232694943,9.0,0.6666666666666666,-0.3841463414634145,-3.5892745465916187,2.752645861601084,-0.0535326945189896,-0.3571428571428571,0.0,0.1253132445248526,0.1862156035523057,0.01584403905052406,0,흑당버블티
17.0,12.928571428571429,0.5454545454545454,7.26559714795009,9.227474090502293,0.5434843898088372,11.0,0.6666666666666666,-0.6706302021403092,-1.1281691969410024,-0.4253921411990263,0.0414152596127326,-0.2142857142857143,-0.3333333333333333,-0.1945425947649386,0.1862156035523057,0.01584403905052406,1,흑당버블티
17.0,14.428571428571429,0.5454545454545454,6.11408199643494,9.346202327976895,0.5160053696001409,11.0,0.6666666666666666,-0.5267326732673268,-0.1425863318039122,-0.7151825156940246,0.1428210452318847,-0.1081081081081081,-0.3333333333333333,-0.3106323355909942,0.1862156035523057,0.01584403905052406,1,흑당버블티
17.0,15.928571428571429,0.5454545454545454,4.572415329768273,9.36233610458752,0.519451871657754,12.0,0.0,-0.2743682310469314,0.3962619710933778,-0.7997216539920985,0.1898599475071234,0.2413793103448276,-1.0,-0.2845882516315379,0.1862156035523057,0.01584403905052406,1,흑당버블티
17.0,17.0,0.3370786516853934,4.146645021645022,9.377343712474392,0.4987469230116288,11.333333333333334,0.0,-0.2928870292887029,0.2338456439786238,-0.7402443323570886,0.0703230637903551,0.2592592592592593,-1.0,-0.2081952190939696,0.1862156035523057,0.01584403905052406,1,흑당버블티
12.0,15.75,-0.2941176470588235,3.628968253968255,9.392089812982611,0.5229997854997855,11.333333333333334,0.0,-0.2288557213930349,0.0455125096538965,-0.5005271858498059,0.0178397382496862,0.0303030303030302,-1.0,-0.0376912468751067,0.1862156035523057,0.01584403905052406,0,흑당버블티
12.0,14.5,-0.2941176470588235,3.2219169719169733,9.325862025473745,0.4672540068881532,10.666666666666666,0.3333333333333333,-0.2544378698224853,0.0384491594662176,-0.4730334048847168,-0.0021763173735569,-0.0303030303030303,-0.5,-0.0944784019394326,0.1862156035523057,0.01584403905052406,0,흑당버블티
12.0,13.25,-0.2941176470588235,3.0790598290598297,9.255530580830046,0.4196466996654613,10.333333333333334,0.3333333333333333,-0.2451612903225806,-0.0163055689295457,-0.3266010178441347,-0.0114079993032016,-0.1388888888888888,0.0,-0.1921355517957402,0.1862156035523057,0.01584403905052406,0,흑당버블티
12.0,12.0,-0.2941176470588235,3.134615384615385,9.242162630085176,0.3724456524644142,10.666666666666666,0.6666666666666666,-0.0555555555555555,0.1988823142669297,-0.2440598680974511,-0.0144157115846558,-0.0588235294117648,0.0,-0.2532371924914508,0.1862156035523057,0.01584403905052406,0,흑당버블티
15.428571428571429,12.857142857142858,0.2857142857142858,3.0833333333333344,9.257052514355571,0.3933457520637007,11.333333333333334,0.3333333333333333,0.0512820512820513,0.2964433416046319,-0.1503553854565336,-0.0143777690924953,0.0,0.0,-0.2479045633110264,0.1862156035523057,0.01584403905052406,0,흑당버블티
16.0,13.857142857142858,0.3333333333333332,5.361111111111112,8.891659249265398,0.5229075925121123,11.0,0.6666666666666666,0.6974789915966386,0.7530345471521942,0.6639507342491704,-0.0465589963718434,0.03125,1.0,0.1191077760779499,0.1862156035523057,0.01584403905052406,0,흑당버블티
16.0,14.857142857142858,0.3333333333333332,5.555555555555557,8.71862213721272,0.5554853207420144,11.0,0.3333333333333333,0.6991869918699187,0.6479049405878674,0.8043025676613464,-0.0580094721667675,0.064516129032258,0.0,0.3236975798566803,0.1862156035523057,0.01584403905052406,0,흑당버블티
16.0,15.857142857142858,0.3333333333333332,5.68888888888889,8.868787566836497,0.5443887339591531,11.0,0.6666666666666666,0.0643564356435644,-0.6331225559530742,0.814860259032038,-0.0403991011836628,0.03125,0.0,0.4616595209449181,0.1862156035523057,0.01584403905052406,0,흑당버블티
15.14285714285714,15.785714285714285,-0.0185185185185187,3.5152777777777797,9.333693687821189,0.455452319930798,12.333333333333334,0.3333333333333333,-0.2822966507177034,-0.981483642587622,0.1400900900900901,0.0082792199079311,0.0882352941176469,0.0,0.1578930687347026,0.1862156035523057,0.01584403905052406,0,흑당버블티
14.000000000000002,15.285714285714285,-0.1249999999999998,3.62638888888889,9.48043432912242,0.4374329962593004,12.0,0.3333333333333333,-0.2837209302325582,-0.3480773658761226,-0.3235751295336786,0.066216559064121,0.0909090909090908,-0.5,-0.1634602317441623,0.1862156035523057,0.01584403905052406,0,흑당버블티
14.000000000000002,14.785714285714286,-0.1249999999999998,3.612103174603176,9.479236434367987,0.4136817463503533,11.333333333333334,0.0,0.0,0.2822966507177034,-0.3498214285714285,0.0872401952034169,0.0303030303030302,-1.0,-0.2552787069192767,0.1862156035523057,0.01584403905052406,0,흑당버블티
14.000000000000002,14.285714285714286,-0.1249999999999998,5.482295482295484,9.091678914161664,0.4814242267066919,10.333333333333334,0.6666666666666666,0.3831168831168829,0.6668378133494411,-0.0363152472527471,0.0251321102964103,-0.0606060606060605,0.0,-0.1156609300022465,0.1862156035523057,0.01584403905052406,0,흑당버블티
14.428571428571429,14.10714285714286,-0.0471698113207545,7.343406593406594,8.389444885732598,0.5623074175898828,10.666666666666666,0.6666666666666666,0.8666666666666665,0.8666666666666665,1.0889975295348655,-0.1011656085650922,-0.1351351351351352,1.0,0.234613137277071,0.1862156035523057,0.01584403905052406,0,흑당버블티
17.0,14.857142857142858,0.2142857142857142,7.771978021978023,8.228959818878339,0.6050320688251722,11.0,0.6666666666666666,0.3990610328638497,0.0159441497469667,1.1431727980942838,-0.1320060312426557,-0.0833333333333333,1.0,0.3831422732146226,0.1862156035523057,0.01584403905052406,1,흑당버블티
17.0,15.607142857142858,0.2142857142857142,6.035714285714287,9.053318067577695,0.5441188441188441,11.0,0.3333333333333333,-0.1642857142857142,-1.0309523809523808,0.670969513869816,-0.0449317167832293,-0.0294117647058823,0.0,0.3153078397083098,0.1862156035523057,0.01584403905052406,1,흑당버블티
17.0,16.357142857142858,0.2142857142857142,4.31904761904762,9.37157673419718,0.4832678593548158,11.666666666666666,0.3333333333333333,-0.3758389261744966,-0.7748999590383464,-0.212182628062361,0.0307861532152802,0.129032258064516,-0.5,0.0038295385771003,0.1862156035523057,0.01584403905052406,1,흑당버블티
17.0,17.0,0.1782178217821781,4.533333333333334,9.300992277772146,0.4997315758185323,11.666666666666666,0.3333333333333333,-0.1666666666666666,-0.0023809523809523,-0.382666167851353,0.1086540771713941,0.09375,-0.5,-0.1112840411025662,0.1862156035523057,0.01584403905052406,1,흑당버블티
12.0,15.75,-0.2941176470588235,4.461904761904763,9.111935588450857,0.4979000739870305,11.666666666666666,0.0,-0.0053763440860215,0.3704625820884751,-0.4258984328973724,0.1073010184770684,0.0606060606060605,-1.0,-0.1770682916794251,0.1862156035523057,0.01584403905052406,1,흑당버블티
10.0,14.0,-0.4117647058823529,4.317460317460319,9.080402678294584,0.4845345345345345,11.0,0.0,-0.1487179487179486,0.0179487179487179,-0.2846811308349769,0.0029916778041725,0.0,-1.0,-0.10950605778192,0.1862156035523057,0.01584403905052406,0,흑당버블티
10.0,12.25,-0.4117647058823529,3.769841269841271,9.100210931032509,0.4742763772175537,11.0,0.0,-0.227027027027027,-0.2216506829410055,-0.1271591326718116,-0.0289562590011613,-0.057142857142857,-1.0,-0.0186055868670144,0.1862156035523057,0.01584403905052406,0,흑당버블티
10.0,10.5,-0.4117647058823529,4.374007936507938,9.117983109959964,0.5364262371615313,11.666666666666666,0.0,0.1204819277108433,0.2691998764287919,-0.0351453081232492,-0.019676305747457,0.0,-1.0,0.0734287427863551,0.1862156035523057,0.01584403905052406,0,흑당버블티
10.0,10.0,-0.1666666666666666,5.0831582633053225,9.135308009742603,0.5770651718631378,13.0,0.0,0.6993006993006994,0.9263277263277264,0.1392350430033271,0.0025650336380089,0.1142857142857143,0.0,0.1589979636720626,0.1862156035523057,0.01584403905052406,0,흑당버블티
10.0,10.0,0.0,5.452205882352942,9.24632905149188,0.555503915781758,12.666666666666666,0.0,0.3387096774193547,0.2182277497085114,0.2628270977508649,0.0182730192785305,0.1515151515151513,0.0,0.1464691909223763,0.1862156035523057,0.01584403905052406,1,흑당버블티
10.0,10.0,0.0,5.086134453781514,9.26426931175619,0.5076801252485955,12.0,0.0,-0.0823045267489712,-0.7816052260496706,0.3491640866873065,0.0180279756114476,0.0909090909090908,0.0,0.0704309757677836,0.1862156035523057,0.01584403905052406,1,흑당버블티
10.0,10.0,0.0,3.854761904761906,9.320283322224697,0.4547904782962766,11.666666666666666,0.3333333333333333,-0.3775100401606426,-0.7162197175799974,-0.1187117260149692,0.0221869474668967,0.0,0.0,-0.1521845003279958,0.1862156035523057,0.01584403905052406,1,흑당버블티
10.0,10.0,0.0,4.1603174603174615,8.862309258559236,0.5358496076010201,13.0,0.6666666666666666,-0.1031390134529146,-0.0208344867039433,-0.181548705585213,-0.0298839131523778,0.0,0.0,-0.0714227201219704,0.1862156035523057,0.01584403905052406,1,흑당버블티
0.0,7.5,-1.0,4.144444444444446,8.882895703776795,0.5167616334283001,12.666666666666666,0.6666666666666666,0.2322580645161289,0.6097681046767716,-0.2398591443770135,-0.0393056904736097,0.0,0.0,-0.0697425909211387,0.1862156035523057,0.01584403905052406,0,흑당버블티
0.0,5.0,-1.0,4.17777777777778,8.845592646249948,0.521604938271605,11.333333333333334,0.3333333333333333,-0.1050000000000001,-0.0018609865470854,-0.1785947037495983,-0.0451926267919423,-0.0555555555555554,0.0,0.0274283201773772,0.1862156035523057,0.01584403905052406,0,흑당버블티
0.0,2.5,-1.0,3.066666666666668,9.32012786160866,0.3999118165784832,8.666666666666666,0.0,-0.4869109947643979,-0.7191690592805269,-0.204447189623224,-1.667981655306683e-05,-0.2571428571428571,-1.0,-0.1206680094169481,0.1862156035523057,0.01584403905052406,0,흑당버블티
0.0,0.0,-1.0,2.3188034188034203,9.416330432376244,0.3647836114502782,9.0,0.0,-0.5921787709497206,-0.4871787709497205,-0.4426378657588118,0.0625143128786591,-0.3076923076923077,-1.0,-0.3192425518730868,0.1862156035523057,0.01584403905052406,0,흑당버블티
6.285714285714287,1.5714285714285718,0.0,4.275946275946278,9.081771450133312,0.4753656220322886,10.0,0.6666666666666666,0.6938775510204083,1.1807885457848062,0.0317296644374394,0.0223886166165341,-0.2105263157894736,0.0,-0.0801065882569144,0.1862156035523057,0.01584403905052406,0,흑당버블티
11.0,4.321428571428572,0.0,4.531501831501833,9.015802150244063,0.4882972941037457,10.666666666666666,0.6666666666666666,1.410958904109589,2.003137675059309,0.0846679915828849,0.0192422950955439,-0.0588235294117648,1.0,-0.063856075209387,0.1862156035523057,0.01584403905052406,1,흑당버블티
11.0,7.071428571428572,0.0,4.587445887445889,8.97153148199963,0.4735572515376162,9.666666666666666,0.6666666666666666,0.0481927710843372,-0.645684779936071,0.4959062676453978,-0.0374025318949713,0.1153846153846154,0.0,0.1841541857633006,0.1862156035523057,0.01584403905052406,1,흑당버블티
11.0,9.821428571428571,0.0,2.336363636363638,9.366264141648587,0.3319988099791746,8.666666666666666,0.0,-0.5795454545454546,-1.9905043586550435,0.0075729651844655,-0.0053169640856605,-0.037037037037037,0.0,-0.0898746556643822,0.1862156035523057,0.01584403905052406,1,흑당버블티
7.857142857142857,10.214285714285715,0.2499999999999995,1.922077922077924,9.382736082455184,0.3050934572673703,9.666666666666666,0.0,-0.603448275862069,-0.6516410469464062,-0.5504906287316336,0.0331394193274323,-0.0333333333333334,-1.0,-0.3581920039504935,0.1862156035523057,0.01584403905052406,1,흑당버블티
0.0,7.464285714285714,-1.0,1.891774891774893,9.37831012702882,0.2859802234802235,10.333333333333334,0.0,-0.0540540540540541,0.5254914004914004,-0.582528053144818,0.0402080669854698,-0.0312499999999998,-1.0,-0.4143317463900119,0.1862156035523057,0.01584403905052406,0,흑당버블티
0.0,4.714285714285714,-1.0,2.080586080586082,9.392098193512384,0.3139146546404611,10.666666666666666,0.0,0.1739130434782609,0.7773613193403299,-0.546460899674073,0.0468779173719196,0.1034482758620689,-1.0,-0.3371136148349618,0.1862156035523057,0.01584403905052406,0,흑당버블티
0.0,1.9642857142857144,-1.0,2.0837606837606857,9.42359858691763,0.319775460501267,10.666666666666666,0.0,0.1857142857142857,0.2397683397683399,-0.1081179952775281,0.0061213782146174,0.2307692307692308,0.0,-0.0368174496730105,0.1862156035523057,0.01584403905052406,0,흑당버블티
0.0,0.0,-1.0,1.9726495726495743,9.47414062059426,0.3498680530938596,10.333333333333334,0.0,-0.0246913580246913,-0.1986044015029523,0.0263109263109262,0.009741778659851,0.0689655172413794,0.0,0.1467569846548719,0.1862156035523057,0.01584403905052406,0,흑당버블티
11.142857142857142,2.7857142857142856,0.0,2.066666666666668,9.52976764924686,0.3238977072310405,9.666666666666666,0.0,-0.1325301204819277,-0.3182444061962134,0.0924485125858123,0.016149766873408,-0.0645161290322582,0.0,0.1325877827822565,0.1862156035523057,0.01584403905052406,0,흑당버블티
13.0,6.035714285714286,0.0,2.694444444444446,9.53869387761443,0.4052469135802469,8.0,0.0,-0.0632911392405062,-0.0385997812158148,0.2950410798122063,0.0156084062455081,-0.25,0.0,0.2909461459975235,0.1862156035523057,0.01584403905052406,0,흑당버블티
19.0,10.785714285714285,0.0,5.347222222222224,9.512747017742791,0.5230319063652398,7.333333333333333,0.0,0.8194444444444444,0.951974564926372,1.566140278917144,0.0094601260869624,-0.3125,0.0,0.6356224006224751,0.1862156035523057,0.01584403905052406,0,흑당버블티
19.0,15.535714285714285,0.0,6.458333333333335,9.494833838445029,0.5555967841682129,6.666666666666667,0.0,1.0135135135135132,1.0768046527540194,2.273938474870015,0.0021841788801175,-0.3548387096774194,0.0,0.5880180521059526,0.1862156035523057,0.01584403905052406,0,흑당버블티
19.0,17.5,0.7051282051282053,6.912037037037038,9.507079468673291,0.52568535099591,7.0,0.0,0.2595419847328244,-0.55990245971162,2.3445340501792096,-0.0023807695432488,-0.2758620689655172,0.0,0.6229980616100244,0.1862156035523057,0.01584403905052406,0,흑당버블티
19.0,19.0,0.4615384615384614,5.421652421652422,9.592103766591883,0.4713013022088761,8.333333333333334,0.0,0.0402684563758388,-0.9732450571376744,1.0121596616441968,0.0055992874561996,0.0416666666666667,0.0,0.1629978820691231,0.1862156035523057,0.01584403905052406,0,흑당버블티
19.0,19.0,0.0,5.20953120953121,9.604430782802776,0.484794937978541,9.666666666666666,0.0,0.0424242424242424,-0.2171177423085819,-0.0257500075681895,0.0096379904657382,0.3181818181818181,0.0,-0.073106378256009,0.1862156035523057,0.01584403905052406,1,흑당버블티
19.0,19.0,0.0,5.630827505827507,9.614204192534642,0.5156867633077065,9.666666666666666,0.0,0.1419354838709678,0.101667027495129,-0.1281299345815475,0.0125721372401776,0.4499999999999999,0.0,-0.0718327067357957,0.1862156035523057,0.01584403905052406,1,흑당버블티
19.0,19.0,0.0,6.5128787878787895,9.556232932344464,0.5351918022157305,9.0,0.0,0.0930232558139534,0.0505990133897109,-0.0577482798514278,0.0051701959401029,0.2857142857142858,0.0,0.0180839188343571,0.1862156035523057,0.01584403905052406,1,흑당버블티
19.0,19.0,0.0,6.428703703703705,9.566364990610358,0.5292567454332161,8.666666666666666,0.0,-0.0112994350282485,-0.1532349188992164,0.1857461902259591,-0.0026833296019139,0.0399999999999998,0.0,0.1229689859814022,0.1862156035523057,0.01584403905052406,1,흑당버블티
12.142857142857142,17.285714285714285,-0.3609022556390977,5.45754985754986,9.578915437941912,0.5005698005698006,9.666666666666666,0.0,-0.1010638297872339,-0.1940870856011873,0.047608630804415,-0.0026566222858881,0.0,0.0,0.032539247742636,0.1862156035523057,0.01584403905052406,0,흑당버블티
11.0,15.285714285714286,-0.4210526315789473,4.457549857549858,9.589864502344914,0.4912749287749288,9.333333333333334,0.0,-0.2057142857142857,-0.1944148506860371,-0.2083668247807963,-0.0025316385737497,-0.0344827586206895,0.0,-0.047338493577372,0.1862156035523057,0.01584403905052406,0,흑당버블티
11.0,13.285714285714285,-0.4210526315789473,4.392735042735044,9.600785060339588,0.5243885508716017,10.333333333333334,0.0,-0.1005917159763314,0.0004721138109025,-0.3255309693602121,0.0046621015111854,0.1481481481481481,0.0,-0.0201857563950018,0.1862156035523057,0.01584403905052406,0,흑당버블티
11.0,11.285714285714285,-0.4210526315789473,4.794444444444445,9.612253559104616,0.534634786117837,10.666666666666666,0.3333333333333333,0.1726618705035971,0.3783761562178829,-0.2542128762782658,0.0047968657415118,0.2307692307692308,0.0,0.0101614967235208,0.1862156035523057,0.01584403905052406,0,흑당버블티
14.571428571428571,11.892857142857142,0.1999999999999999,4.935185185185186,9.62308776090594,0.5106690650776478,11.0,0.3333333333333333,0.0657894736842106,0.166381189660542,-0.095714136562957,0.0046114117250748,0.1379310344827586,0.0,0.0201755369507932,0.1862156035523057,0.01584403905052406,0,흑당버블티
16.0,13.142857142857142,0.4545454545454546,4.51851851851852,9.711778047083602,0.4998618402873722,11.0,0.3333333333333333,-0.0981595092024539,-0.2708213797060511,0.0136776172823727,0.0127127494563532,0.1785714285714286,0.0,0.0174788311177536,0.1862156035523057,0.01584403905052406,0,흑당버블티
16.0,14.392857142857142,0.4545454545454546,4.481481481481483,9.720519989903105,0.5082661505209507,10.0,0.0,-0.1851851851851852,-0.2509746588693958,0.0202030028861432,0.0124713686236073,-0.0322580645161291,0.0,-0.0307451417920042,0.1862156035523057,0.01584403905052406,0,흑당버블티
16.0,15.642857142857142,0.4545454545454546,4.212962962962965,9.831565496861408,0.5220379512257102,11.0,0.0,-0.0612244897959183,0.0369350194065356,-0.1212823483970643,0.0228158710554469,0.03125,-1.0,-0.0235615699150379,0.1862156035523057,0.01584403905052406,0,흑당버블티
17.142857142857142,16.285714285714285,0.1764705882352941,4.620370370370371,9.774091813227336,0.5233005774883365,9.666666666666666,0.0,0.0454545454545454,0.2306397306397306,-0.0637898686679174,0.0156918502743843,-0.1212121212121212,-1.0,0.0247352214467271,0.1862156035523057,0.01584403905052406,0,흑당버블티
20.0,17.285714285714285,0.25,4.235185185185187,9.78608914081914,0.497225865760827,10.0,0.0,-0.0507246376811594,0.0104998521147589,-0.0627049180327868,0.007651646626938,-0.0909090909090909,-1.0,-0.0052734061976601,0.1862156035523057,0.01584403905052406,0,흑당버블티
20.0,18.285714285714285,0.25,4.054629629629631,9.691576358525236,0.4826438004331743,8.333333333333334,0.0,-0.2101449275362318,-0.2555994729907772,-0.0952479338842975,-0.0029775805623498,-0.1666666666666666,0.0,-0.0504112856256797,0.1862156035523057,0.01584403905052406,0,흑당버블티
20.0,19.285714285714285,0.25,5.879545454545455,9.292901026617043,0.5475029179238707,8.666666666666666,1.0,0.3664122137404579,0.4171368514216174,0.395584415584415,-0.0547892876690213,-0.2121212121212121,0.0,0.0487799146371839,0.1862156035523057,0.01584403905052406,0,흑당버블티
20.0,20.0,0.1666666666666667,5.912878787878789,9.30747643014591,0.5536653829098651,8.666666666666666,1.0,0.6513761467889907,0.8615210743252225,0.2797413007833849,-0.0477400245463167,-0.1034482758620689,0.0,0.0580255530526439,0.1862156035523057,0.01584403905052406,0,흑당버블티
21.0,20.25,0.05,5.687878787878788,9.403045750330543,0.5687191463507253,9.333333333333334,1.0,0.0111731843575419,-0.3552390293829159,0.3430059228047855,-0.0391416208228545,-0.0666666666666666,0.0,0.1437843151632976,0.1862156035523057,0.01584403905052406,0,흑당버블티
21.0,20.5,0.05,3.495238095238096,9.785939890218934,0.5185759209344115,10.333333333333334,0.0,-0.3333333333333333,-0.984709480122324,-0.1379636577170261,0.0097366546166342,0.24,0.0,0.0744485280220901,0.1862156035523057,0.01584403905052406,1,흑당버블티
21.0,20.75,0.05,4.921164021164022,9.794822003076767,0.5646076669661576,9.666666666666666,0.3333333333333333,-0.143646408839779,-0.154819593197321,-0.163002640389575,0.0540112258832958,0.1153846153846154,-0.6666666666666667,0.0312413842599195,0.1862156035523057,0.01584403905052406,1,흑당버블티
21.0,21.0,0.05,5.965608465608466,9.750421950080298,0.5793412602085227,9.333333333333334,0.3333333333333333,0.5,0.8333333333333334,0.0089177674059159,0.0475902918754365,0.0769230769230771,-0.6666666666666667,0.0463743591187053,0.1862156035523057,0.01584403905052406,1,흑당버블티
18.714285714285715,20.42857142857143,-0.1088435374149658,6.846560846560847,9.85757358668157,0.585500789009561,7.666666666666667,0.3333333333333333,0.1096774193548388,0.2533238281946179,0.2037107508604578,0.0483383627411413,-0.1785714285714286,-0.6666666666666667,0.029507785638162,0.1862156035523057,0.01584403905052406,0,흑당버블티
17.0,19.42857142857143,-0.1904761904761904,5.462301587301588,9.954826225755156,0.5705445766395555,7.666666666666667,0.0,-0.2722222222222222,-0.7722222222222223,0.5627838328792008,0.0172580597705309,-0.2580645161290322,0.0,0.100214170398623,0.1862156035523057,0.01584403905052406,0,흑당버블티
17.0,18.42857142857143,-0.1904761904761904,4.68452380952381,10.043616357963074,0.5746885344175986,7.333333333333333,0.3333333333333333,-0.4069767441860465,-0.5166541635408854,-0.0480862272873884,0.0254005999096413,-0.2413793103448276,0.0,0.0178546414461728,0.1862156035523057,0.01584403905052406,0,흑당버블티
17.0,17.42857142857143,-0.1904761904761904,3.641666666666667,10.007537117606942,0.5629040226330867,8.0,0.6666666666666666,-0.3129770992366412,-0.0407548770144189,-0.3895565410199556,0.0263696452156643,-0.1428571428571429,1.0,-0.0283722888466804,0.1862156035523057,0.01584403905052406,0,흑당버블티
16.714285714285715,16.928571428571427,-0.1068702290076335,3.641666666666667,10.015356380607209,0.5600304594146959,7.666666666666667,0.6666666666666666,-0.1176470588235294,0.2893296853625171,-0.4681027820710973,0.0160062506800675,0.0,1.0,-0.0435017852630925,0.1862156035523057,0.01584403905052406,0,흑당버블티
16.0,16.678571428571427,-0.0588235294117647,3.766666666666667,10.007494631878751,0.536391003632383,8.0,0.3333333333333333,0.0777777777777779,0.3907548770144191,-0.3104249909189974,0.005290740885796,0.0434782608695651,0.0,-0.0598613577370821,0.1862156035523057,0.01584403905052406,0,흑당버블티
16.0,16.428571428571427,-0.0588235294117647,4.047619047619048,9.999052889179117,0.5099343185550081,7.333333333333333,0.0,0.0333333333333334,0.1509803921568628,-0.135959339263024,-0.0044369943251193,0.0,-1.0,-0.1126770624164509,0.1862156035523057,0.01584403905052406,0,흑당버블티
16.0,16.178571428571427,-0.0588235294117647,4.3726190476190485,9.92289816400632,0.3883576069108303,6.666666666666667,0.3333333333333333,-0.1030927835051547,-0.1808705612829326,0.2007191892775417,-0.0084575208271483,-0.1666666666666666,-0.5,-0.3100820187885379,0.1862156035523057,0.01584403905052406,0,흑당버블티
16.0,16.0,-0.0427350427350428,4.039285714285715,9.859226462442708,0.3770701289566857,6.333333333333333,0.6666666666666666,-0.1505376344086022,-0.1838709677419356,0.1091860084995095,-0.0155890526738333,-0.1739130434782609,0.0,-0.3266971061703095,0.1862156035523057,0.01584403905052406,0,흑당버블티
15.14285714285714,15.785714285714286,-0.0535714285714287,4.446212121212121,9.438827049261272,0.4168635714386144,7.333333333333333,1.0,0.2528735632183909,0.3559663467235456,0.1804102976669348,-0.0568241706376736,-0.0833333333333333,2.0,-0.2228363849959106,0.1862156035523057,0.01584403905052406,0,흑당버블티
15.0,15.535714285714285,-0.0625,4.121212121212122,9.582787678910012,0.5097046508988843,8.333333333333334,0.6666666666666666,0.4556962025316458,0.606233836940248,0.0181818181818183,-0.0416304638931935,0.1363636363636364,0.0,-0.0004503867415213,0.1862156035523057,0.01584403905052406,0,흑당버블티
15.0,15.285714285714285,-0.0625,8.523989898989898,9.014644087602893,0.6233670989415669,9.666666666666666,0.6666666666666666,1.6330275229357798,1.3801539597173889,0.9494014470872618,-0.0915311294534867,0.4499999999999999,1.0,0.6051368322616544,0.1862156035523057,0.01584403905052406,0,흑당버블티
15.0,15.035714285714285,-0.0625,8.76388888888889,9.019851816967964,0.6366043003027525,10.0,0.6666666666666666,1.6173913043478256,1.16169510181618,1.1696630317319974,-0.0851359534819715,0.5789473684210527,0.0,0.6882915177189217,0.1862156035523057,0.01584403905052406,0,흑당버블티
18.0,15.75,0.188679245283019,10.703703703703704,5.041832750613007,0.695245649562763,10.333333333333334,1.0,0.2439024390243902,-1.3891250839113896,1.4073758543003732,-0.4658411766314115,0.4090909090909091,0.0,0.6678014036185504,0.1862156035523057,0.01584403905052406,0,흑당버블티
22.0,17.5,0.4666666666666665,21.009259259259263,5.529823814123367,0.6936852158150771,9.333333333333334,1.0,0.7873754152823922,-0.8300158890654334,4.097834967320261,-0.4229420499116857,0.1199999999999998,0.5,0.3609552406314831,0.1862156035523057,0.01584403905052406,1,흑당버블티
22.0,19.25,0.4666666666666665,23.31481481481482,5.756299664839373,0.7554580844494194,10.0,0.6666666666666666,0.7759103641456584,0.5320079251212682,1.7351997234977543,-0.3614501461288367,0.0344827586206897,0.0,0.2118991934802681,0.1862156035523057,0.01584403905052406,1,흑당버블티
22.0,21.0,0.4666666666666665,22.625,7.285468152639327,0.7188798561712909,9.666666666666666,0.6666666666666666,0.1301115241635686,-0.6572638911188236,1.5816164817749605,-0.192285161610521,-0.0333333333333334,0.0,0.129241281953971,0.1862156035523057,0.01584403905052406,1,흑당버블티
21.285714285714285,21.82142857142857,0.1825396825396825,8.306818181818185,7.880909459387551,0.6344938912590101,10.333333333333334,0.3333333333333333,-0.5615141955835963,-1.337424559729255,-0.2239304812834222,0.5631041030524779,0.0,-0.6666666666666667,-0.0873817165802611,0.1862156035523057,0.01584403905052406,1,흑당버블티
17.0,20.57142857142857,-0.2272727272727273,5.3401515151515175,8.250657855854449,0.5222495521565386,9.333333333333334,0.3333333333333333,-0.7532894736842105,-0.8834009978477791,-0.745819143395168,0.4920290651542955,0.0,-0.6666666666666667,-0.2471375484874683,0.1862156035523057,0.01584403905052406,1,흑당버블티
17.0,19.32142857142857,-0.2272727272727273,4.506818181818184,9.157355125602292,0.4835345007296227,9.333333333333334,0.0,-0.5323741007194245,0.0291400948641717,-0.8066972344573615,0.5908405848877611,-0.0666666666666666,-1.0,-0.3599452958637349,0.1862156035523057,0.01584403905052406,1,흑당버블티
17.0,18.07142857142857,-0.2272727272727273,4.08257575757576,9.175951541637849,0.4483829855781074,9.666666666666666,0.0,-0.2266666666666666,0.5266228070175438,-0.8195546626485852,0.259486878453192,0.0,-1.0,-0.3762754906415556,0.1862156035523057,0.01584403905052406,1,흑당버블티
17.0,17.0,-0.2013422818791945,4.782575757575761,9.195796397032533,0.4377089756122014,8.0,0.0,-0.1846153846153846,0.3477587161040398,-0.4242590059279524,0.1668445684373039,-0.2258064516129032,-1.0,-0.3101446969904365,0.1862156035523057,0.01584403905052406,1,흑당버블티
13.428571428571429,16.107142857142858,-0.2100840336134454,4.95757575757576,8.425533593824564,0.4508381304080228,8.666666666666666,0.0,0.0431034482758621,0.2697701149425288,-0.071641367569868,0.0211953690269712,-0.0714285714285715,-1.0,-0.1367381196472734,0.1862156035523057,0.01584403905052406,0,흑당버블티
12.0,14.857142857142858,-0.2941176470588235,5.49166666666667,8.461851127014466,0.4371434917133841,7.666666666666667,0.0,0.1698113207547169,0.3544267053701015,0.2185241217011264,-0.0759503141516619,-0.1785714285714286,0.0,-0.0959414663198542,0.1862156035523057,0.01584403905052406,0,흑당버블티
12.0,13.607142857142858,-0.2941176470588235,4.710714285714288,8.491281170835236,0.4602191018857685,8.333333333333334,0.0,-0.0082644628099174,-0.0513679110857795,0.15385838878138,-0.0746157352396396,-0.1379310344827584,0.0,0.0263973359568951,0.1862156035523057,0.01584403905052406,0,흑당버블티
12.0,12.357142857142858,-0.2941176470588235,8.503306878306882,8.104403882266597,0.5592788680537025,7.666666666666667,0.3333333333333333,0.7499999999999998,0.5801886792452828,0.777976410480766,-0.1186838494073363,-0.0416666666666666,0.0,0.2777413743263259,0.1862156035523057,0.01584403905052406,0,흑당버블티
12.0,12.0,-0.1063829787234043,9.359788359788364,7.460651184500256,0.6116186647964844,7.666666666666667,0.3333333333333333,1.041666666666667,1.0499311294765843,0.887976869639461,-0.1145188489939096,-0.1153846153846153,0.0,0.35662585647525,0.1862156035523057,0.01584403905052406,0,흑당버블티
12.0,12.0,0.0,9.66666666666667,6.907564427437805,0.6025132138305683,8.0,0.3333333333333333,0.2027649769585253,-0.5472350230414744,0.760242792109256,-0.1836816408426992,0.0434782608695651,0.0,0.378296200794429,0.1862156035523057,0.01584403905052406,0,흑당버블티
12.0,12.0,0.0,5.8074074074074105,7.972325456926745,0.5093413868839068,8.333333333333334,0.0,-0.3387755102040817,-1.3804421768707489,0.2328082441804959,-0.0611163031193613,0.0,0.0,0.1067367364736873,0.1862156035523057,0.01584403905052406,0,흑당버블티
12.0,12.0,0.0,5.714814814814818,8.258830746015938,0.4638839196978732,8.666666666666666,0.0,-0.3065134099616857,-0.5092783869202111,-0.3279303103367814,0.0190546850814339,0.1304347826086955,-1.0,-0.1705677682545113,0.1862156035523057,0.01584403905052406,0,흑당버블티
12.0,12.0,0.0,5.983333333333335,8.296185159183063,0.4433952776368604,9.666666666666666,0.3333333333333333,0.2654320987654319,0.6042076089695136,-0.3607405313736574,0.1119920974751715,0.2608695652173911,0.0,-0.2750461960077692,0.1862156035523057,0.01584403905052406,0,흑당버블티
19.0,13.75,0.5833333333333333,6.765151515151518,8.216908857813426,0.4165859423937902,9.666666666666666,0.3333333333333333,0.3038674033149171,0.6103808132766029,-0.3001567398119121,0.1895522574027284,0.2083333333333332,0.0,-0.3085862138271084,0.1862156035523057,0.01584403905052406,1,흑당버블티
19.0,15.5,0.5833333333333333,6.800505050505052,8.240208170096988,0.4688527969862262,10.0,0.3333333333333333,0.1219512195121952,-0.1434808792532367,0.1710053339517621,0.0336015776849016,0.1999999999999999,0.0,-0.079492047849057,0.1862156035523057,0.01584403905052406,1,흑당버블티
19.0,17.25,0.5833333333333333,9.161616161616164,8.260535154311277,0.5591542138783737,9.0,0.0,0.1737288135593218,-0.1301385897555953,0.6031343899133914,0.0002063740434639,0.0384615384615385,0.0,0.2053752892373375,0.1862156035523057,0.01584403905052406,1,흑당버블티
19.0,19.0,0.5833333333333333,10.646464646464649,7.729914517609442,0.6701864690586495,10.333333333333334,0.6666666666666666,0.5739130434782609,0.4519618239660656,0.7793534228074617,-0.0682567506279454,0.0689655172413794,1.0,0.5114876113036335,0.1862156035523057,0.01584403905052406,1,흑당버블티
14.714285714285714,17.928571428571427,-0.225563909774436,11.08888888888889,7.795489173702258,0.6682210787211661,11.666666666666666,1.0,0.483754512635379,0.3100256990760572,0.6391190742814479,-0.0512868879773982,0.2068965517241379,2.0,0.6040413531033417,0.1862156035523057,0.01584403905052406,0,흑당버블티
13.0,16.428571428571427,-0.3157894736842105,12.158333333333337,7.227872709559999,0.6150388558849856,11.333333333333334,1.0,0.1712707182320443,-0.4026423252462165,0.7878574080950613,-0.1228531415275002,0.1333333333333333,2.0,0.3117952155525991,0.1862156035523057,0.01584403905052406,0,흑당버블티
13.0,14.928571428571429,-0.3157894736842105,10.286538461538465,7.92098387200234,0.5769697821016261,11.0,0.3333333333333333,-0.1751824817518248,-0.6589369943872039,0.1227864472903061,-0.0411052402738969,0.2222222222222223,0.0,0.0318616363447947,0.1862156035523057,0.01584403905052406,0,흑당버블티
13.0,13.428571428571429,-0.3157894736842105,11.932692307692312,7.416581460751084,0.6485738670778042,10.333333333333334,0.0,-0.0896226415094341,-0.2608933597414784,0.1208126550868486,-0.0405351257306347,0.0,-1.0,-0.0322486397124708,0.1862156035523057,0.01584403905052406,0,흑당버블티
14.714285714285714,13.428571428571429,0.0,10.065268065268068,7.496708392947586,0.7211332178146339,11.333333333333334,0.0,0.0973451327433627,0.2725276144951876,-0.0923104951161062,-0.0383273934575645,-0.0285714285714284,-1.0,0.0791835827668447,0.1862156035523057,0.01584403905052406,0,흑당버블티
16.0,14.178571428571429,0.2307692307692308,11.603729603729604,6.559234958502403,0.7574822854137014,9.666666666666666,0.0,-0.0233160621761656,0.0663065793332684,-0.0456151114136037,-0.0925082355384063,-0.1470588235294119,-1.0,0.2316006999651307,0.1862156035523057,0.01584403905052406,1,흑당버블티
16.0,14.928571428571429,0.2307692307692308,9.93939393939394,7.275074977072803,0.6907449447401905,8.666666666666666,0.0,-0.206989247311828,-0.3043343800551907,-0.0337474577519448,-0.0815440234908921,-0.2121212121212121,-1.0,0.1971943179140782,0.1862156035523057,0.01584403905052406,1,흑당버블티
16.0,15.678571428571429,0.2307692307692308,9.431818181818183,7.393166053018402,0.6211102284240583,7.666666666666667,0.3333333333333333,-0.3315649867374005,-0.3082489245612348,-0.2095817156252288,-0.0031571698978293,-0.2580645161290322,0.0,-0.0423446580996013,0.1862156035523057,0.01584403905052406,1,흑당버블티
15.0,15.75,0.0194174757281553,7.06818181818182,7.500981546253433,0.5699077971344176,8.333333333333334,0.6666666666666666,-0.2983050847457626,-0.0913158374339346,-0.2977651690597499,0.0005700039379772,-0.2647058823529411,0.0,-0.2097052485510222,0.1862156035523057,0.01584403905052406,1,흑당버블티
9.0,14.0,-0.4375,6.636363636363639,7.256656437044608,0.6034339364932789,9.0,1.0,-0.2063492063492062,0.1252157803881942,-0.4280835676978703,0.1063266498234178,-0.0689655172413792,0.0,-0.2033689128931755,0.1862156035523057,0.01584403905052406,0,흑당버블티
9.0,12.25,-0.4375,4.901515151515154,8.124419675471096,0.5868421949015373,9.666666666666666,0.6666666666666666,-0.183574879227053,0.1147302055187096,-0.5068597560975607,0.1167472089394237,0.1153846153846154,0.0,-0.1504212960657049,0.1862156035523057,0.01584403905052406,0,흑당버블티
9.0,10.5,-0.4375,5.1318181818181845,8.31849594864931,0.5646832954928908,9.666666666666666,0.6666666666666666,-0.14,0.0663492063492062,-0.4559036144578312,0.125160166699235,0.2608695652173911,1.0,-0.0908485005541439,0.1862156035523057,0.01584403905052406,0,흑당버블티
9.0,9.0,-0.4,4.381818181818184,8.478495443714905,0.4572120311250746,8.0,0.3333333333333333,-0.3195266272189349,-0.1359517479918818,-0.3800643086816719,0.1303181312250685,-0.04,-0.5,-0.197743857122142,0.1862156035523057,0.01584403905052406,0,흑당버블티
8.142857142857142,8.785714285714285,-0.0952380952380953,4.422222222222224,8.069052781038275,0.4657590396720832,8.0,0.6666666666666666,-0.3023255813953488,-0.1623255813953488,-0.3336377473363774,0.111951881840024,-0.1111111111111111,-0.3333333333333333,-0.2281523933195778,0.1862156035523057,0.01584403905052406,0,흑당버블티
8.0,8.535714285714285,-0.1111111111111111,3.9126984126984152,8.12104183920315,0.4443762094924885,8.666666666666666,0.3333333333333333,0.0173913043478259,0.3369179315667608,-0.2017369544417456,-0.0004157633902325,-0.1034482758620689,-0.5,-0.2427671129424363,0.1862156035523057,0.01584403905052406,0,흑당버블티
8.0,8.285714285714285,-0.1111111111111111,3.5376984126984152,8.003086093820349,0.5079664125988207,9.0,0.3333333333333333,-0.0166666666666666,0.2856589147286822,-0.3106344988541621,-0.0379166927261863,-0.0689655172413792,-0.5,-0.1004401641535438,0.1862156035523057,0.01584403905052406,0,흑당버블티
8.0,8.035714285714285,-0.1111111111111111,7.85714285714286,7.720517150027435,0.5890687897538295,8.333333333333334,0.6666666666666666,0.7692307692307692,0.7518394648829432,0.7931238885595733,-0.0894000944765923,0.0416666666666667,1.0,0.2883930204205063,0.1862156035523057,0.01584403905052406,0,흑당버블티
8.0,8.0,-0.0175438596491227,11.52777777777778,6.867178914014693,0.7054849218229133,8.666666666666666,1.3333333333333333,1.8220338983050848,1.8387005649717516,1.6067839195979894,-0.1489485692605585,0.0833333333333332,1.0,0.5146993654049286,0.1862156035523057,0.01584403905052406,0,흑당버블티
8.0,8.0,0.0,11.986111111111114,5.454628013553037,0.7227589162474453,9.333333333333334,1.3333333333333333,0.7632850241545894,-0.0059457450761797,2.0633874239350902,-0.3283339599087381,0.0769230769230771,3.0,0.626457269332422,0.1862156035523057,0.01584403905052406,1,흑당버블티
8.0,8.0,0.0,9.349206349206352,6.028355714930714,0.6104545898577004,9.0,1.0,-0.12012012012012,-1.9421540184252049,1.6427369601794717,-0.2467461121547148,0.0,2.0,0.2017617202966968,0.1862156035523057,0.01584403905052406,1,흑당버블티
8.0,8.0,0.0,6.260822510822513,6.402748725489025,0.5256929960249891,8.0,0.3333333333333333,-0.5150684931506849,-1.2783535173052742,-0.2031680440771349,-0.1706839579436369,-0.04,-0.5,-0.107586405579771,0.1862156035523057,0.01584403905052406,1,흑당버블티
6.857142857142856,7.7142857142857135,-0.142857142857143,6.2987012987013005,7.097349362225827,0.4719588561326571,8.0,0.3333333333333333,-0.4095563139931741,-0.2894361938730541,-0.4536066343295258,0.0335174678122038,-0.0769230769230768,-0.75,-0.3310149635612972,0.1862156035523057,0.01584403905052406,1,흑당버블티
0.0,5.7142857142857135,-1.0,5.163170163170165,7.722884281115345,0.520221039818932,10.0,0.0,0.0225988700564971,0.5376673632071821,-0.5692372517401485,0.4158406882974244,0.0714285714285714,-1.0,-0.2802288174874234,0.1862156035523057,0.01584403905052406,0,흑당버블티
0.0,3.714285714285714,-1.0,4.95710955710956,8.254792489247864,0.4577064056061846,10.0,0.3333333333333333,-0.0173410404624277,0.3922152735307463,-0.4697828487302169,0.3693273721062657,0.1111111111111111,-0.6666666666666667,-0.2502203878704918,0.1862156035523057,0.01584403905052406,0,흑당버블티
0.0,1.714285714285714,-1.0,4.252564102564105,8.407544130941634,0.4649068322981367,11.666666666666666,0.3333333333333333,-0.0994475138121546,-0.1220463838686518,-0.3207659065221725,0.3131148029394965,0.4583333333333332,0.0,-0.1156305375694275,0.1862156035523057,0.01584403905052406,0,흑당버블티
0.0,0.0,-1.0,3.9648148148148175,8.440718831831427,0.4483516483516483,10.333333333333334,0.3333333333333333,-0.2117647058823529,-0.1944236654199251,-0.3705345551737302,0.1892776304285381,0.2916666666666667,0.0,-0.0500196308942092,0.1862156035523057,0.01584403905052406,0,흑당버블티
7.857142857142857,1.9642857142857144,0.0,3.655723905723909,8.474810257040778,0.4755762755762756,10.333333333333334,0.0,-0.2147239263803682,-0.1152764125682135,-0.2919613744670176,0.0973633617383218,0.0333333333333334,0.0,-0.0858188362742794,0.1862156035523057,0.01584403905052406,0,흑당버블티
11.0,4.714285714285714,0.0,3.4441854441854467,8.608825217793736,0.460116245410363,9.333333333333334,0.6666666666666666,-0.1791044776119402,0.0326602282704127,-0.3052028799230905,0.0428881439487438,-0.0666666666666666,1.0,0.0052650340363642,0.1862156035523057,0.01584403905052406,1,흑당버블티
11.0,7.464285714285714,0.0,2.8377039627039653,8.640531467699061,0.3573384676325853,9.333333333333334,0.6666666666666666,-0.2890625,-0.0743385736196318,-0.3327075396716636,0.0277116995318504,-0.1999999999999999,1.0,-0.2313761751657149,0.1862156035523057,0.01584403905052406,1,흑당버블티
11.0,10.214285714285715,0.0,2.324572649572652,8.67267374054345,0.3082579185520362,11.0,1.0,-0.2636363636363635,-0.0845318860244233,-0.4136995652642544,0.0274804685872582,0.064516129032258,2.0,-0.3124639561707035,0.1862156035523057,0.01584403905052406,1,흑당버블티
10.142857142857142,10.785714285714286,0.290909090909091,2.833730158730161,8.699882142132532,0.2389952002020967,9.666666666666666,0.3333333333333333,-0.1648351648351648,0.1242273351648352,-0.2248511562119666,0.0265577491725867,-0.0645161290322582,0.0,-0.497461895229117,0.1862156035523057,0.01584403905052406,1,흑당버블티
8.0,10.035714285714285,-0.2727272727272727,3.032804232804235,8.698796465615644,0.2691676139952002,9.666666666666666,0.6666666666666666,0.0370370370370369,0.3006734006734005,-0.1194422362116752,0.0104510482610269,0.0357142857142855,0.0,-0.4150008466770432,0.1862156035523057,0.01584403905052406,1,흑당버블티
8.0,9.285714285714285,-0.2727272727272727,3.0661375661375687,8.84840806748964,0.2887868836144698,8.333333333333334,0.3333333333333333,0.0526315789473685,0.2174667437825334,0.0804994482990169,0.0240583117563641,-0.1071428571428571,-0.5,-0.1918393630338173,0.1862156035523057,0.01584403905052406,1,흑당버블티
8.0,8.535714285714285,-0.2727272727272727,2.745791245791248,8.925296107571203,0.3535129621336517,9.333333333333334,0.3333333333333333,0.0238095238095239,-0.013227513227513,0.1812025949354745,0.029128544966102,-0.1515151515151515,-0.6666666666666667,0.146809022114305,0.1862156035523057,0.01584403905052406,1,흑당버블티
8.0,8.0,-0.2112676056338027,2.571717171717174,9.125260058575453,0.3785874619207952,9.666666666666666,0.0,0.05,-0.0026315789473685,-0.0924622219959007,0.0488946757546133,0.0,-1.0,0.5840797706424976,0.1862156035523057,0.01584403905052406,0,흑당버블티
0.0,6.0,-1.0,2.87727272727273,8.99224077987393,0.4088904922238255,8.666666666666666,0.3333333333333333,-0.0232558139534884,-0.0470653377630123,-0.0512830679439191,0.0337338981798465,-0.1034482758620689,-0.5,0.5190924575016547,0.1862156035523057,0.01584403905052406,0,흑당버블티
0.0,4.0,-1.0,2.583333333333336,8.98258385933424,0.3947177084858244,8.0,0.3333333333333333,-0.1428571428571429,-0.1928571428571429,-0.1574633304572906,0.0151638340841875,-0.04,0.0,0.3668131445082256,0.1862156035523057,0.01584403905052406,0,흑당버블티
4.0,3.0,-0.5,3.433333333333336,8.461949531499723,0.4743914298262124,7.666666666666667,0.6666666666666666,0.0357142857142858,0.0589700996677742,0.2503985285101164,-0.0519138603904053,-0.1785714285714286,1.0,0.341935036732431,0.1862156035523057,0.01584403905052406,1,흑당버블티
7.000000000000001,2.75,-0.1249999999999998,3.183333333333336,8.63943009632449,0.4404520358868185,8.333333333333334,0.6666666666666666,0.1805555555555555,0.3234126984126985,0.2378240377062057,-0.0532401223781456,-0.1379310344827584,0.0,0.1634089350242826,0.1862156035523057,0.01584403905052406,1,흑당버블티
5.0,4.0,0.0,3.416666666666669,8.597202531011698,0.4532539682539682,8.0,0.6666666666666666,-0.0114942528735632,-0.047208538587849,0.1874670879410214,-0.0439310132516013,-0.0769230769230768,1.0,0.1084972061562592,0.1862156035523057,0.01584403905052406,0,흑당버블티
0.0,4.0,0.0,3.1000000000000028,8.857753278312071,0.4295090439276485,8.333333333333334,1.0,0.023529411764706,-0.1570261437908495,0.1999999999999999,-0.0138969569309893,0.0416666666666667,2.0,0.0881423222061332,0.1862156035523057,0.01584403905052406,0,흑당버블티
0.0,3.0,-1.0,3.3380952380952404,8.888052125458872,0.4573536554564706,9.666666666666666,1.0,0.2209302325581394,0.2324244854317027,-0.0277392510402219,0.0503551329835962,0.2608695652173911,0.5,-0.0359150130009376,0.1862156035523057,0.01584403905052406,0,흑당버블티
0.0,1.25,-1.0,2.893650793650796,8.980804541145416,0.4240203221231373,11.333333333333334,1.0,0.160919540229885,0.137390128465179,-0.0909997506856146,0.0395135374688844,0.3599999999999999,0.5,-0.0373064770392017,0.1862156035523057,0.01584403905052406,0,흑당버블티
6.857142857142856,1.714285714285714,0.3714285714285712,2.201058201058204,9.202922739420313,0.3545112781954886,11.0,0.3333333333333333,-0.2571428571428571,-0.4780730897009966,-0.3557878435927214,0.070455500637989,0.375,-0.5,-0.2178528969947194,0.1862156035523057,0.01584403905052406,0,흑당버블티
8.0,3.714285714285714,0.0,2.490740740740743,8.822828517365839,0.3930232558139535,10.333333333333334,0.3333333333333333,-0.1782178217821781,-0.3391373620120632,-0.1965352449223416,-0.0039428464362113,0.24,-0.6666666666666667,-0.0849476597280711,0.1862156035523057,0.01584403905052406,1,흑당버블티
8.0,5.7142857142857135,0.0,3.389730639730642,8.206416415765004,0.4718111346018322,10.0,0.3333333333333333,0.4230769230769231,0.6802197802197802,0.0154685226011901,-0.0766912367380695,0.0344827586206897,-0.6666666666666667,0.0316111590513736,0.1862156035523057,0.01584403905052406,1,흑당버블티
8.0,7.7142857142857135,0.0,5.048989898989901,4.239248255061717,0.5792185420092397,10.666666666666666,1.0,0.963855421686747,1.1420732434689251,0.7448511444671615,-0.5279656476611123,-0.0588235294117648,0.0,0.3660159944905476,0.1862156035523057,0.01584403905052406,1,흑당버블티
6.857142857142856,7.714285714285714,0.0,4.854545454545456,5.35775435530285,0.5581907510478938,11.333333333333334,1.0,0.4594594594594594,0.0363825363825363,1.2055506993006977,-0.4178203482733647,0.0303030303030302,2.0,0.5745359467522777,0.1862156035523057,0.01584403905052406,0,흑당버블티
6.0,7.2142857142857135,-0.25,4.495238095238097,5.877305924906015,0.5218804429984555,11.666666666666666,1.3333333333333333,-0.0184049079754601,-0.9822603296622072,0.8047796070100892,-0.3338524132779183,0.129032258064516,3.0,0.3278614821854193,0.1862156035523057,0.01584403905052406,0,흑당버블티
6.0,6.7142857142857135,-0.25,3.228571428571431,6.415020048291375,0.4131658460485643,11.333333333333334,0.6666666666666666,-0.2469135802469136,-0.7063730397063731,-0.0475433679804178,-0.2182921602701335,0.1333333333333333,1.0,-0.124298229211482,0.1862156035523057,0.01584403905052406,0,흑당버블티
6.0,6.2142857142857135,-0.25,3.664468864468867,7.889546655809827,0.423587963613539,11.333333333333334,1.0,-0.15,-0.1315950920245399,-0.2742174300641838,0.8610721007880597,0.0625000000000002,0.0,-0.2686906014020837,0.1862156035523057,0.01584403905052406,0,흑당버블티
7.142857142857144,6.285714285714287,0.0416666666666669,3.3747863247863275,8.836647142686498,0.3952866380858266,11.333333333333334,0.6666666666666666,-0.0245901639344262,0.2223234163124874,-0.3048192963923298,0.6493192029120196,0.0,-0.3333333333333333,-0.2918430888656729,0.1862156035523057,0.01584403905052406,0,흑당버블티
10.0,7.2857142857142865,0.6666666666666667,2.9081196581196607,9.195043266500347,0.4054827165171992,11.666666666666666,1.0,-0.2279411764705883,-0.0779411764705882,-0.3530666014776181,0.5644996847169201,0.0,-0.25,-0.2230352335345141,0.1862156035523057,0.01584403905052406,1,흑당버블티
10.0,8.285714285714286,0.6666666666666667,2.435185185185188,9.48564556870019,0.3679369289714116,10.333333333333334,0.3333333333333333,-0.3697478991596638,-0.3451577352252375,-0.2457391019337921,0.4786618743657191,-0.088235294117647,-0.5,-0.1094691575059095,0.1862156035523057,0.01584403905052406,1,흑당버블티
10.0,9.285714285714286,0.6666666666666667,2.712962962962965,9.39924209916922,0.3885185185185185,9.666666666666666,0.6666666666666666,-0.1904761904761904,0.0374649859943978,-0.2596572482118263,0.1913538900549705,-0.1470588235294119,-0.3333333333333333,-0.0827914107753454,0.1862156035523057,0.01584403905052406,1,흑당버블티
10.0,10.0,0.3999999999999997,2.803872053872056,9.510714650280244,0.3945791245791245,10.0,0.3333333333333333,0.1999999999999999,0.5697478991596637,-0.1691704943572742,0.0762809125123464,-0.1176470588235294,-0.5,-0.0017898745834876,0.1862156035523057,0.01584403905052406,1,흑당버블티
7.428571428571429,9.357142857142858,-0.2571428571428571,2.7075757575757597,9.338542389601812,0.3561175861175861,10.0,0.3333333333333333,0.0588235294117647,0.2492997198879551,-0.0689599893126713,0.0156061389753614,-0.1428571428571428,-0.6666666666666667,-0.1217441049611771,0.1862156035523057,0.01584403905052406,0,흑당버블티
7.000000000000001,8.607142857142858,-0.2999999999999999,2.402020202020204,9.456083188271824,0.3427883227883228,9.666666666666666,0.0,-0.1999999999999999,-0.3999999999999999,-0.0136190805392326,-0.0031165385860415,-0.0645161290322582,-1.0,-0.0683503182281627,0.1862156035523057,0.01584403905052406,0,흑당버블티
7.000000000000001,7.857142857142858,-0.2999999999999999,2.5444444444444465,9.468372817506427,0.3068511735178401,9.333333333333334,0.3333333333333333,-0.1777777777777777,-0.2366013071895424,-0.0621160409556313,0.0073549247490194,-0.0344827586206895,-0.5,-0.2102019366080377,0.1862156035523057,0.01584403905052406,0,흑당버블티
7.000000000000001,7.107142857142858,-0.2999999999999999,2.5825396825396845,9.484067170283575,0.3662303907917942,10.666666666666666,0.3333333333333333,0.1944444444444444,0.3944444444444444,-0.0789381138225329,-0.0028018378193991,0.0666666666666666,0.0,-0.0718454982066481,0.1862156035523057,0.01584403905052406,0,흑당버블티
8.142857142857142,7.2857142857142865,0.096153846153846,3.6047619047619066,9.360557679401326,0.3083820662768031,9.333333333333334,0.3333333333333333,0.2432432432432432,0.4210210210210209,0.3313614197777599,0.0023574653175024,-0.0666666666666666,0.0,-0.1340442643150492,0.1862156035523057,0.01584403905052406,0,흑당버블티
9.0,7.7857142857142865,0.2857142857142856,3.445502645502648,9.455956776837924,0.351591942820013,9.0,0.0,-0.0116279069767443,-0.2060723514211887,0.4344186791621609,-1.3368265843416438e-05,-0.0689655172413792,0.0,0.0256823801933492,0.1862156035523057,0.01584403905052406,0,흑당버블티
9.0,8.285714285714286,0.2857142857142856,3.725925925925928,9.467387541383692,0.3621913580246914,7.666666666666667,0.0,-0.141304347826087,-0.3845475910693302,0.46433770014556,-0.000104059709279,-0.1785714285714286,-1.0,0.1803486161464322,0.1862156035523057,0.01584403905052406,0,흑당버블티
9.0,8.785714285714285,0.2857142857142856,3.04713804713805,9.23186671706526,0.4142676767676767,9.666666666666666,0.6666666666666666,0.0470588235294118,0.0586867305061561,0.1798997969864597,-0.0265920146589149,-0.09375,1.0,0.1311668479287733,0.1862156035523057,0.01584403905052406,0,흑당버블티
9.142857142857142,9.035714285714285,0.1228070175438595,3.5444925444925466,8.36719840401602,0.481483793983794,10.666666666666666,1.0,0.5316455696202533,0.6729499174463404,-0.0167193733904433,-0.1061218048547762,0.1428571428571428,2.0,0.5613222902255774,0.1862156035523057,0.01584403905052406,0,흑당버블티
10.0,9.285714285714285,0.1111111111111111,4.650974025974028,6.49299572210534,0.524034299034299,10.333333333333334,1.0,0.6179775280898876,0.5709187045604758,0.349868075720348,-0.3133433373966203,0.1481481481481481,0.0,0.4904616267118575,0.1862156035523057,0.01584403905052406,1,흑당버블티
10.0,9.535714285714285,0.1111111111111111,4.375915750915753,5.79355490268902,0.5628843378843379,10.666666666666666,0.6666666666666666,0.1570247933884296,-0.3746207762318236,0.1744505494505492,-0.3880513629167152,0.3913043478260869,0.0,0.5541075881936555,0.1862156035523057,0.01584403905052406,1,흑당버블티
10.0,9.785714285714285,0.1111111111111111,3.8878205128205146,6.184850153204853,0.5197422947422948,10.666666666666666,1.0,-0.2013888888888888,-0.8193664169787764,0.2758924776880573,-0.3300542195034018,0.1034482758620689,0.5,0.2546049906610714,0.1862156035523057,0.01584403905052406,1,흑당버블티
10.0,10.0,0.09375,2.160256410256412,6.501038902252691,0.4246956746956747,11.666666666666666,1.0,-0.4142857142857142,-0.5713105076741439,-0.3905315406536738,-0.2230327777177634,0.09375,0.0,-0.1179439889726188,0.1862156035523057,0.01584403905052406,1,흑당버블티
8.285714285714286,9.571428571428571,-0.1714285714285713,2.011072261072263,8.447862762963343,0.3911157280722497,11.333333333333334,1.0,-0.3739130434782609,-0.1725241545893721,-0.5676019152458941,0.3010732063479848,0.096774193548387,0.0,-0.2536447923485051,0.1862156035523057,0.01584403905052406,0,흑당버블티
8.0,9.071428571428571,-0.1999999999999999,2.030303030303032,9.128250460642588,0.3602040471605688,11.0,0.3333333333333333,-0.0853658536585365,0.3289198606271777,-0.5360278520265962,0.5755871160219439,0.03125,-0.5,-0.3600744896999001,0.1862156035523057,0.01584403905052406,0,흑당버블티
8.0,8.571428571428571,-0.1999999999999999,2.2069412069412087,9.529820014378169,0.3752001621566838,10.0,1.0,0.0138888888888888,0.3878019323671497,-0.4323448832929457,0.540832805697002,-0.0625,0.0,-0.2781034640586248,0.1862156035523057,0.01584403905052406,0,흑당버블티
8.0,8.071428571428571,-0.1999999999999999,2.116032116032118,9.474109301149523,0.3638694638694638,10.0,0.6666666666666666,-0.0666666666666667,0.0186991869918697,-0.0204717801156969,0.4573223516423856,-0.1428571428571428,-0.3333333333333333,-0.1432230522945573,0.1862156035523057,0.01584403905052406,0,흑당버블티
9.0,8.25,0.0862068965517239,2.141673141673144,9.025685088603922,0.4061082286888737,10.333333333333334,0.6666666666666666,-0.0273972602739724,-0.0412861491628613,0.0649409188962939,0.0683986402068266,-0.088235294117647,-0.3333333333333333,0.0383326456609651,0.1862156035523057,0.01584403905052406,1,흑당버블티
10.0,8.75,0.25,2.0675990675990694,8.837857084387304,0.3968336648688554,10.333333333333334,0.0,0.0428571428571429,0.1095238095238096,0.0183696900114811,-0.0318125995235718,-0.0606060606060605,-1.0,0.1016912996870305,0.1862156035523057,0.01584403905052406,1,흑당버블티
7.214285714285714,8.553571428571429,-0.0982142857142857,2.044871794871797,9.00275290898492,0.3808884989236894,10.333333333333334,0.3333333333333333,0.0422535211267605,0.069650781400733,-0.0734362164065248,-0.0553071416457007,0.0333333333333334,-0.6666666666666667,0.0151608057264915,0.1862156035523057,0.01584403905052406,0,흑당버블티
7.000000000000001,8.303571428571429,-0.1249999999999998,9.050000000000002,9.028701831873214,0.4808149762695217,9.666666666666666,0.3333333333333333,2.794520547945205,2.7516634050880624,3.276872705018357,-0.0470131233573871,-0.0333333333333334,-0.5,0.3213941372173279,0.1862156035523057,0.01584403905052406,0,흑당버블티
7.000000000000001,7.80357142857143,-0.2222222222222221,11.550000000000002,8.562975892372162,0.6257620547094231,10.0,0.3333333333333333,3.72972972972973,3.687476208602969,4.3929798040875525,-0.0512658254403302,-0.0322580645161291,-0.5,0.540875093148703,0.1862156035523057,0.01584403905052406,0,흑당버블티
7.000000000000001,7.053571428571429,-0.2999999999999999,12.300000000000002,6.87724003709057,0.7034264538023937,8.666666666666666,0.3333333333333333,0.2888086642599279,-2.5057118836852776,4.948928974069895,-0.2218430359957168,-0.1612903225806452,0.0,0.7725977306760508,0.1862156035523057,0.01584403905052406,0,흑당버블티
9.142857142857142,7.5357142857142865,0.2673267326732673,5.500000000000003,7.044361240041954,0.5880988184747583,8.666666666666666,0.6666666666666666,-0.562857142857143,-4.292586872586873,1.6896551724137918,-0.2175325357412013,-0.1612903225806452,1.0,0.5440183154298477,0.1862156035523057,0.01584403905052406,1,흑당버블티
10.0,8.285714285714286,0.4285714285714284,5.285714285714288,7.192697594781428,0.5729076146587667,8.0,1.0,-0.6638655462184874,-0.9526742104784152,-0.4159431728492501,-0.2033519625834032,-0.1724137931034481,2.0,0.191534463222756,0.1862156035523057,0.01584403905052406,1,흑당버블티
10.0,9.035714285714285,0.4285714285714284,9.841269841269844,7.308991178805259,0.6538985015795727,7.666666666666667,0.6666666666666666,0.2941176470588236,0.8569747899159665,-0.1479420050848622,-0.1464426303808637,-0.2333333333333332,1.0,0.0449634915674377,0.1862156035523057,0.01584403905052406,1,흑당버블티
10.0,9.785714285714285,0.4285714285714284,12.87460317460318,7.412323896223904,0.7636505676952753,7.0,0.3333333333333333,1.4083333333333332,2.0721988795518205,0.0467157052522906,0.0778050287975264,-0.1923076923076923,0.0,0.0856153668480028,0.1862156035523057,0.01584403905052406,1,흑당버블티
7.142857142857144,9.285714285714286,-0.2187499999999997,11.533333333333337,7.506215691857517,0.7470006745159049,8.333333333333334,0.0,0.4393939393939394,0.1452762923351158,1.0969696969696967,0.0655637091962666,-0.0384615384615383,-1.0,0.2701958430273004,0.1862156035523057,0.01584403905052406,1,흑당버블티
0.0,6.785714285714287,-1.0,6.894444444444447,8.033816570616931,0.6502501504068902,9.0,0.0,-0.2768166089965397,-1.6851499423298728,0.3043543543543541,0.1169406839022075,0.125,-1.0,0.1350000135609821,0.1862156035523057,0.01584403905052406,0,흑당버블티
0.0,4.285714285714287,-1.0,3.709595959595962,8.952816448670905,0.527857391650495,9.666666666666666,0.0,-0.5929824561403509,-1.0323763955342904,-0.6230571847507329,0.2249045360230341,0.2608695652173911,-1.0,-0.192753324292088,0.1862156035523057,0.01584403905052406,0,흑당버블티
0.0,1.785714285714286,-1.0,4.024410774410776,8.97895205776441,0.4955359455359455,8.666666666666666,0.3333333333333333,-0.4736842105263158,-0.1968676015297761,-0.6874147715597598,0.2113545203196802,0.2380952380952379,0.0,-0.3510959508201627,0.1862156035523057,0.01584403905052406,0,흑당버블티
0.0,0.0,-1.0,4.380471380471383,8.862844454649373,0.5265346114402717,9.333333333333334,0.3333333333333333,0.1465517241379312,0.7395341802782822,-0.6201903427336952,0.1807340500837833,0.1199999999999998,0.0,-0.2951350254382389,0.1862156035523057,0.01584403905052406,0,흑당버블티
0.0,0.0,0.0,5.198653198653201,7.937906400021838,0.5728242192683412,10.0,1.3333333333333333,0.5454545454545454,1.0191387559808611,-0.2459648865772958,-0.0119383072481238,0.1111111111111111,0.0,-0.1190709930479834,0.1862156035523057,0.01584403905052406,0,흑당버블티
0.0,0.0,0.0,4.439393939393941,7.998488678459895,0.5324253588694808,10.666666666666666,1.3333333333333333,0.150375939849624,0.0038242157116927,0.1967324710687539,-0.1065952569990067,0.1034482758620689,0.0,0.0086537903821009,0.1862156035523057,0.01584403905052406,0,흑당버블티
0.0,0.0,0.0,3.8636363636363655,8.96709190948818,0.4668752966490523,11.0,1.3333333333333333,-0.2117647058823529,-0.7572192513368984,-0.0399498012967997,-0.0013208833502984,0.2692307692307694,3.0,-0.0578376788708948,0.1862156035523057,0.01584403905052406,0,흑당버블티
6.285714285714287,1.5714285714285718,0.0,2.8333333333333357,9.39901352786144,0.360701128936423,10.333333333333334,0.3333333333333333,-0.4117647058823529,-0.562140645731977,-0.3531898539584934,0.0604962747519275,0.1071428571428572,0.0,-0.3149526714876943,0.1862156035523057,0.01584403905052406,0,흑당버블티
11.0,4.321428571428572,0.0,3.433333333333336,9.41492244966646,0.3803237704458569,10.0,0.6666666666666666,-0.1940298507462686,0.0177348551360843,-0.3395725388601035,0.1860712353121925,0.0,-0.5,-0.3360550101536591,0.1862156035523057,0.01584403905052406,1,흑당버블티
11.0,7.071428571428572,0.0,3.069696969696972,9.025681847710809,0.3667117140530518,10.0,0.6666666666666666,0.0666666666666666,0.4784313725490196,-0.3085324232081909,0.1284234072890753,-0.0625,-0.5,-0.311242960268262,0.1862156035523057,0.01584403905052406,1,흑당버블티
11.0,9.821428571428571,0.0,3.382051282051284,8.395922466252005,0.4148017621431,10.333333333333334,1.0,0.0370370370370372,0.2310668877833058,-0.1246455505279033,-0.0636961736314775,-0.0606060606060605,-0.25,-0.1115362814860939,0.1862156035523057,0.01584403905052406,1,흑당버블티
10.142857142857142,10.785714285714286,0.6136363636363631,2.689458689458692,8.82506329482784,0.3440169239542279,10.333333333333334,0.3333333333333333,-0.0833333333333333,-0.15,-0.0507792860734036,-0.0610649438190765,0.0,0.0,-0.0462549286479661,0.1862156035523057,0.01584403905052406,1,흑당버블티
8.0,10.035714285714285,-0.2727272727272727,2.8283475783475804,9.204247696487815,0.3565481927550892,10.333333333333334,0.3333333333333333,-0.1517857142857143,-0.1888227513227515,-0.1762094431997343,-0.0223766849174745,0.0333333333333334,-0.5,-0.0625140460268769,0.1862156035523057,0.01584403905052406,0,흑당버블티
8.0,9.285714285714285,-0.2727272727272727,2.805555555555557,9.22225760201445,0.3876500638569604,9.333333333333334,0.0,-0.0568181818181817,0.0265151515151516,-0.0860480421191182,0.0217796015437325,-0.0666666666666666,-1.0,0.0570975755655283,0.1862156035523057,0.01584403905052406,0,흑당버블티
8.0,8.535714285714285,-0.2727272727272727,2.541005291005293,9.122681492472744,0.4409411120770146,10.666666666666666,0.0,-0.0736842105263159,0.0781015037593984,-0.2486792543653802,0.0865609501686084,0.032258064516129,-1.0,0.0630164871982799,0.1862156035523057,0.01584403905052406,0,흑당버블티
8.571428571428571,8.142857142857142,-0.1549295774647887,2.705146705146707,8.66561742704919,0.4707652151769798,10.333333333333334,0.0,0.0963855421686745,0.1532037239868563,0.0058331499009462,-0.0180673908449017,0.0,-1.0,0.3684362087942394,0.1862156035523057,0.01584403905052406,0,흑당버블티
12.0,9.142857142857142,0.5,2.4202464202464222,9.30332825295366,0.4215344459462106,11.0,0.0,0.0340909090909091,0.107775119617225,-0.144289606138007,0.0107646555952258,0.064516129032258,-1.0,0.1822649911333587,0.1862156035523057,0.01584403905052406,0,흑당버블티
12.0,10.142857142857142,0.5,2.3682983682983707,9.37461559740333,0.3727389277389277,10.0,0.0,-0.0989010989010988,-0.1952866410697734,-0.1558540469431555,0.0165206831086133,0.0714285714285714,0.0,-0.0384654550799578,0.1862156035523057,0.01584403905052406,0,흑당버블티
12.0,11.142857142857142,0.5,2.481934731934734,9.47954436161864,0.3552564102564102,9.0,0.6666666666666666,-0.1648351648351648,-0.1989260739260739,-0.0232469248606675,0.0391181989024111,-0.15625,0.0,-0.1943223243960948,0.1862156035523057,0.01584403905052406,0,흑당버블티
8.0,11.0,-0.0666666666666666,2.692760942760945,9.469144681962288,0.3668704323052148,8.333333333333334,0.6666666666666666,-0.0975609756097559,0.0013401232913429,-0.0045785917496441,0.0927259092243026,-0.1935483870967741,0.0,-0.2206934147262913,0.1862156035523057,0.01584403905052406,0,흑당버블티
15.0,11.75,0.25,6.310185185185188,9.415564227720669,0.524092654527437,7.333333333333333,1.0,1.0263157894736843,1.1911509543088492,1.607249052161682,0.012064066935548,-0.3333333333333333,0.0,0.2432973380171004,0.1862156035523057,0.01584403905052406,1,흑당버블티
15.0,12.5,0.25,7.671296296296298,9.408061935140696,0.63206338749817,8.0,0.3333333333333333,1.6216216216216215,1.7191825972313777,2.239159558180225,0.003567755647136,-0.1999999999999999,0.0,0.6957267955143052,0.1862156035523057,0.01584403905052406,1,흑당버블티
15.0,13.25,0.25,11.291666666666666,9.051843425151036,0.7900459041763389,9.333333333333334,2.0,1.155844155844156,0.1295283663704713,3.5495421460436685,-0.0451183010651129,0.0370370370370372,2.0,1.223875154303661,0.1862156035523057,0.01584403905052406,1,흑당버블티
15.0,15.0,0.875,10.946969696969695,9.07030857467494,0.8023019230113052,10.333333333333334,1.6666666666666667,0.8556701030927834,-0.7659515185288381,3.0653329165364145,-0.0421195494084157,0.24,1.5000000000000004,1.1868808504683113,0.1862156035523057,0.01584403905052406,1,흑당버블티
8.0,13.25,-0.4666666666666667,9.835858585858588,9.090945809340775,0.7581567677550387,10.0,1.6666666666666667,-0.0060240963855422,-1.161868252229698,0.5587274061228571,-0.0344767887010074,0.3636363636363637,0.6666666666666667,0.4466082689875748,0.1862156035523057,0.01584403905052406,0,흑당버블티
8.0,11.5,-0.4666666666666667,7.1969696969697,9.108701482140695,0.6974879679558041,8.333333333333334,0.3333333333333333,-0.4083333333333333,-1.2640034364261168,-0.0618313490974926,-0.0318195665657595,0.0416666666666667,0.0,0.1035095241263654,0.1862156035523057,0.01584403905052406,0,흑당버블티
8.0,9.75,-0.4666666666666667,5.388888888888892,8.715041475802648,0.6225776281331836,7.333333333333333,0.6666666666666666,-0.5757575757575758,-0.5697334793720336,-0.5227552275522752,-0.0372081059657489,-0.2142857142857144,-0.6666666666666667,-0.2119728425372309,0.1862156035523057,0.01584403905052406,0,흑당버블티
12.285714285714286,9.071428571428571,-0.1809523809523808,4.888888888888892,8.765052863626249,0.5579685746352413,8.0,1.3333333333333333,-0.3708920187793427,0.0374413145539905,-0.5534025374855822,-0.0336543909763985,-0.2258064516129032,-0.2,-0.3045403997774302,0.1862156035523057,0.01584403905052406,0,흑당버블티
14.000000000000002,10.571428571428571,0.7500000000000002,3.833333333333336,8.817623876097388,0.4335097001763668,8.666666666666666,1.3333333333333333,-0.207142857142857,0.3686147186147187,-0.6102695763799741,-0.0300652912222352,-0.1333333333333334,-0.2,-0.42820572391641,0.1862156035523057,0.01584403905052406,1,흑당버블티
14.000000000000002,12.071428571428571,0.7500000000000002,6.203703703703707,8.817550323992094,0.499300221880867,9.333333333333334,1.3333333333333333,0.3059701492537314,0.6768621680330742,-0.1380116959064327,-0.0319640685030088,0.1199999999999998,3.0,-0.2841450393126998,0.1862156035523057,0.01584403905052406,1,흑당버블티
14.000000000000002,13.571428571428571,0.7500000000000002,7.179894179894183,8.148367489655406,0.5602581723125016,8.0,0.6666666666666666,0.6486486486486487,0.8557915057915058,0.3323514972999508,-0.0650225231538615,0.090909090909091,0.0,-0.1000990928754517,0.1862156035523057,0.01584403905052406,1,흑당버블티
14.000000000000002,14.000000000000002,0.1395348837209302,7.360449735449738,5.041585013976152,0.6262519611323775,7.666666666666667,0.3333333333333333,0.0571428571428571,-0.2488272921108743,0.5055465367965364,-0.424808373387224,-0.0416666666666666,-0.75,0.1223785524870728,0.1862156035523057,0.01584403905052406,1,흑당버블티
11.428571428571429,13.357142857142858,-0.1836734693877552,3.767857142857145,5.780429966412243,0.5224921776490916,7.0,0.0,-0.5519125683060109,-1.2005612169546596,-0.017080745341615,-0.3444458453164802,-0.1923076923076923,-1.0,0.2052606376201584,0.1862156035523057,0.01584403905052406,1,흑당버블티
11.0,12.607142857142858,-0.2142857142857144,3.079545454545457,6.302400019473469,0.496487362170592,8.666666666666666,0.3333333333333333,-0.5621621621621622,-0.6193050193050194,-0.5035956580732699,-0.2852436574901118,-0.0714285714285715,-0.75,-0.0056336039661246,0.1862156035523057,0.01584403905052406,1,흑당버블티
11.0,11.857142857142858,-0.2142857142857144,3.0878787878787897,6.624275045440367,0.5019221447792876,9.333333333333334,1.0,0.0609756097560976,0.6128881780621085,-0.5699269779594024,-0.1870426740264132,0.1666666666666667,0.5,-0.104123474526803,0.1862156035523057,0.01584403905052406,1,흑당버블티
9.285714285714286,10.67857142857143,-0.336734693877551,5.08787878787879,8.423711929787663,0.5371753571753571,8.666666666666666,1.0,0.3703703703703704,0.9325325325325328,-0.308754360025813,0.6708459554754438,0.1304347826086955,2.0,-0.1422376447268183,0.1862156035523057,0.01584403905052406,0,흑당버블티
8.0,9.821428571428571,-0.3,4.815151515151517,9.025627279962444,0.5123713323713323,8.666666666666666,0.6666666666666666,0.1724137931034481,0.1114381833473505,0.2779549044951888,0.561411059801215,0.2380952380952379,0.0,-0.0193703288024277,0.1862156035523057,0.01584403905052406,0,흑당버블티
8.0,9.071428571428571,-0.2727272727272727,4.97348484848485,9.396170246586635,0.5231738015071348,8.0,0.0,-0.099099099099099,-0.4694694694694695,0.6150061500615001,0.490887632894434,-0.0769230769230768,-1.0,0.0537504906869579,0.1862156035523057,0.01584403905052406,0,흑당버블티
8.0,8.321428571428573,-0.2727272727272727,2.936447811447813,9.40721495844643,0.4699544282877615,9.333333333333334,0.0,-0.2058823529411765,-0.3782961460446247,-0.0490404536037509,0.4201123736433048,0.0,-1.0,-0.0636905879209283,0.1862156035523057,0.01584403905052406,0,흑당버블티
8.142857142857142,8.035714285714285,-0.1230769230769232,3.3212962962962984,9.080973143732852,0.4948403531736864,9.0,0.3333333333333333,-0.1,-0.000900900900901,-0.347213950102574,0.0780251294706555,0.0384615384615385,-0.6666666666666667,-0.0788103985713006,0.1862156035523057,0.01584403905052406,0,흑당버블티
9.0,8.285714285714285,0.125,3.6629629629629648,8.598820062443568,0.4855530355530355,9.666666666666666,0.6666666666666666,0.3209876543209875,0.526870007262164,-0.2392839661562128,-0.0472883716865217,0.1153846153846154,0.0,-0.0523415248354696,0.1862156035523057,0.01584403905052406,1,흑당버블티
9.0,8.535714285714285,0.125,4.181481481481484,8.630726435826055,0.5402538902538901,9.666666666666666,0.6666666666666666,0.3444444444444445,0.4444444444444446,-0.1592451552847591,-0.0814633824923132,0.2083333333333332,0.0,0.0326470643169667,0.1862156035523057,0.01584403905052406,1,흑당버블티
9.0,8.785714285714285,0.125,4.059259259259261,9.137471551272755,0.557070707070707,8.333333333333334,0.3333333333333333,-0.02803738317757,-0.3490250374985576,0.3823706464096315,-0.0286740983771696,-0.1071428571428571,0.0,0.1853717584922993,0.1862156035523057,0.01584403905052406,1,흑당버블티
9.0,9.0,0.1052631578947369,3.592592592592594,9.473355567704338,0.5848765432098765,8.666666666666666,0.0,-0.2066115702479339,-0.5510560146923785,0.0816838583774739,0.0432092924140279,-0.037037037037037,-1.0,0.1819499752975637,0.1862156035523057,0.01584403905052406,1,흑당버블티
1.2857142857142858,7.071428571428571,-0.8571428571428571,4.52777777777778,9.485776008535066,0.6018305661983822,8.0,0.3333333333333333,0.0961538461538462,0.1241912293314163,0.236097067745197,0.1031485645298462,-0.1724137931034481,-0.5,0.2394744180991654,0.1862156035523057,0.01584403905052406,0,흑당버블티
0.0,4.821428571428571,-1.0,5.120370370370373,9.500497690976086,0.5643104373739056,8.666666666666666,0.3333333333333333,0.4583333333333332,0.6649449035812672,0.2245349867139061,0.1007761353134331,-0.1034482758620689,-0.5,0.0445282256250116,0.1862156035523057,0.01584403905052406,0,흑당버블티
0.0,2.571428571428572,-1.0,5.01780626780627,9.513224144193778,0.5236341383642732,9.333333333333334,0.3333333333333333,0.2192982456140351,0.1231443994601888,0.2361384053902302,0.0411221628228963,0.1199999999999998,0.0,-0.0600221269616854,0.1862156035523057,0.01584403905052406,0,흑당버블티
0.0,0.3214285714285714,-1.0,3.8511396011396015,9.525852997769691,0.437235670931323,9.666666666666666,0.0,-0.207142857142857,-0.6654761904761903,0.0719666931007136,0.0055415876338817,0.1153846153846154,0.0,-0.2524308317585821,0.1862156035523057,0.01584403905052406,0,흑당버블티
4.714285714285714,1.1785714285714286,2.6666666666666665,3.447435897435899,9.530255724641025,0.42518315018315,10.333333333333334,0.0,-0.2517985611510792,-0.4710968067651143,-0.2386031146767342,0.0046890961863255,0.2916666666666667,-1.0,-0.2935168566313788,0.1862156035523057,0.01584403905052406,0,흑당버블티
11.0,3.928571428571429,0.0,3.640909090909093,9.541455703294632,0.4365384615384615,9.666666666666666,0.0,-0.054054054054054,0.153088803088803,-0.2889363800756205,0.0043111438632787,0.1153846153846154,-1.0,-0.2264214293643905,0.1862156035523057,0.01584403905052406,0,흑당버블티
11.0,6.678571428571429,0.0,3.0878787878787897,9.539089015703553,0.3823992432688084,10.333333333333334,0.3333333333333333,-0.0576923076923077,0.1941062534587715,-0.384615781663333,0.0027188333963055,0.1071428571428572,0.0,-0.2697205639354492,0.1862156035523057,0.01584403905052406,0,흑당버블티
11.0,9.428571428571429,0.0,4.28787878787879,9.273398935669563,0.4826385595081247,10.333333333333334,0.3333333333333333,0.2761904761904761,0.3302445302445301,0.1134051818349952,-0.0265019901272081,0.0689655172413794,0.0,0.1038407696245193,0.1862156035523057,0.01584403905052406,0,흑당버블티
12.0,11.25,1.5454545454545454,3.780303030303033,9.112026533851449,0.3993052261747913,10.666666666666666,0.3333333333333333,0.2142857142857142,0.2719780219780219,0.0965549883363199,-0.0438843618548684,0.032258064516129,0.0,-0.060863004559827,0.1862156035523057,0.01584403905052406,1,흑당버블티
12.0,11.5,0.0909090909090908,4.000000000000002,9.165958083002105,0.44410101010101,10.0,0.0,-0.1194029850746267,-0.3955934612651028,0.0986267166042444,-0.039354332501158,0.0344827586206897,0.0,0.0173238997908602,0.1862156035523057,0.01584403905052406,0,흑당버블티
12.0,11.75,0.0909090909090908,2.1388888888888906,9.10673258893206,0.3192797540623627,10.666666666666666,0.6666666666666666,-0.4453781512605042,-0.6596638655462184,-0.3073274452077198,-0.045324708267187,0.032258064516129,1.0,-0.1650617523897026,0.1862156035523057,0.01584403905052406,1,흑당버블티
10.0,11.5,-0.0909090909090909,3.3888888888888906,8.680826734686411,0.4396501244327331,8.333333333333334,1.0,-0.3389830508474576,-0.2195800657728308,-0.2096584216725558,-0.0639002166405093,-0.1935483870967741,2.0,-0.0890696241079509,0.1862156035523057,0.01584403905052406,0,흑당버블티
10.0,11.0,-0.1666666666666666,2.9166666666666683,8.709424091485818,0.3873268921095008,10.333333333333334,1.0,0.1515151515151513,0.5968933027756556,-0.2284569138276553,-0.0441836336702871,-0.0312499999999998,2.0,-0.0299979396213743,0.1862156035523057,0.01584403905052406,0,흑당버블티
10.571428571428571,10.642857142857142,-0.119047619047619,2.914141414141416,9.28442384581395,0.3534006734006734,10.0,0.6666666666666666,-0.0512820512820512,0.2877009995654064,-0.2714646464646464,0.012924536828456,0.0,0.0,-0.2042335744287251,0.1862156035523057,0.01584403905052406,0,흑당버블티
10.0,10.142857142857142,-0.1666666666666666,1.85858585858586,9.70100600860057,0.2696264229597562,11.333333333333334,0.3333333333333333,-0.1842105263157893,-0.3357256778309407,-0.1310507674144038,0.0652564917071094,0.0625000000000002,-0.5,-0.1555166917752887,0.1862156035523057,0.01584403905052406,0,흑당버블티
10.0,10.142857142857142,0.0,8.323232323232325,9.313401817630112,0.4872872416732066,10.333333333333334,0.6666666666666666,2.6486486486486487,2.6999306999307,1.4560357675111768,0.0728703730966187,0.24,-0.3333333333333333,0.1083523342611085,0.1862156035523057,0.01584403905052406,0,흑당버블티
12.571428571428571,10.785714285714285,0.2571428571428571,9.505050505050509,8.637231771952662,0.6468832012691662,10.333333333333334,0.3333333333333333,3.983870967741935,4.168081494057724,2.2588744588744576,-0.0082889888900611,0.0,-0.6666666666666667,0.6701220969864559,0.1862156035523057,0.01584403905052406,0,흑당버블티
13.0,11.392857142857142,0.2297297297297298,9.768939393939396,7.900441116847039,0.6319537480063796,10.0,0.3333333333333333,0.1592592592592592,-2.4893893893893893,2.352253032928942,-0.1490650095203166,0.0,-0.5,0.7882075377086009,0.1862156035523057,0.01584403905052406,0,흑당버블티
10.0,11.392857142857142,0.0,3.5027056277056303,9.024697204737128,0.4538696488696489,10.333333333333334,0.0,-0.6375404530744336,-4.621411420816369,0.8846079192546583,-0.0697153267675385,-0.088235294117647,-1.0,0.6833277832617775,0.1862156035523057,0.01584403905052406,0,흑당버블티
10.0,11.392857142857142,0.0,2.5267857142857184,9.42339961379582,0.3201984126984127,10.0,0.0,-0.7507987220447284,-0.9100579813039876,-0.6964177357836334,0.0118107001415406,-0.0322580645161291,-1.0,-0.3428959650186162,0.1862156035523057,0.01584403905052406,0,흑당버블티
